{"type":"FeatureCollection","features":[{"type":"Feature","id":1,"properties":{"識別id":1,"利用時間":"09:00-19:00","制限時間":60,"手数料":300,"制限事項1":"日曜・休日を除く","制限事項2":"１月１日〜３日を除く","種別":"パーキング・メーター","普通車":1,"貨物用有り":0,"二輪車":0,"標章車専用有り":0,"都道府県":"東京都","区市町村":"千代田区","町名":"有楽町","町丁目":"有楽町二丁目"},"geometry":{"type":"LineString","coordinates":[[139.762199,35.672987],[139.762062,35.672886],[139.761475,35.67272],[139.761041,35.672596],[139.760927,35.672543],[139.760755,35.67244],[139.760649,35.672357],[139.760568,35.672264],[139.760483,35.672138]]}},{"type":"Feature","id":2,"properties":{"識別id":2,"利用時間":"09:00-19:00","制限時間":60,"手数料":300,"制限事項1":"日曜・休日を除く","制限事項2":"１月１日〜３日を除く","種別":"パーキング・チケット","普通車":1,"貨物用有り":0,"二輪車":0,"標章車専用有り":0,"都道府県":"東京都","区市町村":"杉並区","町名":"和泉","町丁目":"和泉三丁目"},"geometry":{"type":"LineString","coordinates":[[139.646109,35.682517],[139.646904,35.682733]]}},{"type":"Feature","id":3,"properties":{"識別id":3,"利用時間":"09:00-21:00","制限時間":60,"手数料":300,"制限事項2":"１月１日〜３日を除く","種別":"パーキング・メーター","普通車":1,"貨物用有り":1,"二輪車":0,"標章車専用有り":0,"制限事項1":"","都道府県":"東京都","区市町村":"中央区","町名":"銀座","町丁目":"銀座七丁目"},"geometry":{"type":"LineString","coordinates":[[139.759738,35.670289],[139.760307,35.669899],[139.760493,35.669764],[139.762152,35.668589]]}},{"type":"Feature","id":4,"properties":{"識別id":4,"利用時間":"09:00-21:00","制限時間":60,"手数料":300,"制限事項2":"１月１日〜３日を除く","種別":"パーキング・メーター","普通車":1,"貨物用有り":1,"二輪車":0,"標章車専用有り":0,"制限事項1":"","都道府県":"東京都","区市町村":"中央区","町名":"銀座","町丁目":"銀座七丁目"},"geometry":{"type":"LineString","coordinates":[[139.763056,35.669446],[139.760509,35.671231],[139.760321,35.671378]]}},{"type":"Feature","id":5,"properties":{"識別id":5,"利用時間":"09:00-21:00","制限時間":60,"手数料":300,"制限事項2":"１月１日〜３日を除く","種別":"パーキング・メーター","普通車":1,"貨物用有り":1,"二輪車":0,"標章車専用有り":0,"制限事項1":"","都道府県":"東京都","区市町村":"中央区","町名":"銀座","町丁目":"銀座六丁目"},"geometry":{"type":"LineString","coordinates":[[139.765893,35.670237],[139.765046,35.669631],[139.763997,35.668826],[139.762981,35.668041],[139.762106,35.667376]]}},{"type":"Feature","id":6,"properties":{"識別id":6,"利用時間":"09:00-21:00","制限時間":60,"手数料":300,"制限事項2":"１月１日〜３日を除く","種別":"パーキング・メーター","普通車":1,"貨物用有り":1,"二輪車":0,"標章車専用有り":0,"制限事項1":"","都道府県":"東京都","区市町村":"中央区","町名":"銀座","町丁目":"銀座八丁目"},"geometry":{"type":"LineString","coordinates":[[139.766497,35.669884],[139.762612,35.666981],[139.762542,35.666959]]}},{"type":"Feature","id":7,"properties":{"識別id":7,"利用時間":"09:00-21:00","制限時間":60,"手数料":300,"制限事項2":"１月１日〜３日を除く","種別":"パーキング・メーター","普通車":1,"貨物用有り":1,"二輪車":0,"標章車専用有り":0,"制限事項1":"","都道府県":"東京都","区市町村":"中央区","町名":"銀座","町丁目":"銀座七丁目"},"geometry":{"type":"LineString","coordinates":[[139.762283,35.668503],[139.762652,35.668243],[139.762979,35.668003],[139.763424,35.667644],[139.76392,35.667247]]}},{"type":"Feature","id":8,"properties":{"識別id":8,"利用時間":"09:00-21:00","制限時間":60,"手数料":300,"制限事項2":"１月１日〜３日を除く","種別":"パーキング・メーター","普通車":1,"貨物用有り":1,"二輪車":0,"標章車専用有り":0,"制限事項1":"","都道府県":"東京都","区市町村":"中央区","町名":"銀座","町丁目":"銀座七丁目"},"geometry":{"type":"LineString","coordinates":[[139.76495,35.668038],[139.764662,35.668275],[139.764235,35.668603],[139.763577,35.66908],[139.76317,35.669363]]}},{"type":"Feature","id":9,"properties":{"識別id":9,"利用時間":"09:00-21:00","制限時間":60,"手数料":300,"制限事項2":"１月１日〜３日を除く","種別":"パーキング・メーター","普通車":1,"貨物用有り":1,"二輪車":0,"標章車専用有り":0,"制限事項1":"","都道府県":"東京都","区市町村":"中央区","町名":"銀座","町丁目":"銀座五丁目"},"geometry":{"type":"LineString","coordinates":[[139.764153,35.670285],[139.765084,35.669619],[139.765582,35.669246],[139.766003,35.668882]]}},{"type":"Feature","id":10,"properties":{"識別id":10,"利用時間":"09:00-21:00","制限時間":60,"手数料":300,"制限事項2":"１月１日〜３日を除く","種別":"パーキング・メーター","普通車":1,"貨物用有り":1,"二輪車":0,"標章車専用有り":0,"制限事項1":"","都道府県":"東京都","区市町村":"中央区","町名":"銀座","町丁目":"銀座二丁目"},"geometry":{"type":"LineString","coordinates":[[139.764026,35.672195],[139.764364,35.672514],[139.765692,35.673763],[139.76644,35.674474],[139.766949,35.674933],[139.767205,35.675188]]}},{"type":"Feature","id":13,"properties":{"識別id":13,"利用時間":"09:00-21:00","制限時間":60,"手数料":300,"制限事項2":"１月１日〜３日を除く","種別":"パーキング・メーター","普通車":1,"貨物用有り":1,"二輪車":0,"標章車専用有り":0,"制限事項1":"","都道府県":"東京都","区市町村":"中央区","町名":"銀座","町丁目":"銀座二丁目"},"geometry":{"type":"LineString","coordinates":[[139.769544,35.674302],[139.768562,35.673237],[139.767824,35.67231],[139.767026,35.671317],[139.766264,35.67058]]}},{"type":"Feature","id":14,"properties":{"識別id":14,"利用時間":"09:00-19:00","制限時間":60,"手数料":300,"制限事項1":"日曜・休日を除く","制限事項2":"１月１日〜３日を除く","種別":"パーキング・メーター","普通車":1,"貨物用有り":0,"二輪車":0,"標章車専用有り":0,"都道府県":"東京都","区市町村":"中央区","町名":"八重洲","町丁目":"八重洲二丁目"},"geometry":{"type":"LineString","coordinates":[[139.767588,35.675299],[139.767952,35.675878],[139.768404,35.676611]]}},{"type":"Feature","id":15,"properties":{"識別id":15,"利用時間":"09:00-19:00","制限時間":60,"手数料":300,"制限事項1":"日曜・休日を除く","制限事項2":"１月１日〜３日を除く","種別":"パーキング・メーター","普通車":1,"貨物用有り":0,"二輪車":0,"標章車専用有り":0,"都道府県":"東京都","区市町村":"中央区","町名":"京橋","町丁目":"京橋三丁目"},"geometry":{"type":"LineString","coordinates":[[139.766512,35.676013],[139.767096,35.675837],[139.768526,35.67539],[139.768956,35.675391]]}},{"type":"Feature","id":17,"properties":{"識別id":17,"利用時間":"09:00-19:00","制限時間":60,"手数料":300,"制限事項1":"日曜・休日を除く","制限事項2":"１月１日〜３日を除く","種別":"パーキング・メーター","普通車":1,"貨物用有り":1,"二輪車":0,"標章車専用有り":0,"都道府県":"東京都","区市町村":"中央区","町名":"京橋","町丁目":"京橋二丁目"},"geometry":{"type":"LineString","coordinates":[[139.772761,35.678236],[139.7715,35.6762],[139.77124,35.67577]]}},{"type":"Feature","id":22,"properties":{"識別id":22,"利用時間":"09:00-19:00","制限時間":60,"手数料":300,"制限事項1":"日曜・休日を除く","制限事項2":"１月１日〜３日を除く","種別":"パーキング・メーター","普通車":1,"貨物用有り":1,"二輪車":0,"標章車専用有り":0,"都道府県":"東京都","区市町村":"中央区","町名":"京橋","町丁目":"京橋二丁目"},"geometry":{"type":"LineString","coordinates":[[139.770209,35.67668],[139.77201,35.675946]]}},{"type":"Feature","id":23,"properties":{"識別id":23,"利用時間":"09:00-19:00","制限時間":60,"手数料":300,"制限事項1":"日曜・休日を除く","制限事項2":"１月１日〜３日を除く","種別":"パーキング・チケット","普通車":1,"貨物用有り":1,"二輪車":0,"標章車専用有り":0,"都道府県":"東京都","区市町村":"中央区","町名":"京橋","町丁目":"京橋二丁目"},"geometry":{"type":"MultiLineString","coordinates":[[[139.772274,35.677149],[139.77208,35.67723],[139.77086,35.67773]],[[139.77089,35.67777],[139.7722,35.67724],[139.772286,35.677204]]]}},{"type":"Feature","id":26,"properties":{"識別id":26,"利用時間":"09:00-19:00","制限時間":60,"手数料":300,"制限事項1":"日曜・休日を除く","制限事項2":"１月１日〜３日を除く","種別":"パーキング・メーター","普通車":1,"貨物用有り":1,"二輪車":0,"標章車専用有り":0,"都道府県":"東京都","区市町村":"中央区","町名":"八重洲","町丁目":"八重洲一丁目"},"geometry":{"type":"LineString","coordinates":[[139.770514,35.679999],[139.771717,35.681893],[139.772017,35.682396],[139.772341,35.682948]]}},{"type":"Feature","id":27,"properties":{"識別id":27,"利用時間":"09:00-19:00","制限時間":60,"手数料":300,"制限事項1":"日曜・休日を除く","制限事項2":"１月１日〜３日を除く","種別":"パーキング・メーター","普通車":1,"貨物用有り":0,"二輪車":0,"標章車専用有り":0,"都道府県":"東京都","区市町村":"中央区","町名":"八重洲","町丁目":"八重洲一丁目"},"geometry":{"type":"LineString","coordinates":[[139.76965,35.681043],[139.76993,35.680935],[139.772036,35.680062]]}},{"type":"Feature","id":28,"properties":{"識別id":28,"利用時間":"09:00-19:00","制限時間":60,"手数料":300,"制限事項1":"日曜・休日を除く","制限事項2":"１月１日〜３日を除く","種別":"パーキング・メーター","普通車":1,"貨物用有り":1,"二輪車":0,"標章車専用有り":0,"都道府県":"東京都","区市町村":"中央区","町名":"日本橋","町丁目":"日本橋三丁目"},"geometry":{"type":"LineString","coordinates":[[139.772238,35.680379],[139.771547,35.680668],[139.769847,35.681371]]}},{"type":"Feature","id":29,"properties":{"識別id":29,"利用時間":"09:00-19:00","制限時間":40,"手数料":200,"制限事項1":"日曜・休日を除く","制限事項2":"１月１日〜３日を除く","種別":"パーキング・メーター","普通車":1,"貨物用有り":0,"二輪車":0,"標章車専用有り":0,"都道府県":"東京都","区市町村":"中央区","町名":"八重洲","町丁目":"八重洲一丁目"},"geometry":{"type":"MultiLineString","coordinates":[[[139.772499,35.680825],[139.77091,35.681478],[139.770234,35.681736]],[[139.770274,35.68174],[139.770703,35.681581],[139.770927,35.681493],[139.772015,35.681043],[139.772482,35.680849]]]}},{"type":"Feature","id":31,"properties":{"識別id":31,"利用時間":"09:00-19:00","制限時間":60,"手数料":300,"制限事項1":"日曜・休日を除く","制限事項2":"１月１日〜３日を除く","種別":"パーキング・メーター","普通車":1,"貨物用有り":1,"二輪車":0,"標章車専用有り":0,"都道府県":"東京都","区市町村":"中央区","町名":"日本橋","町丁目":"日本橋二丁目"},"geometry":{"type":"LineString","coordinates":[[139.772886,35.681417],[139.772734,35.681497],[139.771757,35.681897],[139.770966,35.682232],[139.770566,35.682386]]}},{"type":"Feature","id":32,"properties":{"識別id":32,"利用時間":"09:00-19:00","制限時間":60,"手数料":300,"制限事項1":"日曜・休日を除く","制限事項2":"１月１日〜３日を除く","種別":"パーキング・メーター","普通車":1,"貨物用有り":0,"二輪車":0,"標章車専用有り":0,"都道府県":"東京都","区市町村":"中央区","町名":"八重洲","町丁目":"八重洲一丁目"},"geometry":{"type":"LineString","coordinates":[[139.770841,35.682905],[139.771299,35.682728],[139.77201,35.682438],[139.773174,35.681964]]}},{"type":"Feature","id":34,"properties":{"識別id":34,"利用時間":"09:00-19:00","制限時間":60,"手数料":300,"制限事項1":"日曜・休日を除く","制限事項2":"１月１日〜３日を除く","種別":"パーキング・メーター","普通車":1,"貨物用有り":0,"二輪車":0,"標章車専用有り":0,"都道府県":"東京都","区市町村":"中央区","町名":"日本橋","町丁目":"日本橋三丁目"},"geometry":{"type":"LineString","coordinates":[[139.772222,35.679996],[139.773027,35.679671],[139.773483,35.679463]]}},{"type":"Feature","id":35,"properties":{"識別id":35,"利用時間":"09:00-19:00","制限時間":60,"手数料":300,"制限事項1":"日曜・休日を除く","制限事項2":"１月１日〜３日を除く","種別":"パーキング・メーター","普通車":1,"貨物用有り":0,"二輪車":0,"標章車専用有り":0,"都道府県":"東京都","区市町村":"中央区","町名":"日本橋","町丁目":"日本橋三丁目"},"geometry":{"type":"LineString","coordinates":[[139.773685,35.679773],[139.772418,35.680304]]}},{"type":"Feature","id":37,"properties":{"識別id":37,"利用時間":"09:00-19:00","制限時間":60,"手数料":300,"制限事項1":"日曜・休日を除く","制限事項2":"１月１日〜３日を除く","種別":"パーキング・メーター","普通車":1,"貨物用有り":0,"二輪車":0,"標章車専用有り":0,"都道府県":"東京都","区市町村":"港区","町名":"新橋","町丁目":"新橋一丁目"},"geometry":{"type":"LineString","coordinates":[[139.755429,35.669166],[139.756715,35.668734],[139.757766,35.668383]]}},{"type":"Feature","id":38,"properties":{"識別id":38,"利用時間":"09:00-19:00","制限時間":60,"手数料":300,"制限事項1":"日曜・休日を除く","制限事項2":"１月１日〜３日を除く","種別":"パーキング・メーター","普通車":1,"貨物用有り":1,"二輪車":0,"標章車専用有り":0,"都道府県":"東京都","区市町村":"港区","町名":"新橋","町丁目":"新橋一丁目"},"geometry":{"type":"LineString","coordinates":[[139.756935,35.66908],[139.755622,35.669489]]}},{"type":"Feature","id":39,"properties":{"識別id":39,"利用時間":"09:00-19:00","制限時間":60,"手数料":300,"制限事項1":"日曜・休日を除く","制限事項2":"１月１日〜３日を除く","種別":"パーキング・メーター","普通車":1,"貨物用有り":0,"二輪車":0,"標章車専用有り":0,"都道府県":"東京都","区市町村":"千代田区","町名":"内幸町","町丁目":"内幸町一丁目"},"geometry":{"type":"LineString","coordinates":[[139.756488,35.668206],[139.757425,35.669989]]}},{"type":"Feature","id":40,"properties":{"識別id":40,"利用時間":"09:00-19:00","制限時間":60,"手数料":300,"制限事項1":"日曜・休日を除く","制限事項2":"１月１日〜３日を除く","種別":"パーキング・メーター","普通車":1,"貨物用有り":0,"二輪車":0,"標章車専用有り":0,"都道府県":"東京都","区市町村":"港区","町名":"新橋","町丁目":"新橋一丁目"},"geometry":{"type":"LineString","coordinates":[[139.758051,35.668673],[139.757923,35.668374]]}},{"type":"Feature","id":41,"properties":{"識別id":41,"利用時間":"09:00-21:00","制限時間":60,"手数料":300,"制限事項2":"１月１日〜３日を除く","種別":"パーキング・メーター","普通車":1,"貨物用有り":1,"二輪車":0,"標章車専用有り":0,"制限事項1":"","都道府県":"東京都","区市町村":"中央区","町名":"銀座","町丁目":"銀座三丁目"},"geometry":{"type":"LineString","coordinates":[[139.764372,35.673152],[139.765201,35.672566],[139.766423,35.671718],[139.766962,35.67133]]}},{"type":"Feature","id":42,"properties":{"識別id":42,"利用時間":"09:00-19:00","制限時間":60,"手数料":300,"制限事項1":"日曜・休日を除く","制限事項2":"１月１日〜３日を除く","種別":"パーキング・メーター","普通車":1,"貨物用有り":1,"二輪車":0,"標章車専用有り":0,"都道府県":"東京都","区市町村":"千代田区","町名":"丸の内","町丁目":"丸の内一丁目"},"geometry":{"type":"LineString","coordinates":[[139.76533,35.68029],[139.76543,35.68019],[139.76564,35.67988],[139.76575,35.6797],[139.76579,35.67963],[139.765692,35.679808],[139.765639,35.679872],[139.765741,35.679708]]}},{"type":"Feature","id":43,"properties":{"識別id":43,"利用時間":"09:00-21:00","制限時間":60,"手数料":300,"制限事項2":"１月１日〜３日を除く","種別":"パーキング・メーター","普通車":1,"貨物用有り":1,"二輪車":0,"標章車専用有り":0,"制限事項1":"","都道府県":"東京都","区市町村":"中央区","町名":"銀座","町丁目":"銀座八丁目"},"geometry":{"type":"LineString","coordinates":[[139.758782,35.668636],[139.758787,35.668715],[139.75881,35.668788],[139.759118,35.669338],[139.759184,35.669474],[139.75956,35.670141],[139.760581,35.67194]]}},{"type":"Feature","id":44,"properties":{"識別id":44,"利用時間":"09:00-19:00","制限時間":60,"手数料":300,"制限事項1":"日曜・休日を除く","制限事項2":"１月１日〜３日を除く","種別":"パーキング・メーター","普通車":1,"貨物用有り":1,"二輪車":0,"標章車専用有り":0,"都道府県":"東京都","区市町村":"千代田区","町名":"丸の内","町丁目":"丸の内一丁目"},"geometry":{"type":"LineString","coordinates":[[139.763844,35.68324],[139.762797,35.683467]]}},{"type":"Feature","id":45,"properties":{"識別id":45,"利用時間":"09:00-19:00","制限時間":60,"手数料":300,"制限事項1":"日曜・休日を除く","制限事項2":"１月１日〜３日を除く","種別":"パーキング・メーター","普通車":1,"貨物用有り":0,"二輪車":0,"標章車専用有り":0,"都道府県":"東京都","区市町村":"中央区","町名":"八重洲","町丁目":"八重洲一丁目"},"geometry":{"type":"MultiLineString","coordinates":[[[139.774126,35.683498],[139.772811,35.683806],[139.771758,35.684051],[139.771638,35.684057],[139.771357,35.684117]],[[139.771496,35.684193],[139.774151,35.683575]]]}},{"type":"Feature","id":56,"properties":{"識別id":56,"利用時間":"09:00-19:00","制限時間":60,"手数料":300,"制限事項1":"日曜・休日を除く","制限事項2":"１月１日〜３日を除く","種別":"パーキング・メーター","普通車":1,"貨物用有り":0,"二輪車":0,"標章車専用有り":0,"都道府県":"東京都","区市町村":"中央区","町名":"日本橋本町","町丁目":"日本橋本町一丁目"},"geometry":{"type":"LineString","coordinates":[[139.77448,35.689005],[139.775016,35.687679],[139.775591,35.686318],[139.775883,35.685619],[139.776241,35.684828]]}},{"type":"Feature","id":57,"properties":{"識別id":57,"利用時間":"09:00-19:00","制限時間":60,"手数料":300,"制限事項1":"日曜・休日を除く","制限事項2":"１月１日〜３日を除く","種別":"パーキング・メーター","普通車":1,"貨物用有り":0,"二輪車":0,"標章車専用有り":0,"都道府県":"東京都","区市町村":"中央区","町名":"日本橋本町","町丁目":"日本橋本町一丁目"},"geometry":{"type":"LineString","coordinates":[[139.774669,35.684934],[139.776637,35.685504]]}},{"type":"Feature","id":60,"properties":{"識別id":60,"利用時間":"09:00-19:00","制限時間":60,"手数料":300,"制限事項1":"日曜・休日を除く","制限事項2":"１月１日〜３日を除く","種別":"パーキング・メーター","普通車":1,"貨物用有り":0,"二輪車":0,"標章車専用有り":0,"都道府県":"東京都","区市町村":"中央区","町名":"日本橋本町","町丁目":"日本橋本町三丁目"},"geometry":{"type":"MultiLineString","coordinates":[[[139.773498,35.687592],[139.775965,35.688399]],[[139.775986,35.688327],[139.77351,35.687527]]]}},{"type":"Feature","id":64,"properties":{"識別id":64,"利用時間":"08:00-20:00","制限時間":60,"手数料":300,"制限事項2":"１月１日〜３日を除く","種別":"パーキング・メーター","普通車":1,"貨物用有り":0,"二輪車":0,"標章車専用有り":0,"制限事項1":"","都道府県":"東京都","区市町村":"千代田区","町名":"内神田","町丁目":"内神田一丁目"},"geometry":{"type":"LineString","coordinates":[[139.76506,35.689938],[139.765516,35.692308]]}},{"type":"Feature","id":66,"properties":{"識別id":66,"利用時間":"08:00-20:00","制限時間":60,"手数料":300,"制限事項2":"１月１日〜３日を除く","種別":"パーキング・メーター","普通車":1,"貨物用有り":0,"二輪車":0,"標章車専用有り":0,"制限事項1":"","都道府県":"東京都","区市町村":"千代田区","町名":"内神田","町丁目":"内神田一丁目"},"geometry":{"type":"LineString","coordinates":[[139.766113,35.689773],[139.766579,35.692191]]}},{"type":"Feature","id":67,"properties":{"識別id":67,"利用時間":"08:00-20:00","制限時間":60,"手数料":300,"制限事項2":"１月１日〜３日を除く","種別":"パーキング・メーター","普通車":1,"貨物用有り":1,"二輪車":0,"標章車専用有り":0,"制限事項1":"","都道府県":"東京都","区市町村":"千代田区","町名":"内神田","町丁目":"内神田一丁目"},"geometry":{"type":"LineString","coordinates":[[139.764729,35.690906],[139.76622,35.690745],[139.767038,35.690663]]}},{"type":"Feature","id":68,"properties":{"識別id":68,"利用時間":"08:00-20:00","制限時間":60,"手数料":300,"制限事項2":"１月１日〜３日を除く","種別":"パーキング・メーター","普通車":1,"貨物用有り":0,"二輪車":0,"標章車専用有り":0,"制限事項1":"","都道府県":"東京都","区市町村":"千代田区","町名":"内神田","町丁目":"内神田二丁目"},"geometry":{"type":"LineString","coordinates":[[139.767739,35.689551],[139.767982,35.69058],[139.768316,35.69194],[139.768187,35.692271]]}},{"type":"Feature","id":69,"properties":{"識別id":69,"利用時間":"08:00-20:00","制限時間":60,"手数料":300,"制限事項2":"１月１日〜３日を除く","種別":"パーキング・メーター","普通車":1,"貨物用有り":1,"二輪車":0,"標章車専用有り":0,"制限事項1":"","都道府県":"東京都","区市町村":"千代田区","町名":"内神田","町丁目":"内神田三丁目"},"geometry":{"type":"LineString","coordinates":[[139.767239,35.690649],[139.768937,35.69047],[139.769815,35.690382],[139.769874,35.69036]]}},{"type":"Feature","id":70,"properties":{"識別id":70,"利用時間":"08:00-20:00","制限時間":60,"手数料":300,"制限事項1":"日曜・休日を除く","制限事項2":"１月１日〜３日を除く","種別":"パーキング・メーター","普通車":1,"貨物用有り":1,"二輪車":0,"標章車専用有り":0,"都道府県":"東京都","区市町村":"千代田区","町名":"内神田","町丁目":"内神田三丁目"},"geometry":{"type":"LineString","coordinates":[[139.769057,35.692517],[139.769128,35.692155],[139.769093,35.691602],[139.769007,35.690766],[139.768976,35.690432],[139.768864,35.689888],[139.768845,35.689794],[139.768849,35.689681],[139.768864,35.689627]]}},{"type":"Feature","id":71,"properties":{"識別id":71,"利用時間":"08:00-20:00","制限時間":60,"手数料":300,"制限事項2":"１月１日〜３日を除く","種別":"パーキング・メーター","普通車":1,"貨物用有り":0,"二輪車":0,"標章車専用有り":0,"制限事項1":"","都道府県":"東京都","区市町村":"千代田区","町名":"内神田","町丁目":"内神田二丁目"},"geometry":{"type":"LineString","coordinates":[[139.767494,35.691709],[139.769006,35.691579],[139.76971,35.691546]]}},{"type":"Feature","id":72,"properties":{"識別id":72,"利用時間":"08:00-20:00","制限時間":60,"手数料":300,"制限事項2":"１月１日〜３日を除く","種別":"パーキング・メーター","普通車":1,"貨物用有り":1,"二輪車":0,"標章車専用有り":0,"制限事項1":"","都道府県":"東京都","区市町村":"千代田区","町名":"神田多町","町丁目":"神田多町二丁目"},"geometry":{"type":"LineString","coordinates":[[139.769269,35.69391],[139.768838,35.694973]]}},{"type":"Feature","id":74,"properties":{"識別id":74,"利用時間":"08:00-20:00","制限時間":60,"手数料":300,"制限事項2":"１月１日〜３日を除く","種別":"パーキング・メーター","普通車":1,"貨物用有り":0,"二輪車":0,"標章車専用有り":0,"制限事項1":"","都道府県":"東京都","区市町村":"千代田区","町名":"神田司町","町丁目":"神田司町二丁目"},"geometry":{"type":"LineString","coordinates":[[139.766204,35.694768],[139.766447,35.694123],[139.766442,35.69399],[139.76634,35.693205],[139.766192,35.692384]]}},{"type":"Feature","id":75,"properties":{"識別id":75,"利用時間":"08:00-20:00","制限時間":60,"手数料":300,"制限事項1":"日曜・休日を除く","制限事項2":"１月１日〜３日を除く","種別":"パーキング・メーター","普通車":1,"貨物用有り":0,"二輪車":0,"標章車専用有り":0,"都道府県":"東京都","区市町村":"千代田区","町名":"神田司町","町丁目":"神田司町二丁目"},"geometry":{"type":"LineString","coordinates":[[139.766609,35.692339],[139.766717,35.692893],[139.766892,35.693787],[139.766977,35.69425]]}},{"type":"Feature","id":76,"properties":{"識別id":76,"利用時間":"08:00-20:00","制限時間":60,"手数料":300,"制限事項2":"１月１日〜３日を除く","種別":"パーキング・メーター","普通車":1,"貨物用有り":1,"二輪車":0,"標章車専用有り":0,"制限事項1":"","都道府県":"東京都","区市町村":"千代田区","町名":"神田美土代町","町丁目":"神田美土代町"},"geometry":{"type":"LineString","coordinates":[[139.767335,35.693342],[139.7663,35.693446],[139.765274,35.693552]]}},{"type":"Feature","id":77,"properties":{"識別id":77,"利用時間":"08:00-20:00","制限時間":60,"手数料":300,"制限事項2":"１月１日〜３日を除く","種別":"パーキング・メーター","普通車":1,"貨物用有り":0,"二輪車":0,"標章車専用有り":0,"制限事項1":"","都道府県":"東京都","区市町村":"千代田区","町名":"神田小川町","町丁目":"神田小川町一丁目"},"geometry":{"type":"LineString","coordinates":[[139.76544,35.693899],[139.767374,35.694415]]}},{"type":"Feature","id":78,"properties":{"識別id":78,"利用時間":"08:00-20:00","制限時間":60,"手数料":300,"制限事項2":"１月１日〜３日を除く","種別":"パーキング・メーター","普通車":1,"貨物用有り":1,"二輪車":0,"標章車専用有り":0,"制限事項1":"","都道府県":"東京都","区市町村":"千代田区","町名":"神田司町","町丁目":"神田司町二丁目"},"geometry":{"type":"MultiLineString","coordinates":[[[139.765054,35.692495],[139.767058,35.692283],[139.767667,35.692236],[139.769655,35.692783],[139.771001,35.693156]],[[139.771052,35.69306],[139.769064,35.692527],[139.767525,35.692096],[139.765031,35.692371]],[[139.758849,35.692901],[139.761093,35.692986],[139.762543,35.692777],[139.764825,35.692511]],[[139.764793,35.692405],[139.763117,35.692592],[139.761183,35.692846]],[[139.760963,35.692856],[139.758875,35.692768]]]}},{"type":"Feature","id":80,"properties":{"識別id":80,"利用時間":"07:00-20:00","制限時間":60,"手数料":300,"制限事項2":"１月１日〜３日を除く","種別":"パーキング・メーター","普通車":1,"貨物用有り":1,"二輪車":0,"標章車専用有り":0,"制限事項1":"","都道府県":"東京都","区市町村":"千代田区","町名":"東神田","町丁目":"東神田二丁目"},"geometry":{"type":"MultiLineString","coordinates":[[[139.776787,35.696525],[139.77735,35.69651],[139.778722,35.696486],[139.77993,35.69646]],[[139.77992,35.69641],[139.77752,35.69645],[139.77577,35.69648]]]}},{"type":"Feature","id":82,"properties":{"識別id":82,"利用時間":"07:00-20:00","制限時間":60,"手数料":300,"制限事項2":"１月１日〜３日を除く","種別":"パーキング・チケット","普通車":1,"貨物用有り":0,"二輪車":0,"標章車専用有り":0,"制限事項1":"","都道府県":"東京都","区市町村":"千代田区","町名":"神田須田町","町丁目":"神田須田町一丁目"},"geometry":{"type":"LineString","coordinates":[[139.768798,35.698038],[139.769254,35.697614],[139.76947,35.697416],[139.769522,35.69733],[139.769842,35.69655],[139.769854,35.696399],[139.770069,35.69588]]}},{"type":"Feature","id":83,"properties":{"識別id":83,"利用時間":"07:00-20:00","制限時間":60,"手数料":300,"制限事項2":"１月１日〜３日を除く","種別":"パーキング・チケット","普通車":1,"貨物用有り":1,"二輪車":0,"標章車専用有り":0,"制限事項1":"","都道府県":"東京都","区市町村":"千代田区","町名":"神田須田町","町丁目":"神田須田町一丁目"},"geometry":{"type":"LineString","coordinates":[[139.769933,35.69591],[139.769754,35.696368],[139.769705,35.696475],[139.769638,35.696668],[139.769633,35.69678]]}},{"type":"Feature","id":84,"properties":{"識別id":84,"利用時間":"07:00-20:00","制限時間":60,"手数料":300,"制限事項2":"１月１日〜３日を除く","種別":"パーキング・メーター","普通車":1,"貨物用有り":0,"二輪車":0,"標章車専用有り":0,"制限事項1":"","都道府県":"東京都","区市町村":"千代田区","町名":"神田須田町","町丁目":"神田須田町二丁目"},"geometry":{"type":"LineString","coordinates":[[139.771597,35.695894],[139.771284,35.696696]]}},{"type":"Feature","id":85,"properties":{"識別id":85,"利用時間":"07:00-20:00","制限時間":60,"手数料":300,"制限事項2":"１月１日〜３日を除く","種別":"パーキング・メーター","普通車":1,"貨物用有り":0,"二輪車":0,"標章車専用有り":0,"制限事項1":"","都道府県":"東京都","区市町村":"千代田区","町名":"神田須田町","町丁目":"神田須田町一丁目"},"geometry":{"type":"LineString","coordinates":[[139.770809,35.695612],[139.771272,35.694463]]}},{"type":"Feature","id":86,"properties":{"識別id":86,"利用時間":"07:00-20:00","制限時間":60,"手数料":300,"制限事項2":"１月１日〜３日を除く","種別":"パーキング・メーター","普通車":1,"貨物用有り":0,"二輪車":0,"標章車専用有り":0,"制限事項1":"","都道府県":"東京都","区市町村":"千代田区","町名":"神田東松下町","町丁目":"神田東松下町"},"geometry":{"type":"LineString","coordinates":[[139.77403,35.693992],[139.773604,35.695061],[139.773616,35.695512]]}},{"type":"Feature","id":87,"properties":{"識別id":87,"利用時間":"07:00-20:00","制限時間":60,"手数料":300,"制限事項2":"１月１日〜３日を除く","種別":"パーキング・メーター","普通車":1,"貨物用有り":1,"二輪車":0,"標章車専用有り":0,"制限事項1":"","都道府県":"東京都","区市町村":"千代田区","町名":"神田東松下町","町丁目":"神田東松下町"},"geometry":{"type":"LineString","coordinates":[[139.774785,35.695484],[139.774654,35.695339],[139.770779,35.694279]]}},{"type":"Feature","id":88,"properties":{"識別id":88,"利用時間":"07:00-20:00","制限時間":60,"手数料":300,"制限事項2":"１月１日〜３日を除く","種別":"パーキング・メーター","普通車":1,"貨物用有り":0,"二輪車":0,"標章車専用有り":0,"制限事項1":"","都道府県":"東京都","区市町村":"千代田区","町名":"内神田","町丁目":"内神田三丁目"},"geometry":{"type":"LineString","coordinates":[[139.769357,35.692596],[139.770164,35.690604]]}},{"type":"Feature","id":91,"properties":{"識別id":91,"利用時間":"09:00-20:00","制限時間":60,"手数料":300,"制限事項2":"１月１日〜３日を除く","種別":"パーキング・メーター","普通車":1,"貨物用有り":0,"二輪車":0,"標章車専用有り":0,"制限事項1":"","都道府県":"東京都","区市町村":"千代田区","町名":"鍛冶町","町丁目":"鍛冶町一丁目"},"geometry":{"type":"LineString","coordinates":[[139.771598,35.688258],[139.770745,35.690319]]}},{"type":"Feature","id":92,"properties":{"識別id":92,"利用時間":"07:00-20:00","制限時間":60,"手数料":300,"制限事項2":"１月１日〜３日を除く","種別":"パーキング・メーター","普通車":1,"貨物用有り":0,"二輪車":0,"標章車専用有り":0,"制限事項1":"","都道府県":"東京都","区市町村":"千代田区","町名":"神田紺屋町","町丁目":"神田紺屋町"},"geometry":{"type":"LineString","coordinates":[[139.772626,35.693468],[139.77347,35.691391]]}},{"type":"Feature","id":93,"properties":{"識別id":93,"利用時間":"09:00-20:00","制限時間":60,"手数料":300,"制限事項1":"日曜・休日を除く","制限事項2":"１月１日〜３日を除く","種別":"パーキング・メーター","普通車":1,"貨物用有り":0,"二輪車":0,"標章車専用有り":0,"都道府県":"東京都","区市町村":"千代田区","町名":"神田北乗物町","町丁目":"神田北乗物町"},"geometry":{"type":"LineString","coordinates":[[139.774665,35.692478],[139.774524,35.692718],[139.774085,35.693864]]}},{"type":"Feature","id":94,"properties":{"識別id":94,"利用時間":"09:00-20:00","制限時間":60,"手数料":300,"制限事項1":"日曜・休日を除く","制限事項2":"１月１日〜３日を除く","種別":"パーキング・メーター","普通車":1,"貨物用有り":0,"二輪車":0,"標章車専用有り":0,"都道府県":"東京都","区市町村":"千代田区","町名":"鍛冶町","町丁目":"鍛冶町二丁目"},"geometry":{"type":"LineString","coordinates":[[139.774762,35.692918],[139.771676,35.692037]]}},{"type":"Feature","id":95,"properties":{"識別id":95,"利用時間":"09:00-20:00","制限時間":60,"手数料":300,"制限事項1":"日曜・休日を除く","制限事項2":"１月１日〜３日を除く","種別":"パーキング・メーター","普通車":1,"貨物用有り":0,"二輪車":0,"標章車専用有り":0,"都道府県":"東京都","区市町村":"千代田区","町名":"鍛冶町","町丁目":"鍛冶町二丁目"},"geometry":{"type":"LineString","coordinates":[[139.773166,35.692029],[139.771835,35.691637]]}},{"type":"Feature","id":96,"properties":{"識別id":96,"利用時間":"07:00-20:00","制限時間":60,"手数料":300,"制限事項2":"１月１日〜３日を除く","種別":"パーキング・メーター","普通車":1,"貨物用有り":0,"二輪車":0,"標章車専用有り":0,"制限事項1":"","都道府県":"東京都","区市町村":"千代田区","町名":"鍛冶町","町丁目":"鍛冶町一丁目"},"geometry":{"type":"LineString","coordinates":[[139.774834,35.691058],[139.772389,35.690268]]}},{"type":"Feature","id":97,"properties":{"識別id":97,"利用時間":"07:00-20:00","制限時間":60,"手数料":300,"制限事項2":"１月１日〜３日を除く","種別":"パーキング・メーター","普通車":1,"貨物用有り":0,"二輪車":0,"標章車専用有り":0,"制限事項1":"","都道府県":"東京都","区市町村":"千代田区","町名":"鍛冶町","町丁目":"鍛冶町一丁目"},"geometry":{"type":"LineString","coordinates":[[139.772208,35.690203],[139.770463,35.689626]]}},{"type":"Feature","id":98,"properties":{"識別id":98,"利用時間":"07:00-20:00","制限時間":60,"手数料":300,"制限事項2":"１月１日〜３日を除く","種別":"パーキング・メーター","普通車":1,"貨物用有り":0,"二輪車":0,"標章車専用有り":0,"制限事項1":"","都道府県":"東京都","区市町村":"千代田区","町名":"内神田","町丁目":"内神田三丁目"},"geometry":{"type":"LineString","coordinates":[[139.769796,35.691552],[139.770163,35.691658]]}},{"type":"Feature","id":99,"properties":{"識別id":99,"利用時間":"09:00-19:00","制限時間":60,"手数料":300,"制限事項1":"日曜・休日を除く","制限事項2":"１月１日〜３日を除く","種別":"パーキング・メーター","普通車":1,"貨物用有り":1,"二輪車":0,"標章車専用有り":0,"都道府県":"東京都","区市町村":"港区","町名":"新橋","町丁目":"新橋二丁目"},"geometry":{"type":"LineString","coordinates":[[139.757422,35.667337],[139.756774,35.666118]]}},{"type":"Feature","id":100,"properties":{"識別id":100,"利用時間":"09:00-19:00","制限時間":60,"手数料":300,"制限事項1":"日曜・休日を除く","制限事項2":"１月１日〜３日を除く","種別":"パーキング・メーター","普通車":1,"貨物用有り":1,"二輪車":0,"標章車専用有り":0,"都道府県":"東京都","区市町村":"港区","町名":"新橋","町丁目":"新橋二丁目"},"geometry":{"type":"LineString","coordinates":[[139.757853,35.66627],[139.757977,35.665745]]}},{"type":"Feature","id":101,"properties":{"識別id":101,"利用時間":"09:00-19:00","制限時間":60,"手数料":300,"制限事項1":"日曜・休日を除く","制限事項2":"１月１日〜３日を除く","種別":"パーキング・メーター","普通車":1,"貨物用有り":1,"二輪車":0,"標章車専用有り":0,"都道府県":"東京都","区市町村":"港区","町名":"新橋","町丁目":"新橋二丁目"},"geometry":{"type":"MultiLineString","coordinates":[[[139.754346,35.666939],[139.755641,35.666504]],[[139.755617,35.666455],[139.754323,35.666888]]]}},{"type":"Feature","id":103,"properties":{"識別id":103,"利用時間":"09:00-19:00","制限時間":60,"手数料":300,"制限事項1":"日曜・休日を除く","制限事項2":"１月１日〜３日を除く","種別":"パーキング・メーター","普通車":1,"貨物用有り":1,"二輪車":0,"標章車専用有り":0,"都道府県":"東京都","区市町村":"港区","町名":"西新橋","町丁目":"西新橋一丁目"},"geometry":{"type":"LineString","coordinates":[[139.751936,35.670176],[139.752455,35.670191],[139.753759,35.669724],[139.755111,35.669267]]}},{"type":"Feature","id":104,"properties":{"識別id":104,"利用時間":"09:00-19:00","制限時間":60,"手数料":300,"制限事項1":"日曜・休日を除く","制限事項2":"１月１日〜３日を除く","種別":"パーキング・メーター","普通車":1,"貨物用有り":0,"二輪車":0,"標章車専用有り":0,"都道府県":"東京都","区市町村":"港区","町名":"新橋","町丁目":"新橋四丁目"},"geometry":{"type":"LineString","coordinates":[[139.754944,35.665157],[139.753709,35.665555]]}},{"type":"Feature","id":105,"properties":{"識別id":105,"利用時間":"09:00-19:00","制限時間":60,"手数料":300,"制限事項1":"日曜・休日を除く","制限事項2":"１月１日〜３日を除く","種別":"パーキング・メーター","普通車":1,"貨物用有り":0,"二輪車":0,"標章車専用有り":0,"都道府県":"東京都","区市町村":"港区","町名":"新橋","町丁目":"新橋四丁目"},"geometry":{"type":"LineString","coordinates":[[139.757326,35.66313],[139.755947,35.663603],[139.754083,35.664253],[139.753235,35.664525]]}},{"type":"Feature","id":106,"properties":{"識別id":106,"利用時間":"09:00-19:00","制限時間":60,"手数料":300,"制限事項1":"日曜・休日を除く","制限事項2":"１月１日〜３日を除く","種別":"パーキング・メーター","普通車":1,"貨物用有り":0,"二輪車":0,"標章車専用有り":0,"都道府県":"東京都","区市町村":"港区","町名":"新橋","町丁目":"新橋五丁目"},"geometry":{"type":"LineString","coordinates":[[139.752972,35.663955],[139.75415,35.663562]]}},{"type":"Feature","id":107,"properties":{"識別id":107,"利用時間":"09:00-19:00","制限時間":60,"手数料":300,"制限事項1":"日曜・休日を除く","制限事項2":"１月１日〜３日を除く","種別":"パーキング・メーター","普通車":1,"貨物用有り":0,"二輪車":0,"標章車専用有り":0,"都道府県":"東京都","区市町村":"港区","町名":"新橋","町丁目":"新橋五丁目"},"geometry":{"type":"LineString","coordinates":[[139.756127,35.661694],[139.755593,35.661993],[139.753782,35.662522]]}},{"type":"Feature","id":108,"properties":{"識別id":108,"利用時間":"09:00-19:00","制限時間":60,"手数料":300,"制限事項1":"日曜・休日を除く","制限事項2":"１月１日〜３日を除く","種別":"パーキング・メーター","普通車":1,"貨物用有り":1,"二輪車":0,"標章車専用有り":0,"都道府県":"東京都","区市町村":"港区","町名":"新橋","町丁目":"新橋二丁目"},"geometry":{"type":"LineString","coordinates":[[139.755646,35.66821],[139.755101,35.667086],[139.754278,35.665429]]}},{"type":"Feature","id":109,"properties":{"識別id":109,"利用時間":"09:00-19:00","制限時間":60,"手数料":300,"制限事項1":"日曜・休日を除く","制限事項2":"１月１日〜３日を除く","種別":"パーキング・メーター","普通車":1,"貨物用有り":0,"二輪車":0,"標章車専用有り":0,"都道府県":"東京都","区市町村":"港区","町名":"新橋","町丁目":"新橋四丁目"},"geometry":{"type":"LineString","coordinates":[[139.756179,35.665094],[139.755838,35.664436]]}},{"type":"Feature","id":110,"properties":{"識別id":110,"利用時間":"09:00-19:00","制限時間":60,"手数料":300,"制限事項1":"日曜・休日を除く","制限事項2":"１月１日〜３日を除く","種別":"パーキング・メーター","普通車":1,"貨物用有り":0,"二輪車":0,"標章車専用有り":0,"都道府県":"東京都","区市町村":"港区","町名":"新橋","町丁目":"新橋六丁目"},"geometry":{"type":"LineString","coordinates":[[139.755143,35.661071],[139.754906,35.661147],[139.753364,35.661619]]}},{"type":"Feature","id":112,"properties":{"識別id":112,"利用時間":"09:00-19:00","制限時間":60,"手数料":300,"制限事項1":"日曜・休日を除く","制限事項2":"１月１日〜３日を除く","種別":"パーキング・メーター","普通車":1,"貨物用有り":1,"二輪車":0,"標章車専用有り":0,"都道府県":"東京都","区市町村":"港区","町名":"西新橋","町丁目":"西新橋一丁目"},"geometry":{"type":"LineString","coordinates":[[139.753484,35.668886],[139.753195,35.668276],[139.75215,35.666174]]}},{"type":"Feature","id":115,"properties":{"識別id":115,"利用時間":"09:00-19:00","制限時間":60,"手数料":300,"制限事項1":"日曜・休日を除く","制限事項2":"１月１日〜３日を除く","種別":"パーキング・メーター","普通車":1,"貨物用有り":1,"二輪車":0,"標章車専用有り":0,"都道府県":"東京都","区市町村":"港区","町名":"西新橋","町丁目":"西新橋一丁目"},"geometry":{"type":"MultiLineString","coordinates":[[[139.750912,35.668077],[139.754128,35.667009]],[[139.754101,35.666948],[139.750885,35.668014]]]}},{"type":"Feature","id":117,"properties":{"識別id":117,"利用時間":"09:00-19:00","制限時間":60,"手数料":300,"制限事項1":"日曜・休日を除く","制限事項2":"１月１日〜３日を除く","種別":"パーキング・メーター","普通車":1,"貨物用有り":1,"二輪車":0,"標章車専用有り":0,"都道府県":"東京都","区市町村":"港区","町名":"新橋","町丁目":"新橋三丁目"},"geometry":{"type":"LineString","coordinates":[[139.757954,35.664478],[139.757495,35.664659],[139.757264,35.66474],[139.755726,35.665255],[139.755193,35.665424]]}},{"type":"Feature","id":118,"properties":{"識別id":118,"利用時間":"08:00-20:00","制限時間":60,"手数料":300,"制限事項2":"１月１日〜３日を除く","種別":"パーキング・メーター","普通車":1,"貨物用有り":0,"二輪車":0,"標章車専用有り":0,"制限事項1":"","都道府県":"東京都","区市町村":"千代田区","町名":"神田錦町","町丁目":"神田錦町三丁目"},"geometry":{"type":"LineString","coordinates":[[139.759677,35.692941],[139.759652,35.693824]]}},{"type":"Feature","id":119,"properties":{"識別id":119,"利用時間":"08:00-20:00","制限時間":60,"手数料":300,"制限事項2":"１月１日〜３日を除く","種別":"パーキング・メーター","普通車":1,"貨物用有り":0,"二輪車":0,"標章車専用有り":0,"制限事項1":"","都道府県":"東京都","区市町村":"千代田区","町名":"神田錦町","町丁目":"神田錦町三丁目"},"geometry":{"type":"LineString","coordinates":[[139.759719,35.691695],[139.759691,35.692793]]}},{"type":"Feature","id":122,"properties":{"識別id":122,"利用時間":"08:00-20:00","制限時間":60,"手数料":300,"制限事項2":"１月１日〜３日を除く","種別":"パーキング・メーター","普通車":1,"貨物用有り":1,"二輪車":0,"標章車専用有り":0,"制限事項1":"","都道府県":"東京都","区市町村":"千代田区","町名":"神田神保町","町丁目":"神田神保町一丁目"},"geometry":{"type":"MultiLineString","coordinates":[[[139.758223,35.699069],[139.758828,35.698413],[139.759391,35.697603],[139.759791,35.697022],[139.759854,35.696937],[139.75995,35.6968],[139.760497,35.696173]],[[139.760443,35.696141],[139.760037,35.696603],[139.7599,35.696769],[139.759441,35.697428],[139.758786,35.698344],[139.758735,35.698432],[139.758352,35.698824],[139.758161,35.699036]]]}},{"type":"Feature","id":124,"properties":{"識別id":124,"利用時間":"08:00-20:00","制限時間":60,"手数料":300,"制限事項2":"１月１日〜３日を除く","種別":"パーキング・メーター","普通車":1,"貨物用有り":1,"二輪車":0,"標章車専用有り":0,"制限事項1":"","都道府県":"東京都","区市町村":"千代田区","町名":"神田三崎町","町丁目":"神田三崎町一丁目"},"geometry":{"type":"LineString","coordinates":[[139.756548,35.701374],[139.755855,35.701553],[139.755578,35.70161],[139.755488,35.701612]]}},{"type":"Feature","id":125,"properties":{"識別id":125,"利用時間":"08:00-20:00","制限時間":60,"手数料":300,"制限事項2":"１月１日〜３日を除く","種別":"パーキング・メーター","普通車":1,"貨物用有り":0,"二輪車":0,"標章車専用有り":0,"制限事項1":"","都道府県":"東京都","区市町村":"千代田区","町名":"神田三崎町","町丁目":"神田三崎町一丁目"},"geometry":{"type":"LineString","coordinates":[[139.755676,35.700986],[139.756562,35.701289]]}},{"type":"Feature","id":126,"properties":{"識別id":126,"利用時間":"08:00-20:00","制限時間":60,"手数料":300,"制限事項2":"１月１日〜３日を除く","種別":"パーキング・メーター","普通車":1,"貨物用有り":0,"二輪車":0,"標章車専用有り":0,"制限事項1":"","都道府県":"東京都","区市町村":"千代田区","町名":"西神田","町丁目":"西神田一丁目"},"geometry":{"type":"LineString","coordinates":[[139.756579,35.699165],[139.75709,35.699363],[139.757525,35.699666]]}},{"type":"Feature","id":127,"properties":{"識別id":127,"利用時間":"08:00-20:00","制限時間":60,"手数料":300,"制限事項2":"１月１日〜３日を除く","種別":"パーキング・メーター","普通車":1,"貨物用有り":1,"二輪車":0,"標章車専用有り":0,"制限事項1":"","都道府県":"東京都","区市町村":"千代田区","町名":"神田駿河台","町丁目":"神田駿河台三丁目"},"geometry":{"type":"LineString","coordinates":[[139.761828,35.696795],[139.762827,35.696413],[139.762905,35.696372],[139.763364,35.696228],[139.764469,35.69616],[139.764886,35.696139]]}},{"type":"Feature","id":128,"properties":{"識別id":128,"利用時間":"08:00-20:00","制限時間":60,"手数料":300,"制限事項2":"１月１日〜３日を除く","種別":"パーキング・メーター","普通車":1,"貨物用有り":1,"二輪車":0,"標章車専用有り":0,"制限事項1":"","都道府県":"東京都","区市町村":"千代田区","町名":"神田駿河台","町丁目":"神田駿河台一丁目"},"geometry":{"type":"LineString","coordinates":[[139.763672,35.697241],[139.762315,35.697739]]}},{"type":"Feature","id":129,"properties":{"識別id":129,"利用時間":"08:00-20:00","制限時間":60,"手数料":300,"制限事項2":"１月１日〜３日を除く","種別":"パーキング・メーター","普通車":1,"貨物用有り":1,"二輪車":0,"標章車専用有り":0,"制限事項1":"","都道府県":"東京都","区市町村":"千代田区","町名":"神田小川町","町丁目":"神田小川町三丁目"},"geometry":{"type":"LineString","coordinates":[[139.76348,35.694493],[139.763367,35.696196]]}},{"type":"Feature","id":130,"properties":{"識別id":130,"利用時間":"08:00-20:00","制限時間":60,"手数料":300,"制限事項2":"１月１日〜３日を除く","種別":"パーキング・メーター","普通車":1,"貨物用有り":1,"二輪車":0,"標章車専用有り":0,"制限事項1":"","都道府県":"東京都","区市町村":"千代田区","町名":"神田小川町","町丁目":"神田小川町三丁目"},"geometry":{"type":"LineString","coordinates":[[139.763456,35.694842],[139.763424,35.694899],[139.76167,35.696283]]}},{"type":"Feature","id":131,"properties":{"識別id":131,"利用時間":"09:00-19:00","制限時間":60,"手数料":300,"制限事項1":"日曜・休日を除く","制限事項2":"１月１日〜３日を除く","種別":"パーキング・メーター","普通車":1,"貨物用有り":0,"二輪車":0,"標章車専用有り":0,"都道府県":"東京都","区市町村":"港区","町名":"虎ノ門","町丁目":"虎ノ門三丁目"},"geometry":{"type":"LineString","coordinates":[[139.747324,35.664686],[139.748273,35.666507]]}},{"type":"Feature","id":132,"properties":{"識別id":132,"利用時間":"09:00-19:00","制限時間":60,"手数料":300,"制限事項1":"日曜・休日を除く","制限事項2":"１月１日〜３日を除く","種別":"パーキング・メーター","普通車":1,"貨物用有り":1,"二輪車":0,"標章車専用有り":0,"都道府県":"東京都","区市町村":"港区","町名":"西新橋","町丁目":"西新橋二丁目"},"geometry":{"type":"LineString","coordinates":[[139.753499,35.665631],[139.750315,35.666699]]}},{"type":"Feature","id":133,"properties":{"識別id":133,"利用時間":"09:00-19:00","制限時間":60,"手数料":300,"制限事項1":"日曜・休日を除く","制限事項2":"１月１日〜３日を除く","種別":"パーキング・メーター","普通車":1,"貨物用有り":0,"二輪車":0,"標章車専用有り":0,"都道府県":"東京都","区市町村":"港区","町名":"西新橋","町丁目":"西新橋二丁目"},"geometry":{"type":"LineString","coordinates":[[139.749982,35.665649],[139.750691,35.66541],[139.752168,35.664929],[139.75301,35.664658]]}},{"type":"Feature","id":134,"properties":{"識別id":134,"利用時間":"08:00-20:00","制限時間":60,"手数料":300,"制限事項2":"１月１日〜３日を除く","種別":"パーキング・メーター","普通車":1,"貨物用有り":1,"二輪車":0,"標章車専用有り":0,"制限事項1":"","都道府県":"東京都","区市町村":"千代田区","町名":"西神田","町丁目":"西神田三丁目"},"geometry":{"type":"LineString","coordinates":[[139.755074,35.696233],[139.754411,35.697463],[139.754364,35.697661],[139.754281,35.697821],[139.754197,35.697938],[139.754005,35.698275],[139.753474,35.699262],[139.752894,35.700303],[139.752072,35.701814]]}},{"type":"Feature","id":135,"properties":{"識別id":135,"利用時間":"08:00-20:00","制限時間":60,"手数料":300,"制限事項2":"１月１日〜３日を除く","種別":"パーキング・メーター","普通車":1,"貨物用有り":0,"二輪車":0,"標章車専用有り":0,"制限事項1":"","都道府県":"東京都","区市町村":"千代田区","町名":"一ツ橋","町丁目":"一ツ橋二丁目"},"geometry":{"type":"LineString","coordinates":[[139.75846,35.693781],[139.756218,35.693559]]}},{"type":"Feature","id":136,"properties":{"識別id":136,"利用時間":"08:00-20:00","制限時間":60,"手数料":300,"制限事項2":"１月１日〜３日を除く","種別":"パーキング・メーター","普通車":1,"貨物用有り":0,"二輪車":0,"標章車専用有り":0,"制限事項1":"","都道府県":"東京都","区市町村":"千代田区","町名":"一ツ橋","町丁目":"一ツ橋二丁目"},"geometry":{"type":"LineString","coordinates":[[139.755864,35.694862],[139.758189,35.694933]]}},{"type":"Feature","id":137,"properties":{"識別id":137,"利用時間":"08:00-20:00","制限時間":60,"手数料":300,"制限事項1":"日曜・休日を除く","制限事項2":"１月１日〜３日を除く","種別":"パーキング・メーター","普通車":1,"貨物用有り":0,"二輪車":0,"標章車専用有り":0,"都道府県":"東京都","区市町村":"千代田区","町名":"神田神保町","町丁目":"神田神保町二丁目"},"geometry":{"type":"LineString","coordinates":[[139.757775,35.696482],[139.75517,35.696414]]}},{"type":"Feature","id":138,"properties":{"識別id":138,"利用時間":"08:00-20:00","制限時間":60,"手数料":300,"制限事項2":"１月１日〜３日を除く","種別":"パーキング・メーター","普通車":1,"貨物用有り":1,"二輪車":0,"標章車専用有り":0,"制限事項1":"","都道府県":"東京都","区市町村":"千代田区","町名":"神田神保町","町丁目":"神田神保町三丁目"},"geometry":{"type":"LineString","coordinates":[[139.752961,35.695816],[139.752876,35.69604],[139.752841,35.696367],[139.752776,35.696843],[139.752727,35.696967],[139.752596,35.697704]]}},{"type":"Feature","id":139,"properties":{"識別id":139,"利用時間":"08:00-20:00","制限時間":60,"手数料":300,"制限事項1":"日曜・休日を除く","制限事項2":"１月１日〜３日を除く","種別":"パーキング・メーター","普通車":1,"貨物用有り":1,"二輪車":0,"標章車専用有り":0,"都道府県":"東京都","区市町村":"千代田区","町名":"神田神保町","町丁目":"神田神保町二丁目"},"geometry":{"type":"LineString","coordinates":[[139.756711,35.698486],[139.755667,35.698052],[139.754533,35.697584]]}},{"type":"Feature","id":140,"properties":{"識別id":140,"利用時間":"08:00-20:00","制限時間":60,"手数料":300,"制限事項2":"１月１日〜３日を除く","種別":"パーキング・メーター","普通車":1,"貨物用有り":0,"二輪車":0,"標章車専用有り":0,"制限事項1":"","都道府県":"東京都","区市町村":"千代田区","町名":"西神田","町丁目":"西神田二丁目"},"geometry":{"type":"LineString","coordinates":[[139.75599,35.699763],[139.75368,35.69915]]}},{"type":"Feature","id":141,"properties":{"識別id":141,"利用時間":"08:00-20:00","制限時間":60,"手数料":300,"制限事項2":"１月１日〜３日を除く","種別":"パーキング・メーター","普通車":1,"貨物用有り":1,"二輪車":0,"標章車専用有り":0,"制限事項1":"","都道府県":"東京都","区市町村":"千代田区","町名":"神田三崎町","町丁目":"神田三崎町二丁目"},"geometry":{"type":"LineString","coordinates":[[139.755244,35.699624],[139.754944,35.700176],[139.754476,35.701096],[139.754083,35.701828]]}},{"type":"Feature","id":142,"properties":{"識別id":142,"利用時間":"08:00-20:00","制限時間":60,"手数料":300,"制限事項2":"１月１日〜３日を除く","種別":"パーキング・メーター","普通車":1,"貨物用有り":0,"二輪車":0,"標章車専用有り":0,"制限事項1":"","都道府県":"東京都","区市町村":"千代田区","町名":"神田三崎町","町丁目":"神田三崎町二丁目"},"geometry":{"type":"LineString","coordinates":[[139.753156,35.700113],[139.754617,35.700624],[139.755406,35.700905]]}},{"type":"Feature","id":143,"properties":{"識別id":143,"利用時間":"08:00-20:00","制限時間":60,"手数料":300,"制限事項2":"１月１日〜３日を除く","種別":"パーキング・メーター","普通車":1,"貨物用有り":0,"二輪車":0,"標章車専用有り":0,"制限事項1":"","都道府県":"東京都","区市町村":"千代田区","町名":"神田三崎町","町丁目":"神田三崎町二丁目"},"geometry":{"type":"LineString","coordinates":[[139.752321,35.701782],[139.754389,35.701122]]}},{"type":"Feature","id":144,"properties":{"識別id":144,"利用時間":"08:00-20:00","制限時間":60,"手数料":300,"制限事項1":"日曜・休日を除く","制限事項2":"１月１日〜３日を除く","種別":"パーキング・メーター","普通車":1,"貨物用有り":0,"二輪車":0,"標章車専用有り":0,"都道府県":"東京都","区市町村":"千代田区","町名":"神田三崎町","町丁目":"神田三崎町二丁目"},"geometry":{"type":"LineString","coordinates":[[139.751921,35.702316],[139.752738,35.702251],[139.753721,35.702176],[139.753906,35.702153],[139.753972,35.70213]]}},{"type":"Feature","id":145,"properties":{"識別id":145,"利用時間":"08:00-20:00","制限時間":60,"手数料":300,"制限事項2":"１月１日〜３日を除く","種別":"パーキング・メーター","普通車":1,"貨物用有り":0,"二輪車":0,"標章車専用有り":0,"制限事項1":"","都道府県":"東京都","区市町村":"千代田区","町名":"神田三崎町","町丁目":"神田三崎町三丁目"},"geometry":{"type":"LineString","coordinates":[[139.753038,35.700024],[139.752148,35.699712]]}},{"type":"Feature","id":146,"properties":{"識別id":146,"利用時間":"08:00-20:00","制限時間":60,"手数料":300,"制限事項2":"１月１日〜３日を除く","種別":"パーキング・メーター","普通車":1,"貨物用有り":1,"二輪車":0,"標章車専用有り":0,"制限事項1":"","都道府県":"東京都","区市町村":"千代田区","町名":"西神田","町丁目":"西神田三丁目"},"geometry":{"type":"MultiLineString","coordinates":[[[139.753106,35.697856],[139.754128,35.697703]],[[139.754135,35.697562],[139.753114,35.697722]]]}},{"type":"Feature","id":148,"properties":{"識別id":148,"利用時間":"08:00-20:00","制限時間":60,"手数料":300,"制限事項2":"１月１日〜３日を除く","種別":"パーキング・メーター","普通車":1,"貨物用有り":0,"二輪車":0,"標章車専用有り":0,"制限事項1":"","都道府県":"東京都","区市町村":"千代田区","町名":"神田錦町","町丁目":"神田錦町一丁目"},"geometry":{"type":"LineString","coordinates":[[139.761733,35.69129],[139.764472,35.690931]]}},{"type":"Feature","id":149,"properties":{"識別id":149,"利用時間":"08:00-20:00","制限時間":60,"手数料":300,"制限事項2":"１月１日〜３日を除く","種別":"パーキング・メーター","普通車":1,"貨物用有り":0,"二輪車":0,"標章車専用有り":0,"制限事項1":"","都道府県":"東京都","区市町村":"千代田区","町名":"神田小川町","町丁目":"神田小川町二丁目"},"geometry":{"type":"MultiLineString","coordinates":[[[139.763872,35.693738],[139.763917,35.694245]],[[139.763676,35.692654],[139.763856,35.69368]]]}},{"type":"Feature","id":150,"properties":{"識別id":150,"利用時間":"08:00-20:00","制限時間":60,"手数料":300,"制限事項2":"１月１日〜３日を除く","種別":"パーキング・メーター","普通車":1,"貨物用有り":1,"二輪車":0,"標章車専用有り":0,"制限事項1":"","都道府県":"東京都","区市町村":"千代田区","町名":"神田錦町","町丁目":"神田錦町一丁目"},"geometry":{"type":"LineString","coordinates":[[139.763686,35.69252],[139.763296,35.690496]]}},{"type":"Feature","id":151,"properties":{"識別id":151,"利用時間":"08:00-20:00","制限時間":60,"手数料":300,"制限事項2":"１月１日〜３日を除く","種別":"パーキング・メーター","普通車":1,"貨物用有り":1,"二輪車":0,"標章車専用有り":0,"制限事項1":"","都道府県":"東京都","区市町村":"千代田区","町名":"神田錦町","町丁目":"神田錦町二丁目"},"geometry":{"type":"LineString","coordinates":[[139.765008,35.693572],[139.76391,35.693683],[139.762784,35.6938],[139.761246,35.693836]]}},{"type":"Feature","id":153,"properties":{"識別id":153,"利用時間":"08:00-20:00","制限時間":60,"手数料":300,"制限事項2":"１月１日〜３日を除く","種別":"パーキング・メーター","普通車":1,"貨物用有り":0,"二輪車":0,"標章車専用有り":0,"制限事項1":"","都道府県":"東京都","区市町村":"千代田区","町名":"神田錦町","町丁目":"神田錦町三丁目"},"geometry":{"type":"LineString","coordinates":[[139.762137,35.690778],[139.762511,35.692662]]}},{"type":"Feature","id":154,"properties":{"識別id":154,"利用時間":"08:00-20:00","制限時間":60,"手数料":300,"制限事項1":"日曜・休日を除く","制限事項2":"１月１日〜３日を除く","種別":"パーキング・メーター","普通車":1,"貨物用有り":0,"二輪車":0,"標章車専用有り":0,"都道府県":"東京都","区市町村":"千代田区","町名":"神田淡路町","町丁目":"神田淡路町一丁目"},"geometry":{"type":"LineString","coordinates":[[139.76621,35.695501],[139.766634,35.696281]]}},{"type":"Feature","id":155,"properties":{"識別id":155,"利用時間":"08:00-20:00","制限時間":60,"手数料":300,"制限事項1":"日曜・休日を除く","制限事項2":"１月１日〜３日を除く","種別":"パーキング・メーター","普通車":1,"貨物用有り":0,"二輪車":0,"標章車専用有り":0,"都道府県":"東京都","区市町村":"千代田区","町名":"神田淡路町","町丁目":"神田淡路町一丁目"},"geometry":{"type":"LineString","coordinates":[[139.765322,35.695105],[139.767382,35.69592]]}},{"type":"Feature","id":156,"properties":{"識別id":156,"利用時間":"08:00-20:00","制限時間":60,"手数料":300,"制限事項1":"日曜・休日を除く","制限事項2":"１月１日〜３日を除く","種別":"パーキング・メーター","普通車":1,"貨物用有り":0,"二輪車":0,"標章車専用有り":0,"都道府県":"東京都","区市町村":"千代田区","町名":"神田小川町","町丁目":"神田小川町一丁目"},"geometry":{"type":"LineString","coordinates":[[139.766453,35.695107],[139.766258,35.695437]]}},{"type":"Feature","id":157,"properties":{"識別id":157,"利用時間":"09:00-19:00","制限時間":60,"手数料":300,"制限事項2":"１月１日〜３日を除く","種別":"パーキング・メーター","普通車":1,"貨物用有り":0,"二輪車":0,"標章車専用有り":0,"制限事項1":"","都道府県":"東京都","区市町村":"千代田区","町名":"外神田","町丁目":"外神田一丁目"},"geometry":{"type":"LineString","coordinates":[[139.770429,35.698105],[139.770465,35.698325],[139.770525,35.698813],[139.77059,35.699319],[139.770616,35.699655]]}},{"type":"Feature","id":158,"properties":{"識別id":158,"利用時間":"09:00-19:00","制限時間":60,"手数料":300,"制限事項2":"１月１日〜３日を除く","種別":"パーキング・メーター","普通車":1,"貨物用有り":0,"二輪車":0,"標章車専用有り":0,"制限事項1":"","都道府県":"東京都","区市町村":"千代田区","町名":"外神田","町丁目":"外神田一丁目"},"geometry":{"type":"LineString","coordinates":[[139.76971,35.69972],[139.769655,35.69939],[139.76958,35.698748]]}},{"type":"Feature","id":159,"properties":{"識別id":159,"利用時間":"09:00-19:00","制限時間":60,"手数料":300,"制限事項2":"１月１日〜３日を除く","種別":"パーキング・メーター","普通車":1,"貨物用有り":0,"二輪車":0,"標章車専用有り":0,"制限事項1":"","都道府県":"東京都","区市町村":"千代田区","町名":"外神田","町丁目":"外神田一丁目"},"geometry":{"type":"LineString","coordinates":[[139.769585,35.698583],[139.770457,35.698506],[139.771131,35.698453]]}},{"type":"Feature","id":160,"properties":{"識別id":160,"利用時間":"09:00-19:00","制限時間":60,"手数料":300,"制限事項2":"１月１日〜３日を除く","種別":"パーキング・メーター","普通車":1,"貨物用有り":0,"二輪車":0,"標章車専用有り":0,"制限事項1":"","都道府県":"東京都","区市町村":"千代田区","町名":"外神田","町丁目":"外神田一丁目"},"geometry":{"type":"LineString","coordinates":[[139.769239,35.699471],[139.769621,35.699434],[139.769675,35.699415],[139.770581,35.699348]]}},{"type":"Feature","id":164,"properties":{"識別id":164,"利用時間":"07:00-20:00","制限時間":60,"手数料":300,"制限事項2":"１月１日〜３日を除く","種別":"パーキング・メーター","普通車":1,"貨物用有り":0,"二輪車":0,"標章車専用有り":0,"制限事項1":"","都道府県":"東京都","区市町村":"千代田区","町名":"東神田","町丁目":"東神田二丁目"},"geometry":{"type":"LineString","coordinates":[[139.779898,35.695953],[139.778435,35.696008]]}},{"type":"Feature","id":166,"properties":{"識別id":166,"利用時間":"07:00-20:00","制限時間":60,"手数料":300,"制限事項2":"１月１日〜３日を除く","種別":"パーキング・メーター","普通車":1,"貨物用有り":0,"二輪車":0,"標章車専用有り":0,"制限事項1":"","都道府県":"東京都","区市町村":"中央区","町名":"日本橋馬喰町","町丁目":"日本橋馬喰町二丁目"},"geometry":{"type":"LineString","coordinates":[[139.7837,35.695176],[139.783847,35.695854]]}},{"type":"Feature","id":170,"properties":{"識別id":170,"利用時間":"07:00-20:00","制限時間":60,"手数料":300,"制限事項2":"１月１日〜３日を除く","種別":"パーキング・メーター","普通車":1,"貨物用有り":0,"二輪車":0,"標章車専用有り":0,"制限事項1":"","都道府県":"東京都","区市町村":"中央区","町名":"日本橋小伝馬町","町丁目":"日本橋小伝馬町"},"geometry":{"type":"LineString","coordinates":[[139.77833,35.691787],[139.778931,35.691093]]}},{"type":"Feature","id":171,"properties":{"識別id":171,"利用時間":"07:00-20:00","制限時間":60,"手数料":300,"制限事項2":"１月１日〜３日を除く","種別":"パーキング・メーター","普通車":1,"貨物用有り":0,"二輪車":0,"標章車専用有り":0,"制限事項1":"","都道府県":"東京都","区市町村":"千代田区","町名":"岩本町","町丁目":"岩本町一丁目"},"geometry":{"type":"LineString","coordinates":[[139.777393,35.691989],[139.776408,35.691598],[139.775166,35.691198]]}},{"type":"Feature","id":172,"properties":{"識別id":172,"利用時間":"07:00-20:00","制限時間":60,"手数料":300,"制限事項2":"１月１日〜３日を除く","種別":"パーキング・メーター","普通車":1,"貨物用有り":0,"二輪車":0,"標章車専用有り":0,"制限事項1":"","都道府県":"東京都","区市町村":"中央区","町名":"日本橋小伝馬町","町丁目":"日本橋小伝馬町"},"geometry":{"type":"LineString","coordinates":[[139.776771,35.691197],[139.777679,35.691564]]}},{"type":"Feature","id":173,"properties":{"識別id":173,"利用時間":"07:00-20:00","制限時間":60,"手数料":300,"制限事項2":"１月１日〜３日を除く","種別":"パーキング・メーター","普通車":1,"貨物用有り":0,"二輪車":0,"標章車専用有り":0,"制限事項1":"","都道府県":"東京都","区市町村":"中央区","町名":"日本橋小伝馬町","町丁目":"日本橋小伝馬町"},"geometry":{"type":"LineString","coordinates":[[139.777827,35.691632],[139.778948,35.6921]]}},{"type":"Feature","id":174,"properties":{"識別id":174,"利用時間":"07:00-20:00","制限時間":60,"手数料":300,"制限事項2":"１月１日〜３日を除く","種別":"パーキング・メーター","普通車":1,"貨物用有り":0,"二輪車":0,"標章車専用有り":0,"制限事項1":"","都道府県":"東京都","区市町村":"中央区","町名":"日本橋小伝馬町","町丁目":"日本橋小伝馬町"},"geometry":{"type":"LineString","coordinates":[[139.779056,35.692104],[139.780166,35.692757],[139.781116,35.693479]]}},{"type":"Feature","id":175,"properties":{"識別id":175,"利用時間":"07:00-20:00","制限時間":60,"手数料":300,"制限事項2":"１月１日〜３日を除く","種別":"パーキング・メーター","普通車":1,"貨物用有り":0,"二輪車":0,"標章車専用有り":0,"制限事項1":"","都道府県":"東京都","区市町村":"中央区","町名":"日本橋馬喰町","町丁目":"日本橋馬喰町一丁目"},"geometry":{"type":"LineString","coordinates":[[139.781195,35.695108],[139.781948,35.694478],[139.782164,35.694309],[139.782417,35.694096],[139.782484,35.69405],[139.782799,35.693784]]}},{"type":"Feature","id":176,"properties":{"識別id":176,"利用時間":"07:00-20:00","制限時間":60,"手数料":300,"制限事項2":"１月１日〜３日を除く","種別":"パーキング・メーター","普通車":1,"貨物用有り":0,"二輪車":0,"標章車専用有り":0,"制限事項1":"","都道府県":"東京都","区市町村":"千代田区","町名":"東神田","町丁目":"東神田一丁目"},"geometry":{"type":"LineString","coordinates":[[139.781063,35.695184],[139.780976,35.6951],[139.780178,35.69451]]}},{"type":"Feature","id":177,"properties":{"識別id":177,"利用時間":"09:00-17:30","制限時間":60,"手数料":300,"制限事項1":"日曜・休日を除く","制限事項2":"１月１日〜３日を除く","種別":"パーキング・メーター","普通車":1,"貨物用有り":0,"二輪車":0,"標章車専用有り":0,"都道府県":"東京都","区市町村":"千代田区","町名":"東神田","町丁目":"東神田一丁目"},"geometry":{"type":"LineString","coordinates":[[139.780712,35.694043],[139.78165,35.69474]]}},{"type":"Feature","id":178,"properties":{"識別id":178,"利用時間":"07:00-20:00","制限時間":60,"手数料":300,"制限事項2":"１月１日〜３日を除く","種別":"パーキング・メーター","普通車":1,"貨物用有り":0,"二輪車":0,"標章車専用有り":0,"制限事項1":"","都道府県":"東京都","区市町村":"中央区","町名":"日本橋馬喰町","町丁目":"日本橋馬喰町一丁目"},"geometry":{"type":"LineString","coordinates":[[139.783599,35.694913],[139.7815,35.69336]]}},{"type":"Feature","id":179,"properties":{"識別id":179,"利用時間":"07:00-20:00","制限時間":60,"手数料":300,"制限事項2":"１月１日〜３日を除く","種別":"パーキング・メーター","普通車":1,"貨物用有り":1,"二輪車":0,"標章車専用有り":0,"制限事項1":"","都道府県":"東京都","区市町村":"中央区","町名":"日本橋馬喰町","町丁目":"日本橋馬喰町一丁目"},"geometry":{"type":"LineString","coordinates":[[139.78124,35.693575],[139.782738,35.694675],[139.782816,35.695037]]}},{"type":"Feature","id":180,"properties":{"識別id":180,"利用時間":"07:00-20:00","制限時間":60,"手数料":300,"制限事項2":"１月１日〜３日を除く","種別":"パーキング・メーター","普通車":1,"貨物用有り":0,"二輪車":0,"標章車専用有り":0,"制限事項1":"","都道府県":"東京都","区市町村":"千代田区","町名":"神田須田町","町丁目":"神田須田町一丁目"},"geometry":{"type":"LineString","coordinates":[[139.768657,35.695996],[139.769718,35.696424]]}},{"type":"Feature","id":181,"properties":{"識別id":181,"利用時間":"09:00-21:00","制限時間":60,"手数料":300,"制限事項2":"１月１日〜３日を除く","種別":"パーキング・メーター","普通車":1,"貨物用有り":1,"二輪車":0,"標章車専用有り":0,"制限事項1":"","都道府県":"東京都","区市町村":"中央区","町名":"銀座","町丁目":"銀座三丁目"},"geometry":{"type":"LineString","coordinates":[[139.768705,35.671648],[139.767832,35.672235],[139.767328,35.672583],[139.766138,35.673417],[139.765716,35.673713],[139.765102,35.674144]]}},{"type":"Feature","id":182,"properties":{"識別id":182,"利用時間":"09:00-21:00","制限時間":60,"手数料":300,"制限事項2":"１月１日〜３日を除く","種別":"パーキング・メーター","普通車":1,"貨物用有り":1,"二輪車":0,"標章車専用有り":0,"制限事項1":"","都道府県":"東京都","区市町村":"中央区","町名":"銀座","町丁目":"銀座三丁目"},"geometry":{"type":"LineString","coordinates":[[139.76813,35.670522],[139.769192,35.669745],[139.769521,35.669517]]}},{"type":"Feature","id":183,"properties":{"識別id":183,"利用時間":"09:00-21:00","制限時間":60,"手数料":300,"制限事項2":"１月１日〜３日を除く","種別":"パーキング・メーター","普通車":1,"貨物用有り":1,"二輪車":0,"標章車専用有り":0,"制限事項1":"","都道府県":"東京都","区市町村":"中央区","町名":"銀座","町丁目":"銀座三丁目"},"geometry":{"type":"LineString","coordinates":[[139.769967,35.670771],[139.769894,35.670718],[139.7695,35.670381],[139.769011,35.669959],[139.768923,35.669812],[139.767997,35.669032]]}},{"type":"Feature","id":184,"properties":{"識別id":184,"利用時間":"09:00-21:00","制限時間":60,"手数料":300,"制限事項2":"１月１日〜３日を除く","種別":"パーキング・メーター","普通車":1,"貨物用有り":1,"二輪車":0,"標章車専用有り":0,"制限事項1":"","都道府県":"東京都","区市町村":"中央区","町名":"銀座","町丁目":"銀座一丁目"},"geometry":{"type":"LineString","coordinates":[[139.769349,35.67128],[139.770963,35.67294]]}},{"type":"Feature","id":185,"properties":{"識別id":185,"利用時間":"09:00-21:00","制限時間":60,"手数料":300,"制限事項2":"１月１日〜３日を除く","種別":"パーキング・メーター","普通車":1,"貨物用有り":1,"二輪車":0,"標章車専用有り":0,"制限事項1":"","都道府県":"東京都","区市町村":"中央区","町名":"銀座","町丁目":"銀座一丁目"},"geometry":{"type":"LineString","coordinates":[[139.769865,35.672465],[139.771173,35.671596],[139.771626,35.671411]]}},{"type":"Feature","id":186,"properties":{"識別id":186,"利用時間":"09:00-19:00","制限時間":60,"手数料":300,"制限事項1":"日曜・休日を除く","制限事項2":"１月１日〜３日を除く","種別":"パーキング・メーター","普通車":1,"貨物用有り":1,"二輪車":0,"標章車専用有り":0,"都道府県":"東京都","区市町村":"中央区","町名":"新富","町丁目":"新富二丁目"},"geometry":{"type":"LineString","coordinates":[[139.77545,35.671479],[139.774629,35.671687],[139.774191,35.671812],[139.772702,35.67223]]}},{"type":"Feature","id":187,"properties":{"識別id":187,"利用時間":"09:00-19:00","制限時間":60,"手数料":300,"制限事項1":"日曜・休日を除く","制限事項2":"１月１日〜３日を除く","種別":"パーキング・メーター","普通車":1,"貨物用有り":1,"二輪車":0,"標章車専用有り":0,"都道府県":"東京都","区市町村":"中央区","町名":"新富","町丁目":"新富一丁目"},"geometry":{"type":"MultiLineString","coordinates":[[[139.769784,35.667515],[139.771442,35.668866],[139.772102,35.669431],[139.772914,35.670532],[139.773243,35.671064],[139.774083,35.672958],[139.774108,35.673033],[139.774169,35.673941]],[[139.7743,35.673925],[139.774292,35.67384],[139.774233,35.673797],[139.774225,35.673642],[139.774233,35.673165],[139.774217,35.67303],[139.774155,35.672868],[139.773327,35.671017],[139.773078,35.670578],[139.772173,35.669357],[139.771525,35.668814],[139.769849,35.667449]]]}},{"type":"Feature","id":189,"properties":{"識別id":189,"利用時間":"09:00-19:00","制限時間":60,"手数料":300,"制限事項1":"日曜・休日を除く","制限事項2":"１月１日〜３日を除く","種別":"パーキング・メーター","普通車":1,"貨物用有り":1,"二輪車":0,"標章車専用有り":0,"都道府県":"東京都","区市町村":"中央区","町名":"新富","町丁目":"新富一丁目"},"geometry":{"type":"LineString","coordinates":[[139.774017,35.672534],[139.775679,35.67206]]}},{"type":"Feature","id":190,"properties":{"識別id":190,"利用時間":"09:00-19:00","制限時間":60,"手数料":300,"制限事項1":"日曜・休日を除く","制限事項2":"１月１日〜３日を除く","種別":"パーキング・メーター","普通車":1,"貨物用有り":0,"二輪車":0,"標章車専用有り":0,"都道府県":"東京都","区市町村":"中央区","町名":"八丁堀","町丁目":"八丁堀三丁目"},"geometry":{"type":"LineString","coordinates":[[139.777211,35.675423],[139.775658,35.675948],[139.775192,35.676116],[139.77446,35.676405]]}},{"type":"Feature","id":192,"properties":{"識別id":192,"利用時間":"09:00-19:00","制限時間":60,"手数料":300,"制限事項1":"日曜・休日を除く","制限事項2":"１月１日〜３日を除く","種別":"パーキング・メーター","普通車":1,"貨物用有り":0,"二輪車":0,"標章車専用有り":0,"都道府県":"東京都","区市町村":"中央区","町名":"八丁堀","町丁目":"八丁堀二丁目"},"geometry":{"type":"LineString","coordinates":[[139.775273,35.67702],[139.776817,35.676381],[139.77761,35.676063]]}},{"type":"Feature","id":193,"properties":{"識別id":193,"利用時間":"09:00-19:00","制限時間":60,"手数料":300,"制限事項1":"日曜・休日を除く","制限事項2":"１月１日〜３日を除く","種別":"パーキング・メーター","普通車":1,"貨物用有り":0,"二輪車":0,"標章車専用有り":0,"都道府県":"東京都","区市町村":"中央区","町名":"日本橋兜町","町丁目":"日本橋兜町"},"geometry":{"type":"LineString","coordinates":[[139.774812,35.679847],[139.776992,35.678964],[139.778937,35.678196]]}},{"type":"Feature","id":194,"properties":{"識別id":194,"利用時間":"09:00-19:00","制限時間":60,"手数料":300,"制限事項1":"日曜・休日を除く","制限事項2":"１月１日〜３日を除く","種別":"パーキング・メーター","普通車":1,"貨物用有り":0,"二輪車":0,"標章車専用有り":0,"都道府県":"東京都","区市町村":"中央区","町名":"日本橋茅場町","町丁目":"日本橋茅場町三丁目"},"geometry":{"type":"LineString","coordinates":[[139.777993,35.678011],[139.776897,35.678466]]}},{"type":"Feature","id":195,"properties":{"識別id":195,"利用時間":"09:00-19:00","制限時間":60,"手数料":300,"制限事項1":"日曜・休日を除く","制限事項2":"１月１日〜３日を除く","種別":"パーキング・メーター","普通車":1,"貨物用有り":0,"二輪車":0,"標章車専用有り":0,"都道府県":"東京都","区市町村":"中央区","町名":"日本橋茅場町","町丁目":"日本橋茅場町三丁目"},"geometry":{"type":"LineString","coordinates":[[139.775612,35.678493],[139.776662,35.678067],[139.777782,35.677573],[139.778356,35.677329]]}},{"type":"Feature","id":196,"properties":{"識別id":196,"利用時間":"09:00-19:00","制限時間":60,"手数料":300,"制限事項1":"日曜・休日を除く","制限事項2":"１月１日〜３日を除く","種別":"パーキング・メーター","普通車":1,"貨物用有り":0,"二輪車":0,"標章車専用有り":0,"都道府県":"東京都","区市町村":"中央区","町名":"日本橋兜町","町丁目":"日本橋兜町"},"geometry":{"type":"LineString","coordinates":[[139.776626,35.678328],[139.775734,35.678704]]}},{"type":"Feature","id":197,"properties":{"識別id":197,"利用時間":"09:00-19:00","制限時間":60,"手数料":300,"制限事項1":"日曜・休日を除く","制限事項2":"１月１日〜３日を除く","種別":"パーキング・メーター","普通車":1,"貨物用有り":0,"二輪車":0,"標章車専用有り":0,"都道府県":"東京都","区市町村":"中央区","町名":"日本橋茅場町","町丁目":"日本橋茅場町二丁目"},"geometry":{"type":"LineString","coordinates":[[139.777667,35.679619],[139.779373,35.678898]]}},{"type":"Feature","id":199,"properties":{"識別id":199,"利用時間":"09:00-19:00","制限時間":60,"手数料":300,"制限事項1":"日曜・休日を除く","制限事項2":"１月１日〜３日を除く","種別":"パーキング・メーター","普通車":1,"貨物用有り":0,"二輪車":0,"標章車専用有り":0,"都道府県":"東京都","区市町村":"中央区","町名":"日本橋兜町","町丁目":"日本橋兜町"},"geometry":{"type":"LineString","coordinates":[[139.777688,35.682042],[139.777214,35.681287]]}},{"type":"Feature","id":200,"properties":{"識別id":200,"利用時間":"09:00-19:00","制限時間":60,"手数料":300,"制限事項1":"日曜・休日を除く","制限事項2":"１月１日〜３日を除く","種別":"パーキング・メーター","普通車":1,"貨物用有り":0,"二輪車":0,"標章車専用有り":0,"都道府県":"東京都","区市町村":"中央区","町名":"日本橋","町丁目":"日本橋一丁目"},"geometry":{"type":"LineString","coordinates":[[139.776527,35.681557],[139.77704,35.68235],[139.77776,35.683497]]}},{"type":"Feature","id":201,"properties":{"識別id":201,"利用時間":"09:00-19:00","制限時間":60,"手数料":300,"制限事項1":"日曜・休日を除く","制限事項2":"１月１日〜３日を除く","種別":"パーキング・メーター","普通車":1,"貨物用有り":0,"二輪車":0,"標章車専用有り":0,"都道府県":"東京都","区市町村":"中央区","町名":"日本橋兜町","町丁目":"日本橋兜町"},"geometry":{"type":"LineString","coordinates":[[139.780186,35.680401],[139.779374,35.681135],[139.77903,35.681453],[139.778846,35.681596],[139.778418,35.681777],[139.777702,35.682046]]}},{"type":"Feature","id":202,"properties":{"識別id":202,"利用時間":"09:00-19:00","制限時間":60,"手数料":300,"制限事項1":"日曜・休日を除く","制限事項2":"１月１日〜３日を除く","種別":"パーキング・メーター","普通車":1,"貨物用有り":0,"二輪車":0,"標章車専用有り":0,"都道府県":"東京都","区市町村":"中央区","町名":"日本橋大伝馬町","町丁目":"日本橋大伝馬町"},"geometry":{"type":"LineString","coordinates":[[139.779542,35.689623],[139.779933,35.68988],[139.782904,35.691918]]}},{"type":"Feature","id":203,"properties":{"識別id":203,"利用時間":"09:00-19:00","制限時間":60,"手数料":300,"制限事項1":"日曜・休日を除く","制限事項2":"１月１日〜３日を除く","種別":"パーキング・メーター","普通車":1,"貨物用有り":1,"二輪車":0,"標章車専用有り":0,"都道府県":"東京都","区市町村":"中央区","町名":"日本橋堀留町","町丁目":"日本橋堀留町二丁目"},"geometry":{"type":"LineString","coordinates":[[139.783605,35.691275],[139.78257,35.690563],[139.781082,35.689596],[139.780049,35.689027]]}},{"type":"Feature","id":204,"properties":{"識別id":204,"利用時間":"09:00-19:00","制限時間":60,"手数料":300,"制限事項1":"日曜・休日を除く","制限事項2":"１月１日〜３日を除く","種別":"パーキング・メーター","普通車":1,"貨物用有り":0,"二輪車":0,"標章車専用有り":0,"都道府県":"東京都","区市町村":"中央区","町名":"日本橋富沢町","町丁目":"日本橋富沢町"},"geometry":{"type":"LineString","coordinates":[[139.781414,35.689381],[139.782418,35.690024]]}},{"type":"Feature","id":205,"properties":{"識別id":205,"利用時間":"09:00-19:00","制限時間":60,"手数料":300,"制限事項1":"日曜・休日を除く","制限事項2":"１月１日〜３日を除く","種別":"パーキング・メーター","普通車":1,"貨物用有り":0,"二輪車":0,"標章車専用有り":0,"都道府県":"東京都","区市町村":"中央区","町名":"東日本橋","町丁目":"東日本橋三丁目"},"geometry":{"type":"LineString","coordinates":[[139.780609,35.688366],[139.78424,35.69069]]}},{"type":"Feature","id":207,"properties":{"識別id":207,"利用時間":"09:00-19:00","制限時間":60,"手数料":300,"制限事項1":"日曜・休日を除く","制限事項2":"１月１日〜３日を除く","種別":"パーキング・メーター","普通車":1,"貨物用有り":0,"二輪車":0,"標章車専用有り":0,"都道府県":"東京都","区市町村":"中央区","町名":"日本橋富沢町","町丁目":"日本橋富沢町"},"geometry":{"type":"LineString","coordinates":[[139.783678,35.688727],[139.782553,35.688007],[139.7815,35.6873]]}},{"type":"Feature","id":208,"properties":{"識別id":208,"利用時間":"09:00-19:00","制限時間":60,"手数料":300,"制限事項1":"日曜・休日を除く","制限事項2":"１月１日〜３日を除く","種別":"パーキング・メーター","普通車":1,"貨物用有り":1,"二輪車":0,"標章車専用有り":0,"都道府県":"東京都","区市町村":"中央区","町名":"日本橋富沢町","町丁目":"日本橋富沢町"},"geometry":{"type":"LineString","coordinates":[[139.779692,35.69132],[139.781638,35.689037]]}},{"type":"Feature","id":209,"properties":{"識別id":209,"利用時間":"09:00-19:00","制限時間":60,"手数料":300,"制限事項1":"日曜・休日を除く","制限事項2":"１月１日〜３日を除く","種別":"パーキング・メーター","普通車":1,"貨物用有り":0,"二輪車":0,"標章車専用有り":0,"都道府県":"東京都","区市町村":"中央区","町名":"日本橋堀留町","町丁目":"日本橋堀留町二丁目"},"geometry":{"type":"LineString","coordinates":[[139.783307,35.687072],[139.781667,35.688944]]}},{"type":"Feature","id":210,"properties":{"識別id":210,"利用時間":"09:00-19:00","制限時間":60,"手数料":300,"制限事項1":"日曜・休日を除く","制限事項2":"１月１日〜３日を除く","種別":"パーキング・メーター","普通車":1,"貨物用有り":0,"二輪車":0,"標章車専用有り":0,"都道府県":"東京都","区市町村":"中央区","町名":"日本橋人形町","町丁目":"日本橋人形町一丁目"},"geometry":{"type":"LineString","coordinates":[[139.78183,35.684834],[139.782939,35.685482]]}},{"type":"Feature","id":211,"properties":{"識別id":211,"利用時間":"09:00-19:00","制限時間":60,"手数料":300,"制限事項1":"日曜・休日を除く","制限事項2":"１月１日〜３日を除く","種別":"パーキング・メーター","普通車":1,"貨物用有り":0,"二輪車":0,"標章車専用有り":0,"都道府県":"東京都","区市町村":"中央区","町名":"日本橋人形町","町丁目":"日本橋人形町二丁目"},"geometry":{"type":"LineString","coordinates":[[139.785503,35.68443],[139.784738,35.685315],[139.784457,35.685761],[139.783387,35.686961]]}},{"type":"Feature","id":212,"properties":{"識別id":212,"利用時間":"09:00-19:00","制限時間":60,"手数料":300,"制限事項1":"日曜・休日を除く","制限事項2":"１月１日〜３日を除く","種別":"パーキング・メーター","普通車":1,"貨物用有り":0,"二輪車":0,"標章車専用有り":0,"都道府県":"東京都","区市町村":"中央区","町名":"日本橋人形町","町丁目":"日本橋人形町二丁目"},"geometry":{"type":"LineString","coordinates":[[139.782816,35.686585],[139.783649,35.685649],[139.784941,35.684155]]}},{"type":"Feature","id":213,"properties":{"識別id":213,"利用時間":"09:00-19:00","制限時間":60,"手数料":300,"制限事項1":"日曜・休日を除く","制限事項2":"１月１日〜３日を除く","種別":"パーキング・メーター","普通車":1,"貨物用有り":1,"二輪車":0,"標章車専用有り":0,"都道府県":"東京都","区市町村":"中央区","町名":"日本橋人形町","町丁目":"日本橋人形町二丁目"},"geometry":{"type":"LineString","coordinates":[[139.785778,35.686489],[139.784543,35.685752],[139.783846,35.685349],[139.783464,35.685113]]}},{"type":"Feature","id":214,"properties":{"識別id":214,"利用時間":"09:00-19:00","制限時間":60,"手数料":300,"制限事項1":"日曜・休日を除く","制限事項2":"１月１日〜３日を除く","種別":"パーキング・メーター","普通車":1,"貨物用有り":0,"二輪車":0,"標章車専用有り":0,"都道府県":"東京都","区市町村":"中央区","町名":"日本橋人形町","町丁目":"日本橋人形町二丁目"},"geometry":{"type":"LineString","coordinates":[[139.784115,35.684367],[139.784556,35.684609]]}},{"type":"Feature","id":215,"properties":{"識別id":215,"利用時間":"09:00-19:00","制限時間":60,"手数料":300,"制限事項1":"日曜・休日を除く","制限事項2":"１月１日〜３日を除く","種別":"パーキング・メーター","普通車":1,"貨物用有り":0,"二輪車":0,"標章車専用有り":0,"都道府県":"東京都","区市町村":"中央区","町名":"日本橋大伝馬町","町丁目":"日本橋大伝馬町"},"geometry":{"type":"LineString","coordinates":[[139.778837,35.690207],[139.777509,35.689313],[139.776156,35.688859]]}},{"type":"Feature","id":216,"properties":{"識別id":216,"利用時間":"09:00-19:00","制限時間":60,"手数料":300,"制限事項1":"日曜・休日を除く","制限事項2":"１月１日〜３日を除く","種別":"パーキング・メーター","普通車":1,"貨物用有り":0,"二輪車":0,"標章車専用有り":0,"都道府県":"東京都","区市町村":"中央区","町名":"日本橋堀留町","町丁目":"日本橋堀留町一丁目"},"geometry":{"type":"LineString","coordinates":[[139.777956,35.690342],[139.779319,35.688885],[139.779687,35.688048],[139.77974,35.687919],[139.780298,35.686616]]}},{"type":"Feature","id":217,"properties":{"識別id":217,"利用時間":"09:00-19:00","制限時間":60,"手数料":300,"制限事項1":"日曜・休日を除く","制限事項2":"１月１日〜３日を除く","種別":"パーキング・メーター","普通車":1,"貨物用有り":0,"二輪車":0,"標章車専用有り":0,"都道府県":"東京都","区市町村":"中央区","町名":"日本橋小舟町","町丁目":"日本橋小舟町"},"geometry":{"type":"LineString","coordinates":[[139.776592,35.68971],[139.776981,35.688772],[139.777572,35.687457],[139.77819,35.686],[139.778621,35.685005]]}},{"type":"Feature","id":218,"properties":{"識別id":218,"利用時間":"09:00-19:00","制限時間":60,"手数料":300,"制限事項1":"日曜・休日を除く","制限事項2":"１月１日〜３日を除く","種別":"パーキング・メーター","普通車":1,"貨物用有り":0,"二輪車":0,"標章車専用有り":0,"都道府県":"東京都","区市町村":"中央区","町名":"日本橋本町","町丁目":"日本橋本町三丁目"},"geometry":{"type":"MultiLineString","coordinates":[[[139.776329,35.688529],[139.777591,35.688932]],[[139.777617,35.688874],[139.776369,35.688461]]]}},{"type":"Feature","id":220,"properties":{"識別id":220,"利用時間":"09:00-19:00","制限時間":60,"手数料":300,"制限事項1":"日曜・休日を除く","制限事項2":"１月１日〜３日を除く","種別":"パーキング・メーター","普通車":1,"貨物用有り":1,"二輪車":0,"標章車専用有り":0,"都道府県":"東京都","区市町村":"中央区","町名":"日本橋小舟町","町丁目":"日本橋小舟町"},"geometry":{"type":"LineString","coordinates":[[139.779871,35.688999],[139.779282,35.688814],[139.778211,35.688456],[139.776591,35.68788]]}},{"type":"Feature","id":221,"properties":{"識別id":221,"利用時間":"09:00-19:00","制限時間":60,"手数料":300,"制限事項1":"日曜・休日を除く","制限事項2":"１月１日〜３日を除く","種別":"パーキング・メーター","普通車":1,"貨物用有り":1,"二輪車":0,"標章車専用有り":0,"都道府県":"東京都","区市町村":"中央区","町名":"日本橋堀留町","町丁目":"日本橋堀留町一丁目"},"geometry":{"type":"MultiLineString","coordinates":[[[139.776839,35.687204],[139.780236,35.688156],[139.780489,35.688273]],[[139.780527,35.688231],[139.780243,35.688086],[139.776867,35.68714]]]}},{"type":"Feature","id":223,"properties":{"識別id":223,"利用時間":"09:00-19:00","制限時間":60,"手数料":300,"制限事項1":"日曜・休日を除く","制限事項2":"１月１日〜３日を除く","種別":"パーキング・メーター","普通車":1,"貨物用有り":0,"二輪車":0,"標章車専用有り":0,"都道府県":"東京都","区市町村":"中央区","町名":"日本橋堀留町","町丁目":"日本橋堀留町一丁目"},"geometry":{"type":"LineString","coordinates":[[139.777096,35.685652],[139.779716,35.686414],[139.780284,35.686592],[139.781352,35.687256]]}},{"type":"Feature","id":224,"properties":{"識別id":224,"利用時間":"09:00-19:00","制限時間":60,"手数料":300,"制限事項1":"日曜・休日を除く","制限事項2":"１月１日〜３日を除く","種別":"パーキング・メーター","普通車":1,"貨物用有り":0,"二輪車":0,"標章車専用有り":0,"都道府県":"東京都","区市町村":"中央区","町名":"日本橋堀留町","町丁目":"日本橋堀留町一丁目"},"geometry":{"type":"LineString","coordinates":[[139.781636,35.686133],[139.780883,35.687006],[139.780391,35.687562]]}},{"type":"Feature","id":225,"properties":{"識別id":225,"利用時間":"09:00-19:00","制限時間":60,"手数料":300,"制限事項1":"日曜・休日を除く","制限事項2":"１月１日〜３日を除く","種別":"パーキング・メーター","普通車":1,"貨物用有り":0,"二輪車":0,"標章車専用有り":0,"都道府県":"東京都","区市町村":"中央区","町名":"日本橋人形町","町丁目":"日本橋人形町三丁目"},"geometry":{"type":"LineString","coordinates":[[139.780224,35.685419],[139.779784,35.686396],[139.778921,35.688683]]}},{"type":"Feature","id":226,"properties":{"識別id":226,"利用時間":"09:00-19:00","制限時間":60,"手数料":300,"制限事項1":"日曜・休日を除く","制限事項2":"１月１日〜３日を除く","種別":"パーキング・メーター","普通車":1,"貨物用有り":0,"二輪車":0,"標章車専用有り":0,"都道府県":"東京都","区市町村":"中央区","町名":"日本橋小舟町","町丁目":"日本橋小舟町"},"geometry":{"type":"LineString","coordinates":[[139.778177,35.688435],[139.779181,35.686094],[139.779558,35.685223]]}},{"type":"Feature","id":227,"properties":{"識別id":227,"利用時間":"09:00-19:00","制限時間":60,"手数料":300,"制限事項1":"日曜・休日を除く","制限事項2":"１月１日〜３日を除く","種別":"パーキング・メーター","普通車":1,"貨物用有り":0,"二輪車":0,"標章車専用有り":0,"都道府県":"東京都","区市町村":"中央区","町名":"日本橋人形町","町丁目":"日本橋人形町一丁目"},"geometry":{"type":"LineString","coordinates":[[139.783935,35.683654],[139.782936,35.684757],[139.781814,35.685997]]}},{"type":"Feature","id":228,"properties":{"識別id":228,"利用時間":"09:00-19:00","制限時間":60,"手数料":300,"制限事項1":"日曜・休日を除く","制限事項2":"１月１日〜３日を除く","種別":"パーキング・メーター","普通車":1,"貨物用有り":0,"二輪車":0,"標章車専用有り":0,"都道府県":"東京都","区市町村":"中央区","町名":"日本橋人形町","町丁目":"日本橋人形町一丁目"},"geometry":{"type":"LineString","coordinates":[[139.781121,35.685655],[139.781799,35.684854],[139.782368,35.684191],[139.782608,35.683917],[139.782788,35.683686],[139.783152,35.683267]]}},{"type":"Feature","id":229,"properties":{"識別id":229,"利用時間":"09:00-19:00","制限時間":60,"手数料":300,"制限事項1":"日曜・休日を除く","制限事項2":"１月１日〜３日を除く","種別":"パーキング・メーター","普通車":1,"貨物用有り":0,"二輪車":0,"標章車専用有り":0,"都道府県":"東京都","区市町村":"中央区","町名":"日本橋蛎殻町","町丁目":"日本橋蛎殻町一丁目"},"geometry":{"type":"LineString","coordinates":[[139.782272,35.682862],[139.782021,35.683184],[139.781408,35.683906]]}},{"type":"Feature","id":230,"properties":{"識別id":230,"利用時間":"09:00-19:00","制限時間":60,"手数料":300,"制限事項1":"日曜・休日を除く","制限事項2":"１月１日〜３日を除く","種別":"パーキング・メーター","普通車":1,"貨物用有り":0,"二輪車":0,"標章車専用有り":0,"都道府県":"東京都","区市町村":"中央区","町名":"日本橋小網町","町丁目":"日本橋小網町"},"geometry":{"type":"MultiLineString","coordinates":[[[139.781555,35.68256],[139.781047,35.6832],[139.780427,35.683614],[139.778697,35.684697],[139.778553,35.684857]],[[139.778744,35.684865],[139.778771,35.684787],[139.780446,35.683755],[139.781235,35.683188],[139.781701,35.682588]]]}},{"type":"Feature","id":232,"properties":{"識別id":232,"利用時間":"09:00-19:00","制限時間":60,"手数料":300,"制限事項1":"日曜・休日を除く","制限事項2":"１月１日〜３日を除く","種別":"パーキング・メーター","普通車":1,"貨物用有り":0,"二輪車":0,"標章車専用有り":0,"都道府県":"東京都","区市町村":"中央区","町名":"日本橋小網町","町丁目":"日本橋小網町"},"geometry":{"type":"LineString","coordinates":[[139.780491,35.682473],[139.78047,35.682739],[139.7803,35.683501],[139.7803,35.683571],[139.780338,35.683662]]}},{"type":"Feature","id":233,"properties":{"識別id":233,"利用時間":"09:00-19:00","制限時間":60,"手数料":300,"制限事項1":"日曜・休日を除く","制限事項2":"１月１日〜３日を除く","種別":"パーキング・メーター","普通車":1,"貨物用有り":0,"二輪車":0,"標章車専用有り":0,"都道府県":"東京都","区市町村":"中央区","町名":"日本橋小網町","町丁目":"日本橋小網町"},"geometry":{"type":"LineString","coordinates":[[139.781075,35.681596],[139.780938,35.681726],[139.780565,35.682217],[139.780489,35.682288]]}},{"type":"Feature","id":234,"properties":{"識別id":234,"利用時間":"09:00-19:00","制限時間":60,"手数料":300,"制限事項1":"日曜・休日を除く","制限事項2":"１月１日〜３日を除く","種別":"パーキング・メーター","普通車":1,"貨物用有り":0,"二輪車":0,"標章車専用有り":0,"都道府県":"東京都","区市町村":"中央区","町名":"日本橋蛎殻町","町丁目":"日本橋蛎殻町一丁目"},"geometry":{"type":"LineString","coordinates":[[139.783286,35.683118],[139.78368,35.682644],[139.784713,35.681421],[139.785243,35.680815]]}},{"type":"Feature","id":235,"properties":{"識別id":235,"利用時間":"09:00-19:00","制限時間":60,"手数料":300,"制限事項1":"日曜・休日を除く","制限事項2":"１月１日〜３日を除く","種別":"パーキング・メーター","普通車":1,"貨物用有り":0,"二輪車":0,"標章車専用有り":0,"都道府県":"東京都","区市町村":"中央区","町名":"日本橋蛎殻町","町丁目":"日本橋蛎殻町一丁目"},"geometry":{"type":"LineString","coordinates":[[139.784009,35.683465],[139.784786,35.682515],[139.785162,35.682102]]}},{"type":"Feature","id":236,"properties":{"識別id":236,"利用時間":"09:00-19:00","制限時間":60,"手数料":300,"制限事項1":"日曜・休日を除く","制限事項2":"１月１日〜３日を除く","種別":"パーキング・メーター","普通車":1,"貨物用有り":0,"二輪車":0,"標章車専用有り":0,"都道府県":"東京都","区市町村":"中央区","町名":"日本橋蛎殻町","町丁目":"日本橋蛎殻町一丁目"},"geometry":{"type":"LineString","coordinates":[[139.785341,35.682683],[139.784805,35.682436],[139.78417,35.682145],[139.782783,35.681398]]}},{"type":"Feature","id":237,"properties":{"識別id":237,"利用時間":"09:00-19:00","制限時間":60,"手数料":300,"制限事項1":"日曜・休日を除く","制限事項2":"１月１日〜３日を除く","種別":"パーキング・メーター","普通車":1,"貨物用有り":0,"二輪車":0,"標章車専用有り":0,"都道府県":"東京都","区市町村":"中央区","町名":"日本橋蛎殻町","町丁目":"日本橋蛎殻町一丁目"},"geometry":{"type":"LineString","coordinates":[[139.783596,35.68276],[139.78428,35.683095],[139.784741,35.683365]]}},{"type":"Feature","id":238,"properties":{"識別id":238,"利用時間":"09:00-19:00","制限時間":60,"手数料":300,"制限事項1":"日曜・休日を除く","制限事項2":"１月１日〜３日を除く","種別":"パーキング・メーター","普通車":1,"貨物用有り":0,"二輪車":0,"標章車専用有り":0,"都道府県":"東京都","区市町村":"中央区","町名":"日本橋蛎殻町","町丁目":"日本橋蛎殻町一丁目"},"geometry":{"type":"LineString","coordinates":[[139.781453,35.682949],[139.782787,35.683634]]}},{"type":"Feature","id":241,"properties":{"識別id":241,"利用時間":"09:00-19:00","制限時間":60,"手数料":300,"制限事項2":"１月１日〜３日を除く","種別":"パーキング・メーター","普通車":1,"貨物用有り":0,"二輪車":0,"標章車専用有り":0,"制限事項1":"","都道府県":"東京都","区市町村":"台東区","町名":"上野","町丁目":"上野一丁目"},"geometry":{"type":"LineString","coordinates":[[139.771951,35.705899],[139.771997,35.706392]]}},{"type":"Feature","id":242,"properties":{"識別id":242,"利用時間":"09:00-19:00","制限時間":60,"手数料":300,"制限事項2":"１月１日〜３日を除く","種別":"パーキング・メーター","普通車":1,"貨物用有り":0,"二輪車":0,"標章車専用有り":0,"制限事項1":"","都道府県":"東京都","区市町村":"文京区","町名":"湯島","町丁目":"湯島三丁目"},"geometry":{"type":"LineString","coordinates":[[139.771987,35.706401],[139.770092,35.706532]]}},{"type":"Feature","id":243,"properties":{"識別id":243,"利用時間":"09:00-19:00","制限時間":60,"手数料":300,"制限事項2":"１月１日〜３日を除く","種別":"パーキング・メーター","普通車":1,"貨物用有り":1,"二輪車":0,"標章車専用有り":0,"制限事項1":"","都道府県":"東京都","区市町村":"台東区","町名":"上野","町丁目":"上野三丁目"},"geometry":{"type":"LineString","coordinates":[[139.77269,35.705119],[139.772757,35.705695],[139.772811,35.706274]]}},{"type":"Feature","id":245,"properties":{"識別id":245,"利用時間":"09:00-19:00","制限時間":60,"手数料":300,"制限事項2":"１月１日〜３日を除く","種別":"パーキング・メーター","普通車":1,"貨物用有り":1,"二輪車":0,"標章車専用有り":0,"制限事項1":"","都道府県":"東京都","区市町村":"台東区","町名":"上野","町丁目":"上野三丁目"},"geometry":{"type":"LineString","coordinates":[[139.77256,35.706359],[139.773372,35.70618],[139.774266,35.705992],[139.774716,35.705959],[139.775884,35.705896]]}},{"type":"Feature","id":246,"properties":{"識別id":246,"利用時間":"09:00-19:00","制限時間":60,"手数料":300,"制限事項2":"１月１日〜３日を除く","種別":"パーキング・メーター","普通車":1,"貨物用有り":0,"二輪車":0,"標章車専用有り":0,"制限事項1":"","都道府県":"東京都","区市町村":"台東区","町名":"上野","町丁目":"上野五丁目"},"geometry":{"type":"LineString","coordinates":[[139.775714,35.704223],[139.774035,35.704332],[139.772097,35.70447]]}},{"type":"Feature","id":247,"properties":{"識別id":247,"利用時間":"09:00-19:00","制限時間":60,"手数料":300,"制限事項1":"日曜・休日を除く","制限事項2":"１月１日〜３日を除く","種別":"パーキング・メーター","普通車":1,"貨物用有り":0,"二輪車":0,"標章車専用有り":0,"都道府県":"東京都","区市町村":"台東区","町名":"台東","町丁目":"台東三丁目"},"geometry":{"type":"LineString","coordinates":[[139.780013,35.707145],[139.779889,35.706017],[139.779783,35.705016],[139.779669,35.703978],[139.779507,35.702428]]}},{"type":"Feature","id":248,"properties":{"識別id":248,"利用時間":"09:00-19:00","制限時間":60,"手数料":300,"制限事項1":"日曜・休日を除く","制限事項2":"１月１日〜３日を除く","種別":"パーキング・メーター","普通車":1,"貨物用有り":0,"二輪車":0,"標章車専用有り":0,"都道府県":"東京都","区市町村":"台東区","町名":"台東","町丁目":"台東四丁目"},"geometry":{"type":"LineString","coordinates":[[139.776368,35.70586],[139.777849,35.70573],[139.779789,35.70556],[139.781602,35.705412]]}},{"type":"Feature","id":249,"properties":{"識別id":249,"利用時間":"09:00-19:00","制限時間":60,"手数料":300,"制限事項1":"日曜・休日を除く","制限事項2":"１月１日〜３日を除く","種別":"パーキング・メーター","普通車":1,"貨物用有り":0,"二輪車":0,"標章車専用有り":0,"都道府県":"東京都","区市町村":"台東区","町名":"台東","町丁目":"台東三丁目"},"geometry":{"type":"LineString","coordinates":[[139.777142,35.702603],[139.777458,35.705712]]}},{"type":"Feature","id":250,"properties":{"識別id":250,"利用時間":"09:00-19:00","制限時間":60,"手数料":300,"制限事項1":"日曜・休日を除く","制限事項2":"１月１日〜３日を除く","種別":"パーキング・メーター","普通車":1,"貨物用有り":0,"二輪車":0,"標章車専用有り":0,"都道府県":"東京都","区市町村":"台東区","町名":"台東","町丁目":"台東三丁目"},"geometry":{"type":"MultiLineString","coordinates":[[[139.776127,35.704227],[139.777731,35.704086],[139.779566,35.703965],[139.781248,35.703869]],[[139.781237,35.703829],[139.779614,35.703927],[139.777341,35.704088],[139.776178,35.704178]]]}},{"type":"Feature","id":252,"properties":{"識別id":252,"利用時間":"09:00-19:00","制限時間":60,"手数料":300,"制限事項1":"日曜・休日を除く","制限事項2":"１月１日〜３日を除く","種別":"パーキング・メーター","普通車":1,"貨物用有り":0,"二輪車":0,"標章車専用有り":0,"都道府県":"東京都","区市町村":"台東区","町名":"台東","町丁目":"台東一丁目"},"geometry":{"type":"LineString","coordinates":[[139.776955,35.700514],[139.777049,35.701578],[139.777127,35.702446]]}},{"type":"Feature","id":253,"properties":{"識別id":253,"利用時間":"09:00-19:00","制限時間":60,"手数料":300,"制限事項1":"日曜・休日を除く","制限事項2":"１月１日〜３日を除く","種別":"パーキング・メーター","普通車":1,"貨物用有り":0,"二輪車":0,"標章車専用有り":0,"都道府県":"東京都","区市町村":"台東区","町名":"台東","町丁目":"台東一丁目"},"geometry":{"type":"LineString","coordinates":[[139.775862,35.701622],[139.776984,35.701527],[139.778365,35.701419],[139.780659,35.701139]]}},{"type":"Feature","id":254,"properties":{"識別id":254,"利用時間":"09:00-19:00","制限時間":60,"手数料":300,"制限事項1":"日曜・休日を除く","制限事項2":"１月１日〜３日を除く","種別":"パーキング・メーター","普通車":1,"貨物用有り":0,"二輪車":0,"標章車専用有り":0,"都道府県":"東京都","区市町村":"千代田区","町名":"神田和泉町","町丁目":"神田和泉町"},"geometry":{"type":"MultiLineString","coordinates":[[[139.775845,35.70057],[139.776904,35.700479],[139.777057,35.700496],[139.779464,35.700296],[139.780485,35.7002]],[[139.780471,35.700129],[139.778095,35.700343],[139.776906,35.700441],[139.775822,35.700536]]]}},{"type":"Feature","id":256,"properties":{"識別id":256,"利用時間":"09:00-19:00","制限時間":60,"手数料":300,"制限事項1":"日曜・休日を除く","制限事項2":"１月１日〜３日を除く","種別":"パーキング・チケット","普通車":1,"貨物用有り":0,"二輪車":0,"標章車専用有り":0,"都道府県":"東京都","区市町村":"台東区","町名":"東上野","町丁目":"東上野二丁目"},"geometry":{"type":"LineString","coordinates":[[139.782004,35.708564],[139.7802,35.708719],[139.779088,35.708815],[139.778384,35.708879],[139.776665,35.708889]]}},{"type":"Feature","id":257,"properties":{"識別id":257,"利用時間":"09:00-19:00","制限時間":60,"手数料":300,"制限事項1":"日曜・休日を除く","制限事項2":"１月１日〜３日を除く","種別":"パーキング・チケット","普通車":1,"貨物用有り":1,"二輪車":0,"標章車専用有り":0,"都道府県":"東京都","区市町村":"台東区","町名":"東上野","町丁目":"東上野二丁目"},"geometry":{"type":"LineString","coordinates":[[139.779058,35.711469],[139.778986,35.711235],[139.778417,35.70951],[139.778331,35.709203],[139.778148,35.707544]]}},{"type":"Feature","id":262,"properties":{"識別id":262,"利用時間":"09:00-19:00","制限時間":60,"手数料":300,"制限事項1":"日曜・休日を除く","制限事項2":"１月１日〜３日を除く","種別":"パーキング・メーター","普通車":1,"貨物用有り":0,"二輪車":0,"標章車専用有り":0,"都道府県":"東京都","区市町村":"台東区","町名":"小島","町丁目":"小島二丁目"},"geometry":{"type":"MultiLineString","coordinates":[[[139.781715,35.70516],[139.783285,35.704952],[139.784647,35.704784]],[[139.784655,35.70472],[139.782996,35.704929],[139.781703,35.705101]]]}},{"type":"Feature","id":264,"properties":{"識別id":264,"利用時間":"09:00-19:00","制限時間":60,"手数料":300,"制限事項1":"日曜・休日を除く","制限事項2":"１月１日〜３日を除く","種別":"パーキング・メーター","普通車":1,"貨物用有り":1,"二輪車":0,"標章車専用有り":0,"都道府県":"東京都","区市町村":"台東区","町名":"蔵前","町丁目":"蔵前四丁目"},"geometry":{"type":"MultiLineString","coordinates":[[[139.787945,35.701944],[139.787885,35.702947],[139.787956,35.705266],[139.787962,35.70631]],[[139.788098,35.706284],[139.788034,35.703814],[139.788021,35.702781],[139.788055,35.702008]]]}},{"type":"Feature","id":266,"properties":{"識別id":266,"利用時間":"09:00-19:00","制限時間":60,"手数料":300,"制限事項1":"日曜・休日を除く","制限事項2":"１月１日〜３日を除く","種別":"パーキング・メーター","普通車":1,"貨物用有り":0,"二輪車":0,"標章車専用有り":0,"都道府県":"東京都","区市町村":"台東区","町名":"浅草橋","町丁目":"浅草橋五丁目"},"geometry":{"type":"LineString","coordinates":[[139.780812,35.70113],[139.782349,35.700951],[139.783699,35.700812]]}},{"type":"Feature","id":268,"properties":{"識別id":268,"利用時間":"09:00-19:00","制限時間":60,"手数料":300,"制限事項1":"日曜・休日を除く","制限事項2":"１月１日〜３日を除く","種別":"パーキング・メーター","普通車":1,"貨物用有り":0,"二輪車":0,"標章車専用有り":0,"都道府県":"東京都","区市町村":"台東区","町名":"浅草橋","町丁目":"浅草橋二丁目"},"geometry":{"type":"MultiLineString","coordinates":[[[139.780485,35.699183],[139.78191,35.699076],[139.783096,35.698978],[139.784582,35.698841],[139.786861,35.698494]],[[139.786816,35.69844],[139.78638,35.698516],[139.784665,35.698776],[139.784128,35.698829],[139.782901,35.698939],[139.781881,35.699022],[139.780474,35.699128]]]}},{"type":"Feature","id":270,"properties":{"識別id":270,"利用時間":"09:00-19:00","制限時間":60,"手数料":300,"制限事項1":"日曜・休日を除く","制限事項2":"１月１日〜３日を除く","種別":"パーキング・メーター","普通車":1,"貨物用有り":0,"二輪車":0,"標章車専用有り":0,"都道府県":"東京都","区市町村":"台東区","町名":"浅草橋","町丁目":"浅草橋二丁目"},"geometry":{"type":"MultiLineString","coordinates":[[[139.783586,35.698972],[139.783789,35.700094]],[[139.783859,35.700081],[139.783656,35.698943]]]}},{"type":"Feature","id":272,"properties":{"識別id":272,"利用時間":"09:00-19:00","制限時間":60,"手数料":300,"制限事項1":"日曜・休日を除く","制限事項2":"１月１日〜３日を除く","種別":"パーキング・メーター","普通車":1,"貨物用有り":0,"二輪車":0,"標章車専用有り":0,"都道府県":"東京都","区市町村":"台東区","町名":"浅草橋","町丁目":"浅草橋一丁目"},"geometry":{"type":"LineString","coordinates":[[139.784941,35.696376],[139.784978,35.696494]]}},{"type":"Feature","id":273,"properties":{"識別id":273,"利用時間":"09:00-19:00","制限時間":60,"手数料":300,"制限事項1":"日曜・休日を除く","制限事項2":"１月１日〜３日を除く","種別":"パーキング・メーター","普通車":1,"貨物用有り":0,"二輪車":0,"標章車専用有り":0,"都道府県":"東京都","区市町村":"台東区","町名":"蔵前","町丁目":"蔵前四丁目"},"geometry":{"type":"LineString","coordinates":[[139.788108,35.704757],[139.789457,35.704682],[139.790234,35.704634]]}},{"type":"Feature","id":274,"properties":{"識別id":274,"利用時間":"09:00-19:00","制限時間":60,"手数料":300,"制限事項1":"日曜・休日を除く","制限事項2":"１月１日〜３日を除く","種別":"パーキング・メーター","普通車":1,"貨物用有り":0,"二輪車":0,"標章車専用有り":0,"都道府県":"東京都","区市町村":"台東区","町名":"駒形","町丁目":"駒形一丁目"},"geometry":{"type":"MultiLineString","coordinates":[[[139.792757,35.705513],[139.793296,35.70657],[139.793868,35.70765],[139.793961,35.707914],[139.794263,35.708983]],[[139.79432,35.708954],[139.794005,35.707817],[139.793624,35.707071],[139.792822,35.705509]]]}},{"type":"Feature","id":277,"properties":{"識別id":277,"利用時間":"09:00-19:00","制限時間":60,"手数料":300,"制限事項1":"日曜・休日を除く","制限事項2":"１月１日〜３日を除く","種別":"パーキング・メーター","普通車":1,"貨物用有り":0,"二輪車":0,"標章車専用有り":0,"都道府県":"東京都","区市町村":"台東区","町名":"柳橋","町丁目":"柳橋二丁目"},"geometry":{"type":"MultiLineString","coordinates":[[[139.789126,35.697538],[139.788731,35.697717],[139.787157,35.698425]],[[139.787199,35.698473],[139.789199,35.697573]]]}},{"type":"Feature","id":279,"properties":{"識別id":279,"利用時間":"09:00-19:00","制限時間":60,"手数料":300,"制限事項2":"１月１日〜３日を除く","種別":"パーキング・メーター","普通車":1,"貨物用有り":0,"二輪車":0,"標章車専用有り":0,"制限事項1":"","都道府県":"東京都","区市町村":"台東区","町名":"上野","町丁目":"上野三丁目"},"geometry":{"type":"LineString","coordinates":[[139.771996,35.703813],[139.773058,35.703725]]}},{"type":"Feature","id":280,"properties":{"識別id":280,"利用時間":"09:00-19:00","制限時間":60,"手数料":300,"制限事項2":"１月１日〜３日を除く","種別":"パーキング・メーター","普通車":1,"貨物用有り":1,"二輪車":0,"標章車専用有り":0,"制限事項1":"","都道府県":"東京都","区市町村":"千代田区","町名":"外神田","町丁目":"外神田三丁目"},"geometry":{"type":"LineString","coordinates":[[139.769352,35.699857],[139.770339,35.69979]]}},{"type":"Feature","id":281,"properties":{"識別id":281,"利用時間":"09:00-19:00","制限時間":60,"手数料":300,"制限事項2":"１月１日〜３日を除く","種別":"パーキング・メーター","普通車":1,"貨物用有り":1,"二輪車":0,"標章車専用有り":0,"制限事項1":"","都道府県":"東京都","区市町村":"千代田区","町名":"外神田","町丁目":"外神田一丁目"},"geometry":{"type":"LineString","coordinates":[[139.771162,35.699624],[139.769326,35.699756]]}},{"type":"Feature","id":282,"properties":{"識別id":282,"利用時間":"09:00-19:00","制限時間":60,"手数料":300,"制限事項1":"日曜・休日を除く","制限事項2":"１月１日〜３日を除く","種別":"パーキング・メーター","普通車":1,"貨物用有り":0,"二輪車":0,"標章車専用有り":0,"都道府県":"東京都","区市町村":"千代田区","町名":"東神田","町丁目":"東神田三丁目"},"geometry":{"type":"LineString","coordinates":[[139.782738,35.697477],[139.781703,35.697563],[139.780265,35.69767]]}},{"type":"Feature","id":283,"properties":{"識別id":283,"利用時間":"09:00-19:00","制限時間":60,"手数料":300,"制限事項1":"日曜・休日を除く","制限事項2":"１月１日〜３日を除く","種別":"パーキング・メーター","普通車":1,"貨物用有り":0,"二輪車":0,"標章車専用有り":0,"都道府県":"東京都","区市町村":"千代田区","町名":"東神田","町丁目":"東神田三丁目"},"geometry":{"type":"LineString","coordinates":[[139.781779,35.697548],[139.781711,35.697067]]}},{"type":"Feature","id":286,"properties":{"識別id":286,"利用時間":"09:00-19:00","制限時間":60,"手数料":300,"制限事項2":"１月１日〜３日を除く","種別":"パーキング・メーター","普通車":1,"貨物用有り":1,"二輪車":0,"標章車専用有り":0,"制限事項1":"","都道府県":"東京都","区市町村":"千代田区","町名":"神田佐久間町","町丁目":"神田佐久間町一丁目"},"geometry":{"type":"MultiLineString","coordinates":[[[139.772966,35.697602],[139.775292,35.69756]],[[139.775231,35.697461],[139.772984,35.697518]]]}},{"type":"Feature","id":288,"properties":{"識別id":288,"利用時間":"09:00-19:00","制限時間":60,"手数料":300,"制限事項2":"１月１日〜３日を除く","種別":"パーキング・メーター","普通車":1,"貨物用有り":0,"二輪車":0,"標章車専用有り":0,"制限事項1":"","都道府県":"東京都","区市町村":"文京区","町名":"湯島","町丁目":"湯島三丁目"},"geometry":{"type":"LineString","coordinates":[[139.771694,35.704504],[139.769983,35.704657]]}},{"type":"Feature","id":291,"properties":{"識別id":291,"利用時間":"10:00-19:00","制限時間":60,"手数料":300,"制限事項1":"日曜・休日を除く","制限事項2":"１月１日〜３日を除く","種別":"パーキング・メーター","普通車":1,"貨物用有り":0,"二輪車":0,"標章車専用有り":0,"都道府県":"東京都","区市町村":"中央区","町名":"東日本橋","町丁目":"東日本橋三丁目"},"geometry":{"type":"LineString","coordinates":[[139.784136,35.692291],[139.783357,35.691667]]}},{"type":"Feature","id":293,"properties":{"識別id":293,"利用時間":"10:00-16:30","制限時間":60,"手数料":300,"制限事項1":"日曜・休日を除く","制限事項2":"１月１日〜３日を除く","種別":"パーキング・メーター","普通車":1,"貨物用有り":0,"二輪車":0,"標章車専用有り":0,"都道府県":"東京都","区市町村":"中央区","町名":"日本橋横山町","町丁目":"日本橋横山町"},"geometry":{"type":"LineString","coordinates":[[139.782665,35.692307],[139.783596,35.693047],[139.785012,35.694289]]}},{"type":"Feature","id":294,"properties":{"識別id":294,"利用時間":"10:00-16:30","制限時間":60,"手数料":300,"制限事項1":"日曜・休日を除く","制限事項2":"１月１日〜３日を除く","種別":"パーキング・メーター","普通車":1,"貨物用有り":0,"二輪車":0,"標章車専用有り":0,"都道府県":"東京都","区市町村":"中央区","町名":"日本橋横山町","町丁目":"日本橋横山町"},"geometry":{"type":"LineString","coordinates":[[139.782962,35.693651],[139.783599,35.693112],[139.783657,35.69305],[139.784005,35.692764],[139.784197,35.69261]]}},{"type":"Feature","id":295,"properties":{"識別id":295,"利用時間":"10:00-16:30","制限時間":60,"手数料":300,"制限事項1":"日曜・休日を除く","制限事項2":"１月１日〜３日を除く","種別":"パーキング・メーター","普通車":1,"貨物用有り":0,"二輪車":0,"標章車専用有り":0,"都道府県":"東京都","区市町村":"中央区","町名":"東日本橋","町丁目":"東日本橋三丁目"},"geometry":{"type":"LineString","coordinates":[[139.784327,35.692468],[139.784813,35.692423]]}},{"type":"Feature","id":297,"properties":{"識別id":297,"利用時間":"10:00-19:00","制限時間":60,"手数料":300,"制限事項1":"日曜・休日を除く","制限事項2":"１月１日〜３日を除く","種別":"パーキング・メーター","普通車":1,"貨物用有り":0,"二輪車":0,"標章車専用有り":0,"都道府県":"東京都","区市町村":"中央区","町名":"東日本橋","町丁目":"東日本橋三丁目"},"geometry":{"type":"LineString","coordinates":[[139.784162,35.691831],[139.784324,35.692958],[139.784419,35.693676]]}},{"type":"Feature","id":298,"properties":{"識別id":298,"利用時間":"09:00-19:00","制限時間":60,"手数料":300,"制限事項1":"日曜・休日を除く","制限事項2":"１月１日〜３日を除く","種別":"パーキング・メーター","普通車":1,"貨物用有り":1,"二輪車":0,"標章車専用有り":0,"都道府県":"東京都","区市町村":"中央区","町名":"東日本橋","町丁目":"東日本橋三丁目"},"geometry":{"type":"MultiLineString","coordinates":[[[139.78469,35.690458],[139.78471,35.690892],[139.784637,35.691118],[139.785156,35.694736]],[[139.78537,35.694691],[139.785134,35.693096],[139.78499,35.692151],[139.784735,35.690397]]]}},{"type":"Feature","id":302,"properties":{"識別id":302,"利用時間":"09:00-19:00","制限時間":60,"手数料":300,"制限事項1":"日曜・休日を除く","制限事項2":"１月１日〜３日を除く","種別":"パーキング・メーター","普通車":1,"貨物用有り":0,"二輪車":0,"標章車専用有り":0,"都道府県":"東京都","区市町村":"中央区","町名":"東日本橋","町丁目":"東日本橋二丁目"},"geometry":{"type":"LineString","coordinates":[[139.787286,35.694429],[139.787221,35.694325],[139.785166,35.692679],[139.785083,35.692658]]}},{"type":"Feature","id":303,"properties":{"識別id":303,"利用時間":"09:00-19:00","制限時間":60,"手数料":300,"制限事項1":"日曜・休日を除く","制限事項2":"１月１日〜３日を除く","種別":"パーキング・メーター","普通車":1,"貨物用有り":0,"二輪車":0,"標章車専用有り":0,"都道府県":"東京都","区市町村":"中央区","町名":"東日本橋","町丁目":"東日本橋二丁目"},"geometry":{"type":"LineString","coordinates":[[139.785305,35.694176],[139.786529,35.694049],[139.786812,35.694028]]}},{"type":"Feature","id":304,"properties":{"識別id":304,"利用時間":"09:00-19:00","制限時間":60,"手数料":300,"制限事項1":"日曜・休日を除く","制限事項2":"１月１日〜３日を除く","種別":"パーキング・メーター","普通車":1,"貨物用有り":0,"二輪車":0,"標章車専用有り":0,"都道府県":"東京都","区市町村":"中央区","町名":"東日本橋","町丁目":"東日本橋二丁目"},"geometry":{"type":"MultiLineString","coordinates":[[[139.785604,35.695337],[139.787164,35.694784]],[[139.786889,35.694822],[139.785569,35.695296]]]}},{"type":"Feature","id":306,"properties":{"識別id":306,"利用時間":"09:00-19:00","制限時間":60,"手数料":300,"制限事項1":"日曜・休日を除く","制限事項2":"１月１日〜３日を除く","種別":"パーキング・メーター","普通車":1,"貨物用有り":1,"二輪車":0,"標章車専用有り":0,"都道府県":"東京都","区市町村":"中央区","町名":"日本橋大伝馬町","町丁目":"日本橋大伝馬町"},"geometry":{"type":"LineString","coordinates":[[139.779235,35.689975],[139.78131,35.691367],[139.782571,35.692241]]}},{"type":"Feature","id":307,"properties":{"識別id":307,"利用時間":"09:00-19:00","制限時間":60,"手数料":300,"制限事項1":"日曜・休日を除く","制限事項2":"１月１日〜３日を除く","種別":"パーキング・メーター","普通車":1,"貨物用有り":0,"二輪車":0,"標章車専用有り":0,"都道府県":"東京都","区市町村":"台東区","町名":"蔵前","町丁目":"蔵前三丁目"},"geometry":{"type":"MultiLineString","coordinates":[[[139.789877,35.702886],[139.790166,35.704105],[139.790613,35.705952]],[[139.790815,35.705918],[139.790513,35.704635],[139.790106,35.702986],[139.790086,35.702868]]]}},{"type":"Feature","id":309,"properties":{"識別id":309,"利用時間":"09:00-19:00","制限時間":60,"手数料":300,"制限事項1":"日曜・休日を除く","制限事項2":"１月１日〜３日を除く","種別":"パーキング・メーター","普通車":1,"貨物用有り":1,"二輪車":0,"標章車専用有り":0,"都道府県":"東京都","区市町村":"港区","町名":"新橋","町丁目":"新橋二丁目"},"geometry":{"type":"LineString","coordinates":[[139.755735,35.666459],[139.757946,35.665712]]}},{"type":"Feature","id":310,"properties":{"識別id":310,"利用時間":"08:00-20:00","制限時間":60,"手数料":300,"制限事項2":"１月１日〜３日を除く","種別":"パーキング・メーター","普通車":1,"貨物用有り":1,"二輪車":0,"標章車専用有り":0,"制限事項1":"","都道府県":"東京都","区市町村":"千代田区","町名":"内神田","町丁目":"内神田三丁目"},"geometry":{"type":"MultiLineString","coordinates":[[[139.768882,35.689622],[139.769848,35.690324]],[[139.770073,35.690305],[139.769894,35.690227],[139.768909,35.689497]]]}},{"type":"Feature","id":313,"properties":{"識別id":313,"利用時間":"09:00-19:00","制限時間":60,"手数料":300,"制限事項2":"１月１日〜３日を除く","種別":"パーキング・メーター","普通車":1,"貨物用有り":1,"二輪車":0,"標章車専用有り":0,"制限事項1":"","都道府県":"東京都","区市町村":"千代田区","町名":"有楽町","町丁目":"有楽町一丁目"},"geometry":{"type":"LineString","coordinates":[[139.763302,35.675389],[139.763295,35.675389],[139.763307,35.675389],[139.763304,35.675399],[139.76334,35.67542],[139.76325,35.67536],[139.76305,35.67523],[139.7629,35.67512],[139.76271,35.67497]]}},{"type":"Feature","id":314,"properties":{"識別id":314,"利用時間":"09:00-19:00","制限時間":60,"手数料":300,"制限事項1":"日曜・休日を除く","制限事項2":"１月１日〜３日を除く","種別":"パーキング・メーター","普通車":1,"貨物用有り":1,"二輪車":0,"標章車専用有り":0,"都道府県":"東京都","区市町村":"中央区","町名":"築地","町丁目":"築地一丁目"},"geometry":{"type":"LineString","coordinates":[[139.773026,35.668554],[139.771967,35.66936],[139.771339,35.669854]]}},{"type":"Feature","id":315,"properties":{"識別id":315,"利用時間":"09:00-21:00","制限時間":60,"手数料":300,"制限事項2":"１月１日〜３日を除く","種別":"パーキング・メーター","普通車":1,"貨物用有り":0,"二輪車":0,"標章車専用有り":0,"制限事項1":"","都道府県":"東京都","区市町村":"中央区","町名":"銀座","町丁目":"銀座六丁目"},"geometry":{"type":"LineString","coordinates":[[139.767727,35.668858],[139.766746,35.668041],[139.766292,35.667722],[139.765848,35.667395]]}},{"type":"Feature","id":316,"properties":{"識別id":316,"利用時間":"09:00-21:00","制限時間":60,"手数料":300,"制限事項2":"１月１日〜３日を除く","種別":"パーキング・メーター","普通車":1,"貨物用有り":1,"二輪車":0,"標章車専用有り":0,"制限事項1":"","都道府県":"東京都","区市町村":"中央区","町名":"銀座","町丁目":"銀座六丁目"},"geometry":{"type":"LineString","coordinates":[[139.76636,35.666969],[139.767213,35.667618]]}},{"type":"Feature","id":317,"properties":{"識別id":317,"利用時間":"09:00-21:00","制限時間":60,"手数料":300,"制限事項2":"１月１日〜３日を除く","種別":"パーキング・メーター","普通車":1,"貨物用有り":1,"二輪車":0,"標章車専用有り":0,"制限事項1":"","都道府県":"東京都","区市町村":"中央区","町名":"銀座","町丁目":"銀座六丁目"},"geometry":{"type":"LineString","coordinates":[[139.766835,35.668102],[139.767265,35.667697]]}},{"type":"Feature","id":318,"properties":{"識別id":318,"利用時間":"09:00-21:00","制限時間":60,"手数料":300,"制限事項2":"１月１日〜３日を除く","種別":"パーキング・メーター","普通車":1,"貨物用有り":1,"二輪車":0,"標章車専用有り":0,"制限事項1":"","都道府県":"東京都","区市町村":"中央区","町名":"銀座","町丁目":"銀座七丁目"},"geometry":{"type":"MultiLineString","coordinates":[[[139.766299,35.666934],[139.765192,35.667835]],[[139.765247,35.66788],[139.766345,35.66697]]]}},{"type":"Feature","id":320,"properties":{"識別id":320,"利用時間":"09:00-19:00","制限時間":60,"手数料":300,"制限事項1":"日曜・休日を除く","制限事項2":"１月１日〜３日を除く","種別":"パーキング・メーター","普通車":1,"貨物用有り":1,"二輪車":0,"標章車専用有り":0,"都道府県":"東京都","区市町村":"中央区","町名":"京橋","町丁目":"京橋三丁目"},"geometry":{"type":"LineString","coordinates":[[139.771603,35.673727],[139.772431,35.674978]]}},{"type":"Feature","id":321,"properties":{"識別id":321,"利用時間":"09:00-19:00","制限時間":60,"手数料":300,"制限事項1":"日曜・休日を除く","制限事項2":"１月１日〜３日を除く","種別":"パーキング・メーター","普通車":1,"貨物用有り":1,"二輪車":0,"標章車専用有り":0,"都道府県":"東京都","区市町村":"港区","町名":"新橋","町丁目":"新橋一丁目"},"geometry":{"type":"LineString","coordinates":[[139.758799,35.667939],[139.760856,35.667273]]}},{"type":"Feature","id":322,"properties":{"識別id":322,"利用時間":"07:00-16:00","制限時間":40,"手数料":200,"制限事項1":"日曜・休日を除く","制限事項2":"１月１日〜３日を除く","種別":"パーキング・メーター","普通車":1,"貨物用有り":1,"二輪車":0,"標章車専用有り":0,"都道府県":"東京都","区市町村":"渋谷区","町名":"道玄坂","町丁目":"道玄坂一丁目"},"geometry":{"type":"LineString","coordinates":[[139.699048,35.658118],[139.699615,35.657775]]}},{"type":"Feature","id":323,"properties":{"識別id":323,"利用時間":"07:00-20:00","制限時間":40,"手数料":200,"制限事項2":"１月１日〜３日を除く","種別":"パーキング・メーター","普通車":1,"貨物用有り":1,"二輪車":0,"標章車専用有り":0,"制限事項1":"","都道府県":"東京都","区市町村":"渋谷区","町名":"道玄坂","町丁目":"道玄坂二丁目"},"geometry":{"type":"LineString","coordinates":[[139.699234,35.659619],[139.697721,35.6602],[139.696862,35.660454]]}},{"type":"Feature","id":324,"properties":{"識別id":324,"利用時間":"09:00-20:00","制限時間":60,"手数料":300,"制限事項1":"日曜・休日を除く","制限事項2":"１月１日〜３日を除く","種別":"パーキング・メーター","普通車":1,"貨物用有り":1,"二輪車":0,"標章車専用有り":0,"都道府県":"東京都","区市町村":"渋谷区","町名":"道玄坂","町丁目":"道玄坂一丁目"},"geometry":{"type":"LineString","coordinates":[[139.696309,35.657384],[139.697283,35.656438]]}},{"type":"Feature","id":325,"properties":{"識別id":325,"利用時間":"09:00-19:00","制限時間":60,"手数料":300,"制限事項1":"日曜・休日を除く","制限事項2":"１月１日〜３日を除く","種別":"パーキング・メーター","普通車":1,"貨物用有り":0,"二輪車":0,"標章車専用有り":0,"都道府県":"東京都","区市町村":"台東区","町名":"寿","町丁目":"寿四丁目"},"geometry":{"type":"LineString","coordinates":[[139.791281,35.708421],[139.791966,35.708293],[139.792386,35.708202],[139.793992,35.707719],[139.795052,35.707398]]}},{"type":"Feature","id":326,"properties":{"識別id":326,"利用時間":"09:00-19:00","制限時間":60,"手数料":300,"制限事項1":"日曜・休日を除く","制限事項2":"１月１日〜３日を除く","種別":"パーキング・メーター","普通車":1,"貨物用有り":1,"二輪車":0,"標章車専用有り":0,"都道府県":"東京都","区市町村":"台東区","町名":"寿","町丁目":"寿三丁目"},"geometry":{"type":"MultiLineString","coordinates":[[[139.790692,35.706216],[139.790934,35.707865],[139.791,35.708294],[139.791085,35.708723],[139.791282,35.709577]],[[139.791484,35.709532],[139.791432,35.70929],[139.791235,35.708447],[139.791025,35.707131],[139.790887,35.706149]]]}},{"type":"Feature","id":328,"properties":{"識別id":328,"利用時間":"09:00-19:00","制限時間":60,"手数料":300,"制限事項1":"日曜・休日を除く","制限事項2":"１月１日〜３日を除く","種別":"パーキング・メーター","普通車":1,"貨物用有り":0,"二輪車":0,"標章車専用有り":0,"都道府県":"東京都","区市町村":"台東区","町名":"寿","町丁目":"寿二丁目"},"geometry":{"type":"LineString","coordinates":[[139.788283,35.70866],[139.790929,35.708323]]}},{"type":"Feature","id":329,"properties":{"識別id":329,"利用時間":"09:00-19:00","制限時間":60,"手数料":300,"制限事項1":"日曜・休日を除く","制限事項2":"１月１日〜３日を除く","種別":"パーキング・メーター","普通車":1,"貨物用有り":0,"二輪車":0,"標章車専用有り":1,"都道府県":"東京都","区市町村":"台東区","町名":"寿","町丁目":"寿一丁目"},"geometry":{"type":"LineString","coordinates":[[139.789721,35.709868],[139.789538,35.707318],[139.789472,35.706324]]}},{"type":"Feature","id":330,"properties":{"識別id":330,"利用時間":"09:00-19:00","制限時間":60,"手数料":300,"制限事項1":"日曜・休日を除く","制限事項2":"１月１日〜３日を除く","種別":"パーキング・メーター","普通車":1,"貨物用有り":0,"二輪車":0,"標章車専用有り":0,"都道府県":"東京都","区市町村":"台東区","町名":"松が谷","町丁目":"松が谷二丁目"},"geometry":{"type":"LineString","coordinates":[[139.791907,35.711658],[139.790334,35.711953],[139.788332,35.712366],[139.784606,35.712692],[139.783247,35.712831]]}},{"type":"Feature","id":333,"properties":{"識別id":333,"利用時間":"09:00-19:00","制限時間":60,"手数料":300,"制限事項1":"日曜・休日を除く","制限事項2":"１月１日〜３日を除く","種別":"パーキング・メーター","普通車":1,"貨物用有り":0,"二輪車":0,"標章車専用有り":0,"都道府県":"東京都","区市町村":"台東区","町名":"松が谷","町丁目":"松が谷三丁目"},"geometry":{"type":"LineString","coordinates":[[139.785516,35.715174],[139.788787,35.714515]]}},{"type":"Feature","id":334,"properties":{"識別id":334,"利用時間":"09:00-19:00","制限時間":60,"手数料":300,"制限事項1":"日曜・休日を除く","制限事項2":"１月１日〜３日を除く","種別":"パーキング・メーター","普通車":1,"貨物用有り":0,"二輪車":0,"標章車専用有り":0,"都道府県":"東京都","区市町村":"台東区","町名":"雷門","町丁目":"雷門一丁目"},"geometry":{"type":"LineString","coordinates":[[139.790225,35.711592],[139.791838,35.711303]]}},{"type":"Feature","id":335,"properties":{"識別id":335,"利用時間":"09:00-19:00","制限時間":60,"手数料":300,"制限事項1":"日曜・休日を除く","制限事項2":"１月１日〜３日を除く","種別":"パーキング・メーター","普通車":1,"貨物用有り":0,"二輪車":0,"標章車専用有り":0,"都道府県":"東京都","区市町村":"台東区","町名":"東上野","町丁目":"東上野三丁目"},"geometry":{"type":"LineString","coordinates":[[139.77883,35.710978],[139.777994,35.711139]]}},{"type":"Feature","id":336,"properties":{"識別id":336,"利用時間":"09:00-19:00","制限時間":60,"手数料":300,"制限事項1":"日曜・休日を除く","制限事項2":"１月１日〜３日を除く","種別":"パーキング・メーター","普通車":1,"貨物用有り":1,"二輪車":0,"標章車専用有り":0,"都道府県":"東京都","区市町村":"中央区","町名":"日本橋","町丁目":"日本橋二丁目"},"geometry":{"type":"LineString","coordinates":[[139.77572,35.680251],[139.775198,35.680471]]}},{"type":"Feature","id":337,"properties":{"識別id":337,"利用時間":"09:00-19:00","制限時間":60,"手数料":300,"制限事項1":"日曜・休日を除く","制限事項2":"１月１日〜３日を除く","種別":"パーキング・メーター","普通車":1,"貨物用有り":0,"二輪車":0,"標章車専用有り":0,"都道府県":"東京都","区市町村":"台東区","町名":"東上野","町丁目":"東上野二丁目"},"geometry":{"type":"LineString","coordinates":[[139.778402,35.709699],[139.776763,35.709779]]}},{"type":"Feature","id":338,"properties":{"識別id":338,"利用時間":"09:00-19:00","制限時間":60,"手数料":300,"制限事項1":"日曜・休日を除く","制限事項2":"１月１日〜３日を除く","種別":"パーキング・メーター","普通車":1,"貨物用有り":0,"二輪車":0,"標章車専用有り":0,"都道府県":"東京都","区市町村":"台東区","町名":"東上野","町丁目":"東上野一丁目"},"geometry":{"type":"LineString","coordinates":[[139.777188,35.70886],[139.777064,35.707679]]}},{"type":"Feature","id":341,"properties":{"識別id":341,"利用時間":"09:00-19:00","制限時間":60,"手数料":300,"制限事項2":"１月１日〜３日を除く","種別":"パーキング・メーター","普通車":1,"貨物用有り":1,"二輪車":0,"標章車専用有り":0,"制限事項1":"","都道府県":"東京都","区市町村":"台東区","町名":"花川戸","町丁目":"花川戸一丁目"},"geometry":{"type":"LineString","coordinates":[[139.797678,35.711082],[139.797704,35.711705],[139.79773,35.712016],[139.797743,35.712633],[139.798222,35.714569],[139.798525,35.715685]]}},{"type":"Feature","id":342,"properties":{"識別id":342,"利用時間":"08:00-20:00","制限時間":60,"手数料":300,"制限事項2":"１月１日〜３日を除く","種別":"パーキング・メーター","普通車":1,"貨物用有り":1,"二輪車":0,"標章車専用有り":0,"制限事項1":"","都道府県":"東京都","区市町村":"千代田区","町名":"神田猿楽町","町丁目":"神田猿楽町二丁目"},"geometry":{"type":"MultiLineString","coordinates":[[[139.75682,35.701224],[139.757019,35.700581],[139.757149,35.700148],[139.758128,35.699169]],[[139.758076,35.699133],[139.757565,35.69964],[139.757085,35.70013],[139.756741,35.701251]]]}},{"type":"Feature","id":344,"properties":{"識別id":344,"利用時間":"08:00-20:00","制限時間":60,"手数料":300,"制限事項2":"１月１日〜３日を除く","種別":"パーキング・メーター","普通車":1,"貨物用有り":0,"二輪車":0,"標章車専用有り":0,"制限事項1":"","都道府県":"東京都","区市町村":"千代田区","町名":"神田神保町","町丁目":"神田神保町一丁目"},"geometry":{"type":"LineString","coordinates":[[139.759257,35.696097],[139.758645,35.697167]]}},{"type":"Feature","id":345,"properties":{"識別id":345,"利用時間":"09:00-19:00","制限時間":60,"手数料":300,"制限事項2":"１月１日〜３日を除く","種別":"パーキング・メーター","普通車":1,"貨物用有り":0,"二輪車":0,"標章車専用有り":0,"制限事項1":"","都道府県":"東京都","区市町村":"台東区","町名":"雷門","町丁目":"雷門一丁目"},"geometry":{"type":"LineString","coordinates":[[139.792752,35.711236],[139.792529,35.710506],[139.792266,35.709615]]}},{"type":"Feature","id":346,"properties":{"識別id":346,"利用時間":"09:00-19:00","制限時間":60,"手数料":300,"制限事項2":"１月１日〜３日を除く","種別":"パーキング・メーター","普通車":1,"貨物用有り":0,"二輪車":0,"標章車専用有り":0,"制限事項1":"","都道府県":"東京都","区市町村":"台東区","町名":"雷門","町丁目":"雷門一丁目"},"geometry":{"type":"LineString","coordinates":[[139.793104,35.70944],[139.793327,35.710304],[139.793537,35.711131]]}},{"type":"Feature","id":347,"properties":{"識別id":347,"利用時間":"09:00-19:00","制限時間":60,"手数料":300,"制限事項2":"１月１日〜３日を除く","種別":"パーキング・メーター","普通車":1,"貨物用有り":0,"二輪車":0,"標章車専用有り":0,"制限事項1":"","都道府県":"東京都","区市町村":"台東区","町名":"雷門","町丁目":"雷門二丁目"},"geometry":{"type":"LineString","coordinates":[[139.794654,35.710989],[139.794372,35.709212]]}},{"type":"Feature","id":348,"properties":{"識別id":348,"利用時間":"09:00-19:00","制限時間":60,"手数料":300,"制限事項2":"１月１日〜３日を除く","種別":"パーキング・メーター","普通車":1,"貨物用有り":0,"二輪車":0,"標章車専用有り":0,"制限事項1":"","都道府県":"東京都","区市町村":"台東区","町名":"浅草","町丁目":"浅草一丁目"},"geometry":{"type":"LineString","coordinates":[[139.795386,35.71051],[139.795426,35.710912]]}},{"type":"Feature","id":350,"properties":{"識別id":350,"利用時間":"09:00-19:00","制限時間":60,"手数料":300,"制限事項1":"日曜・休日を除く","制限事項2":"１月１日〜３日を除く","種別":"パーキング・メーター","普通車":1,"貨物用有り":0,"二輪車":0,"標章車専用有り":0,"都道府県":"東京都","区市町村":"台東区","町名":"西浅草","町丁目":"西浅草三丁目"},"geometry":{"type":"LineString","coordinates":[[139.791094,35.717568],[139.79095,35.716275],[139.790628,35.714251]]}},{"type":"Feature","id":352,"properties":{"識別id":352,"利用時間":"09:00-19:00","制限時間":60,"手数料":300,"制限事項1":"日曜・休日を除く","制限事項2":"１月１日〜３日を除く","種別":"パーキング・メーター","普通車":1,"貨物用有り":1,"二輪車":0,"標章車専用有り":0,"都道府県":"東京都","区市町村":"台東区","町名":"西浅草","町丁目":"西浅草一丁目"},"geometry":{"type":"LineString","coordinates":[[139.790609,35.714093],[139.790307,35.712075],[139.790065,35.71113],[139.789818,35.710157]]}},{"type":"Feature","id":355,"properties":{"識別id":355,"利用時間":"09:00-19:00","制限時間":60,"手数料":300,"制限事項1":"日曜・休日を除く","制限事項2":"１月１日〜３日を除く","種別":"パーキング・メーター","普通車":1,"貨物用有り":1,"二輪車":0,"標章車専用有り":0,"都道府県":"東京都","区市町村":"港区","町名":"虎ノ門","町丁目":"虎ノ門一丁目"},"geometry":{"type":"LineString","coordinates":[[139.747294,35.669287],[139.748324,35.668942]]}},{"type":"Feature","id":357,"properties":{"識別id":357,"利用時間":"09:00-19:00","制限時間":60,"手数料":300,"制限事項1":"日曜・休日を除く","制限事項2":"１月１日〜３日を除く","種別":"パーキング・メーター","普通車":1,"貨物用有り":0,"二輪車":0,"標章車専用有り":0,"都道府県":"東京都","区市町村":"港区","町名":"虎ノ門","町丁目":"虎ノ門一丁目"},"geometry":{"type":"LineString","coordinates":[[139.748537,35.670267],[139.747291,35.669302]]}},{"type":"Feature","id":359,"properties":{"識別id":359,"利用時間":"09:00-19:00","制限時間":60,"手数料":300,"制限事項2":"１月１日〜３日を除く","種別":"パーキング・メーター","普通車":1,"貨物用有り":1,"二輪車":0,"標章車専用有り":0,"制限事項1":"","都道府県":"東京都","区市町村":"文京区","町名":"湯島","町丁目":"湯島二丁目"},"geometry":{"type":"MultiLineString","coordinates":[[[139.763835,35.703295],[139.764726,35.70329],[139.764984,35.703261],[139.766563,35.702916]],[[139.766512,35.702782],[139.76564,35.702985],[139.764894,35.703149],[139.763888,35.703179],[139.763805,35.703162]]]}},{"type":"Feature","id":361,"properties":{"識別id":361,"利用時間":"09:00-19:00","制限時間":60,"手数料":300,"制限事項1":"日曜・休日を除く","制限事項2":"１月１日〜３日を除く","種別":"パーキング・メーター","普通車":1,"貨物用有り":1,"二輪車":0,"標章車専用有り":0,"都道府県":"東京都","区市町村":"文京区","町名":"本郷","町丁目":"本郷三丁目"},"geometry":{"type":"MultiLineString","coordinates":[[[139.761857,35.704465],[139.762957,35.707413]],[[139.763124,35.707428],[139.762555,35.705896]],[[139.762363,35.705366],[139.76198,35.704344]]]}},{"type":"Feature","id":364,"properties":{"識別id":364,"利用時間":"09:00-19:00","制限時間":60,"手数料":300,"制限事項1":"日曜・休日を除く","制限事項2":"１月１日〜３日を除く","種別":"パーキング・メーター","普通車":1,"貨物用有り":1,"二輪車":0,"標章車専用有り":0,"都道府県":"東京都","区市町村":"文京区","町名":"本郷","町丁目":"本郷二丁目"},"geometry":{"type":"LineString","coordinates":[[139.756777,35.704771],[139.758343,35.705153],[139.760709,35.705667]]}},{"type":"Feature","id":365,"properties":{"識別id":365,"利用時間":"09:00-19:00","制限時間":60,"手数料":300,"制限事項1":"日曜・休日を除く","制限事項2":"１月１日〜３日を除く","種別":"パーキング・メーター","普通車":1,"貨物用有り":1,"二輪車":0,"標章車専用有り":0,"都道府県":"東京都","区市町村":"文京区","町名":"本郷","町丁目":"本郷二丁目"},"geometry":{"type":"MultiLineString","coordinates":[[[139.754857,35.705452],[139.757032,35.704678],[139.758114,35.704302],[139.758234,35.704272],[139.758342,35.70427],[139.758428,35.704275],[139.758763,35.704334],[139.760625,35.704743],[139.76101,35.704836],[139.761063,35.704883]],[[139.761207,35.704692],[139.761122,35.704711],[139.760397,35.70455],[139.758784,35.704202],[139.758471,35.70416],[139.758251,35.704152],[139.758053,35.70418],[139.75785,35.704245],[139.757038,35.704531],[139.754726,35.705333]]]}},{"type":"Feature","id":367,"properties":{"識別id":367,"利用時間":"09:00-19:00","制限時間":60,"手数料":300,"制限事項1":"日曜・休日を除く","制限事項2":"１月１日〜３日を除く","種別":"パーキング・メーター","普通車":1,"貨物用有り":0,"二輪車":0,"標章車専用有り":0,"都道府県":"東京都","区市町村":"中央区","町名":"銀座","町丁目":"銀座一丁目"},"geometry":{"type":"LineString","coordinates":[[139.771095,35.675547],[139.770433,35.674494],[139.770174,35.674138]]}},{"type":"Feature","id":368,"properties":{"識別id":368,"利用時間":"09:00-19:00","制限時間":60,"手数料":300,"制限事項1":"日曜・休日を除く","制限事項2":"１月１日〜３日を除く","種別":"パーキング・メーター","普通車":1,"貨物用有り":1,"二輪車":0,"標章車専用有り":0,"都道府県":"東京都","区市町村":"中央区","町名":"八重洲","町丁目":"八重洲二丁目"},"geometry":{"type":"LineString","coordinates":[[139.768559,35.676868],[139.770295,35.679672]]}},{"type":"Feature","id":369,"properties":{"識別id":369,"利用時間":"09:00-19:00","制限時間":60,"手数料":300,"制限事項1":"日曜・休日を除く","制限事項2":"１月１日〜３日を除く","種別":"パーキング・メーター","普通車":1,"貨物用有り":1,"二輪車":0,"標章車専用有り":0,"都道府県":"東京都","区市町村":"台東区","町名":"元浅草","町丁目":"元浅草二丁目"},"geometry":{"type":"MultiLineString","coordinates":[[[139.781913,35.707153],[139.78207,35.708473],[139.782162,35.708867],[139.782868,35.711061],[139.782994,35.711441],[139.782974,35.712757],[139.782893,35.715591]],[[139.783051,35.715558],[139.783105,35.712928],[139.783092,35.71268],[139.783139,35.711398],[139.782699,35.710046],[139.782246,35.708615],[139.782063,35.707138]]]}},{"type":"Feature","id":371,"properties":{"識別id":371,"利用時間":"09:00-19:00","制限時間":60,"手数料":300,"制限事項1":"日曜・休日を除く","制限事項2":"１月１日〜３日を除く","種別":"パーキング・メーター","普通車":1,"貨物用有り":1,"二輪車":0,"標章車専用有り":0,"都道府県":"東京都","区市町村":"台東区","町名":"東上野","町丁目":"東上野五丁目"},"geometry":{"type":"LineString","coordinates":[[139.782872,35.712869],[139.781674,35.712976],[139.78091,35.713035]]}},{"type":"Feature","id":372,"properties":{"識別id":372,"利用時間":"09:00-19:00","制限時間":60,"手数料":300,"制限事項1":"日曜・休日を除く","制限事項2":"１月１日〜３日を除く","種別":"パーキング・メーター","普通車":1,"貨物用有り":0,"二輪車":0,"標章車専用有り":0,"都道府県":"東京都","区市町村":"台東区","町名":"台東","町丁目":"台東四丁目"},"geometry":{"type":"LineString","coordinates":[[139.777912,35.705734],[139.778062,35.707356]]}},{"type":"Feature","id":373,"properties":{"識別id":373,"利用時間":"07:00-20:00","制限時間":60,"手数料":300,"制限事項2":"１月１日〜３日を除く","種別":"パーキング・メーター","普通車":1,"貨物用有り":1,"二輪車":0,"標章車専用有り":0,"制限事項1":"","都道府県":"東京都","区市町村":"千代田区","町名":"神田紺屋町","町丁目":"神田紺屋町"},"geometry":{"type":"MultiLineString","coordinates":[[[139.772105,35.690983],[139.774586,35.691706]],[[139.774613,35.691599],[139.772139,35.690876]]]}},{"type":"Feature","id":375,"properties":{"識別id":375,"利用時間":"09:00-19:00","制限時間":60,"手数料":300,"制限事項1":"日曜・休日を除く","制限事項2":"１月１日〜３日を除く","種別":"パーキング・メーター","普通車":1,"貨物用有り":0,"二輪車":0,"標章車専用有り":0,"都道府県":"東京都","区市町村":"港区","町名":"麻布十番","町丁目":"麻布十番一丁目"},"geometry":{"type":"LineString","coordinates":[[139.733555,35.657028],[139.733148,35.657274],[139.732761,35.657616],[139.732551,35.657952],[139.732314,35.658654]]}},{"type":"Feature","id":376,"properties":{"識別id":376,"利用時間":"09:00-19:00","制限時間":60,"手数料":300,"制限事項1":"日曜・休日を除く","制限事項2":"１月１日〜３日を除く","種別":"パーキング・メーター","普通車":1,"貨物用有り":1,"二輪車":0,"標章車専用有り":0,"都道府県":"東京都","区市町村":"渋谷区","町名":"恵比寿西","町丁目":"恵比寿西一丁目"},"geometry":{"type":"MultiLineString","coordinates":[[[139.702563,35.646728],[139.704661,35.646532],[139.705904,35.646334],[139.707367,35.64629],[139.707633,35.646342],[139.708222,35.64667],[139.70861,35.647049]],[[139.708793,35.647],[139.708177,35.646465],[139.707631,35.646181],[139.707322,35.64615],[139.705732,35.64622],[139.704659,35.646361],[139.702648,35.646527]]]}},{"type":"Feature","id":378,"properties":{"識別id":378,"利用時間":"09:00-19:00","制限時間":60,"手数料":300,"制限事項1":"日曜・休日を除く","制限事項2":"１月１日〜３日を除く","種別":"パーキング・メーター","普通車":1,"貨物用有り":1,"二輪車":0,"標章車専用有り":0,"都道府県":"東京都","区市町村":"渋谷区","町名":"恵比寿","町丁目":"恵比寿一丁目"},"geometry":{"type":"LineString","coordinates":[[139.712028,35.64635],[139.711253,35.647078],[139.710811,35.647478]]}},{"type":"Feature","id":379,"properties":{"識別id":379,"利用時間":"09:00-19:00","制限時間":60,"手数料":300,"制限事項1":"日曜・休日を除く","制限事項2":"１月１日〜３日を除く","種別":"パーキング・メーター","普通車":1,"貨物用有り":1,"二輪車":0,"標章車専用有り":0,"都道府県":"東京都","区市町村":"渋谷区","町名":"恵比寿","町丁目":"恵比寿一丁目"},"geometry":{"type":"LineString","coordinates":[[139.710234,35.648144],[139.711399,35.647072]]}},{"type":"Feature","id":380,"properties":{"識別id":380,"利用時間":"08:00-20:00","制限時間":60,"手数料":300,"制限事項1":"日曜・休日を除く","制限事項2":"１月１日〜３日を除く","種別":"パーキング・メーター","普通車":1,"貨物用有り":1,"二輪車":0,"標章車専用有り":0,"都道府県":"東京都","区市町村":"千代田区","町名":"神田神保町","町丁目":"神田神保町二丁目"},"geometry":{"type":"LineString","coordinates":[[139.754993,35.699488],[139.755575,35.698381],[139.756073,35.697409],[139.75656,35.696482],[139.756792,35.696036]]}},{"type":"Feature","id":381,"properties":{"識別id":381,"利用時間":"08:00-20:00","制限時間":60,"手数料":300,"制限事項1":"日曜・休日を除く","制限事項2":"１月１日〜３日を除く","種別":"パーキング・メーター","普通車":1,"貨物用有り":0,"二輪車":0,"標章車専用有り":0,"都道府県":"東京都","区市町村":"千代田区","町名":"神田神保町","町丁目":"神田神保町三丁目"},"geometry":{"type":"LineString","coordinates":[[139.755627,35.695207],[139.754347,35.695152],[139.75326,35.695124]]}},{"type":"Feature","id":382,"properties":{"識別id":382,"利用時間":"08:00-20:00","制限時間":60,"手数料":300,"制限事項2":"１月１日〜３日を除く","種別":"パーキング・メーター","普通車":1,"貨物用有り":1,"二輪車":0,"標章車専用有り":0,"制限事項1":"","都道府県":"東京都","区市町村":"千代田区","町名":"西神田","町丁目":"西神田三丁目"},"geometry":{"type":"LineString","coordinates":[[139.753544,35.699113],[139.752537,35.69885]]}},{"type":"Feature","id":383,"properties":{"識別id":383,"利用時間":"09:00-19:00","制限時間":60,"手数料":300,"制限事項1":"日曜・休日を除く","制限事項2":"１月１日〜３日を除く","種別":"パーキング・メーター","普通車":1,"貨物用有り":1,"二輪車":0,"標章車専用有り":0,"都道府県":"東京都","区市町村":"中央区","町名":"日本橋茅場町","町丁目":"日本橋茅場町二丁目"},"geometry":{"type":"LineString","coordinates":[[139.777414,35.677088],[139.778463,35.678715],[139.778721,35.67913]]}},{"type":"Feature","id":384,"properties":{"識別id":384,"利用時間":"09:00-19:00","制限時間":60,"手数料":300,"制限事項1":"日曜・休日を除く","制限事項2":"１月１日〜３日を除く","種別":"パーキング・メーター","普通車":1,"貨物用有り":1,"二輪車":0,"標章車専用有り":0,"都道府県":"東京都","区市町村":"中央区","町名":"日本橋茅場町","町丁目":"日本橋茅場町一丁目"},"geometry":{"type":"LineString","coordinates":[[139.77892,35.679452],[139.779344,35.680134]]}},{"type":"Feature","id":385,"properties":{"識別id":385,"利用時間":"09:00-21:00","制限時間":60,"手数料":300,"制限事項2":"１月１日〜３日を除く","種別":"パーキング・メーター","普通車":1,"貨物用有り":1,"二輪車":0,"標章車専用有り":0,"制限事項1":"","都道府県":"東京都","区市町村":"中央区","町名":"銀座","町丁目":"銀座八丁目"},"geometry":{"type":"LineString","coordinates":[[139.759754,35.668139],[139.760318,35.66867],[139.763818,35.671992]]}},{"type":"Feature","id":386,"properties":{"識別id":386,"利用時間":"09:00-19:00","制限時間":60,"手数料":300,"制限事項1":"日曜・休日を除く","制限事項2":"１月１日〜３日を除く","種別":"パーキング・メーター","普通車":1,"貨物用有り":1,"二輪車":0,"標章車専用有り":0,"都道府県":"東京都","区市町村":"中央区","町名":"八丁堀","町丁目":"八丁堀二丁目"},"geometry":{"type":"LineString","coordinates":[[139.776538,35.675698],[139.777256,35.676842]]}},{"type":"Feature","id":387,"properties":{"識別id":387,"利用時間":"09:00-19:00","制限時間":60,"手数料":300,"制限事項1":"日曜・休日を除く","制限事項2":"１月１日〜３日を除く","種別":"パーキング・メーター","普通車":1,"貨物用有り":0,"二輪車":0,"標章車専用有り":0,"都道府県":"東京都","区市町村":"中央区","町名":"日本橋大伝馬町","町丁目":"日本橋大伝馬町"},"geometry":{"type":"LineString","coordinates":[[139.777683,35.688943],[139.779115,35.689891]]}},{"type":"Feature","id":388,"properties":{"識別id":388,"利用時間":"09:00-19:00","制限時間":60,"手数料":300,"制限事項1":"日曜・休日を除く","制限事項2":"１月１日〜３日を除く","種別":"パーキング・メーター","普通車":1,"貨物用有り":1,"二輪車":0,"標章車専用有り":0,"都道府県":"東京都","区市町村":"港区","町名":"虎ノ門","町丁目":"虎ノ門一丁目"},"geometry":{"type":"LineString","coordinates":[[139.749791,35.670859],[139.751652,35.67022]]}},{"type":"Feature","id":389,"properties":{"識別id":389,"利用時間":"09:00-19:00","制限時間":60,"手数料":300,"制限事項1":"日曜・休日を除く","制限事項2":"１月１日〜３日を除く","種別":"パーキング・メーター","普通車":1,"貨物用有り":1,"二輪車":0,"標章車専用有り":0,"都道府県":"東京都","区市町村":"千代田区","町名":"霞が関","町丁目":"霞が関一丁目"},"geometry":{"type":"MultiLineString","coordinates":[[[139.751343,35.670773],[139.750024,35.671213]],[[139.749984,35.671274],[139.751364,35.670815]]]}},{"type":"Feature","id":391,"properties":{"識別id":391,"利用時間":"09:00-19:00","制限時間":60,"手数料":300,"制限事項1":"日曜・休日を除く","制限事項2":"１月１日〜３日を除く","種別":"パーキング・メーター","普通車":1,"貨物用有り":0,"二輪車":0,"標章車専用有り":0,"都道府県":"東京都","区市町村":"港区","町名":"西新橋","町丁目":"西新橋三丁目"},"geometry":{"type":"LineString","coordinates":[[139.751452,35.665073],[139.75109,35.6643]]}},{"type":"Feature","id":392,"properties":{"識別id":392,"利用時間":"07:00-20:00","制限時間":60,"手数料":300,"制限事項2":"１月１日〜３日を除く","種別":"パーキング・メーター","普通車":1,"貨物用有り":0,"二輪車":0,"標章車専用有り":0,"制限事項1":"","都道府県":"東京都","区市町村":"千代田区","町名":"飯田橋","町丁目":"飯田橋二丁目"},"geometry":{"type":"MultiLineString","coordinates":[[[139.750367,35.698242],[139.750641,35.698238],[139.751008,35.698176],[139.752227,35.697992]],[[139.752228,35.697848],[139.750574,35.698105],[139.750417,35.698107]]]}},{"type":"Feature","id":394,"properties":{"識別id":394,"利用時間":"09:00-19:00","制限時間":60,"手数料":300,"制限事項2":"１月１日〜３日を除く","種別":"パーキング・メーター","普通車":1,"貨物用有り":1,"二輪車":0,"標章車専用有り":0,"制限事項1":"","都道府県":"東京都","区市町村":"新宿区","町名":"大久保","町丁目":"大久保一丁目"},"geometry":{"type":"MultiLineString","coordinates":[[[139.700799,35.698139],[139.701971,35.698194],[139.704228,35.69839],[139.70443,35.69839],[139.705186,35.698321],[139.706838,35.698108]],[[139.706763,35.697944],[139.704768,35.698199],[139.704359,35.69822],[139.703246,35.698128],[139.702009,35.69803],[139.700844,35.697986]]]}},{"type":"Feature","id":398,"properties":{"識別id":398,"利用時間":"09:00-19:00","制限時間":60,"手数料":300,"制限事項1":"日曜・休日を除く","制限事項2":"１月１日〜３日を除く","種別":"パーキング・メーター","普通車":1,"貨物用有り":1,"二輪車":0,"標章車専用有り":0,"都道府県":"東京都","区市町村":"品川区","町名":"上大崎","町丁目":"上大崎二丁目"},"geometry":{"type":"MultiLineString","coordinates":[[[139.716997,35.633888],[139.717484,35.634006],[139.718806,35.634486],[139.719287,35.634723]],[[139.719316,35.634551],[139.718435,35.63418],[139.717266,35.633776]]]}},{"type":"Feature","id":400,"properties":{"識別id":400,"利用時間":"09:00-19:00","制限時間":60,"手数料":300,"制限事項1":"日曜・休日を除く","制限事項2":"１月１日〜３日を除く","種別":"パーキング・チケット","普通車":1,"貨物用有り":1,"二輪車":0,"標章車専用有り":0,"都道府県":"東京都","区市町村":"品川区","町名":"東五反田","町丁目":"東五反田五丁目"},"geometry":{"type":"LineString","coordinates":[[139.723434,35.626815],[139.722706,35.627488],[139.722706,35.627576]]}},{"type":"Feature","id":401,"properties":{"識別id":401,"利用時間":"09:00-19:00","制限時間":60,"手数料":300,"制限事項1":"日曜・休日を除く","制限事項2":"１月１日〜３日を除く","種別":"パーキング・メーター","普通車":1,"貨物用有り":1,"二輪車":0,"標章車専用有り":0,"都道府県":"東京都","区市町村":"品川区","町名":"東五反田","町丁目":"東五反田五丁目"},"geometry":{"type":"MultiLineString","coordinates":[[[139.720435,35.628811],[139.721526,35.628313],[139.722473,35.627751]],[[139.72242,35.627733],[139.721756,35.628103],[139.720906,35.628537],[139.720392,35.628725]]]}},{"type":"Feature","id":403,"properties":{"識別id":403,"利用時間":"09:00-19:00","制限時間":60,"手数料":300,"制限事項1":"日曜・休日を除く","制限事項2":"１月１日〜３日を除く","種別":"パーキング・メーター","普通車":1,"貨物用有り":0,"二輪車":0,"標章車専用有り":0,"都道府県":"東京都","区市町村":"品川区","町名":"西五反田","町丁目":"西五反田二丁目"},"geometry":{"type":"LineString","coordinates":[[139.719623,35.627167],[139.720708,35.626921],[139.722535,35.626198]]}},{"type":"Feature","id":406,"properties":{"識別id":406,"利用時間":"09:00-19:00","制限時間":60,"手数料":300,"制限事項2":"１月１日〜３日を除く","種別":"パーキング・メーター","普通車":1,"貨物用有り":1,"二輪車":0,"標章車専用有り":0,"制限事項1":"","都道府県":"東京都","区市町村":"台東区","町名":"浅草","町丁目":"浅草一丁目"},"geometry":{"type":"LineString","coordinates":[[139.792173,35.711477],[139.79449,35.711182],[139.796899,35.710877]]}},{"type":"Feature","id":407,"properties":{"識別id":407,"利用時間":"09:00-19:00","制限時間":60,"手数料":300,"制限事項1":"日曜・休日を除く","制限事項2":"１月１日〜３日を除く","種別":"パーキング・メーター","普通車":1,"貨物用有り":0,"二輪車":0,"標章車専用有り":0,"都道府県":"東京都","区市町村":"港区","町名":"芝大門","町丁目":"芝大門一丁目"},"geometry":{"type":"LineString","coordinates":[[139.754779,35.6588],[139.753902,35.658896],[139.752523,35.659128]]}},{"type":"Feature","id":410,"properties":{"識別id":410,"利用時間":"09:00-19:00","制限時間":60,"手数料":300,"制限事項1":"日曜・休日を除く","制限事項2":"１月１日〜３日を除く","種別":"パーキング・メーター","普通車":1,"貨物用有り":0,"二輪車":0,"標章車専用有り":0,"都道府県":"東京都","区市町村":"品川区","町名":"上大崎","町丁目":"上大崎二丁目"},"geometry":{"type":"LineString","coordinates":[[139.716057,35.634956],[139.71517,35.634805]]}},{"type":"Feature","id":411,"properties":{"識別id":411,"利用時間":"09:00-19:00","制限時間":60,"手数料":300,"制限事項1":"日曜・休日を除く","制限事項2":"１月１日〜３日を除く","種別":"パーキング・メーター","普通車":1,"貨物用有り":0,"二輪車":0,"標章車専用有り":0,"都道府県":"東京都","区市町村":"港区","町名":"新橋","町丁目":"新橋六丁目"},"geometry":{"type":"MultiLineString","coordinates":[[[139.752975,35.660995],[139.754158,35.663553],[139.754418,35.664099]],[[139.754498,35.664072],[139.754244,35.663542],[139.753359,35.661635],[139.753055,35.660978]]]}},{"type":"Feature","id":413,"properties":{"識別id":413,"利用時間":"07:00-20:00","制限時間":60,"手数料":300,"制限事項2":"１月１日〜３日を除く","種別":"パーキング・メーター","普通車":1,"貨物用有り":1,"二輪車":0,"標章車専用有り":0,"制限事項1":"","都道府県":"東京都","区市町村":"渋谷区","町名":"渋谷","町丁目":"渋谷三丁目"},"geometry":{"type":"LineString","coordinates":[[139.704736,35.656854],[139.705588,35.656195],[139.706027,35.655854],[139.706541,35.655392]]}},{"type":"Feature","id":414,"properties":{"識別id":414,"利用時間":"07:00-20:00","制限時間":60,"手数料":300,"制限事項2":"１月１日〜３日を除く","種別":"パーキング・メーター","普通車":1,"貨物用有り":1,"二輪車":0,"標章車専用有り":0,"制限事項1":"","都道府県":"東京都","区市町村":"渋谷区","町名":"渋谷","町丁目":"渋谷三丁目"},"geometry":{"type":"LineString","coordinates":[[139.705462,35.656104],[139.705191,35.656312],[139.704729,35.656607],[139.704462,35.656786],[139.704264,35.65696],[139.704097,35.657092],[139.703867,35.657284]]}},{"type":"Feature","id":415,"properties":{"識別id":415,"利用時間":"09:00-19:00","制限時間":60,"手数料":300,"制限事項1":"日曜・休日を除く","制限事項2":"１月１日〜３日を除く","種別":"パーキング・メーター","普通車":1,"貨物用有り":0,"二輪車":0,"標章車専用有り":0,"都道府県":"東京都","区市町村":"台東区","町名":"小島","町丁目":"小島一丁目"},"geometry":{"type":"MultiLineString","coordinates":[[[139.782031,35.70696],[139.781924,35.706352],[139.781819,35.705725],[139.781664,35.704965],[139.78142,35.703906],[139.781072,35.702369]],[[139.780927,35.702313],[139.781075,35.703084],[139.781595,35.705313],[139.781815,35.706549],[139.78186,35.706949]]]}},{"type":"Feature","id":417,"properties":{"識別id":417,"利用時間":"08:00-20:00","制限時間":60,"手数料":300,"制限事項2":"１月１日〜３日を除く","種別":"パーキング・メーター","普通車":1,"貨物用有り":0,"二輪車":0,"標章車専用有り":0,"制限事項1":"","都道府県":"東京都","区市町村":"千代田区","町名":"内神田","町丁目":"内神田二丁目"},"geometry":{"type":"LineString","coordinates":[[139.766995,35.689643],[139.76833,35.689461],[139.768496,35.689423]]}},{"type":"Feature","id":418,"properties":{"識別id":418,"利用時間":"09:00-21:00","制限時間":60,"手数料":300,"制限事項2":"１月１日〜３日を除く","種別":"パーキング・メーター","普通車":1,"貨物用有り":1,"二輪車":0,"標章車専用有り":0,"制限事項1":"","都道府県":"東京都","区市町村":"中央区","町名":"銀座","町丁目":"銀座四丁目"},"geometry":{"type":"LineString","coordinates":[[139.770076,35.674015],[139.769751,35.673614],[139.768388,35.67188],[139.76757,35.6709],[139.766918,35.670262],[139.766719,35.670071]]}},{"type":"Feature","id":419,"properties":{"識別id":419,"利用時間":"09:00-19:00","制限時間":60,"手数料":300,"制限事項1":"日曜・休日を除く","制限事項2":"１月１日〜３日を除く","種別":"パーキング・メーター","普通車":1,"貨物用有り":0,"二輪車":0,"標章車専用有り":0,"都道府県":"東京都","区市町村":"中央区","町名":"日本橋小網町","町丁目":"日本橋小網町"},"geometry":{"type":"LineString","coordinates":[[139.783408,35.68057],[139.782568,35.681558],[139.782016,35.682207],[139.781901,35.682325],[139.781842,35.682365]]}},{"type":"Feature","id":420,"properties":{"識別id":420,"利用時間":"08:00-20:00","制限時間":60,"手数料":300,"制限事項2":"１月１日〜３日を除く","種別":"パーキング・メーター","普通車":1,"貨物用有り":0,"二輪車":0,"標章車専用有り":0,"制限事項1":"","都道府県":"東京都","区市町村":"千代田区","町名":"西神田","町丁目":"西神田一丁目"},"geometry":{"type":"LineString","coordinates":[[139.756882,35.698594],[139.758015,35.69906],[139.758075,35.699095]]}},{"type":"Feature","id":421,"properties":{"識別id":421,"利用時間":"09:00-21:00","制限時間":60,"手数料":300,"制限事項2":"１月１日〜３日を除く","種別":"パーキング・メーター","普通車":1,"貨物用有り":1,"二輪車":0,"標章車専用有り":0,"制限事項1":"","都道府県":"東京都","区市町村":"中央区","町名":"銀座","町丁目":"銀座一丁目"},"geometry":{"type":"LineString","coordinates":[[139.765885,35.675185],[139.766679,35.674635],[139.768484,35.673361],[139.769152,35.67292],[139.769592,35.672635]]}},{"type":"Feature","id":422,"properties":{"識別id":422,"利用時間":"09:00-20:00","制限時間":60,"手数料":300,"制限事項2":"１月１日〜３日を除く","種別":"パーキング・メーター","普通車":1,"貨物用有り":1,"二輪車":0,"標章車専用有り":0,"制限事項1":"","都道府県":"東京都","区市町村":"渋谷区","町名":"神宮前","町丁目":"神宮前一丁目"},"geometry":{"type":"MultiLineString","coordinates":[[[139.703794,35.669314],[139.705256,35.668648]],[[139.705162,35.668515],[139.703724,35.669186]]]}},{"type":"Feature","id":424,"properties":{"識別id":424,"利用時間":"09:00-20:00","制限時間":60,"手数料":300,"制限事項2":"１月１日〜３日を除く","種別":"パーキング・メーター","普通車":1,"貨物用有り":1,"二輪車":0,"標章車専用有り":0,"制限事項1":"","都道府県":"東京都","区市町村":"杉並区","町名":"阿佐谷南","町丁目":"阿佐谷南三丁目"},"geometry":{"type":"LineString","coordinates":[[139.635554,35.699775],[139.636427,35.703384],[139.63657,35.704073]]}},{"type":"Feature","id":425,"properties":{"識別id":425,"利用時間":"09:00-19:00","制限時間":60,"手数料":300,"制限事項2":"１月１日〜３日を除く","種別":"パーキング・メーター","普通車":1,"貨物用有り":1,"二輪車":0,"標章車専用有り":0,"制限事項1":"","都道府県":"東京都","区市町村":"千代田区","町名":"有楽町","町丁目":"有楽町一丁目"},"geometry":{"type":"LineString","coordinates":[[139.762321,35.675024],[139.761308,35.675259]]}},{"type":"Feature","id":426,"properties":{"識別id":426,"利用時間":"09:00-19:00","制限時間":60,"手数料":300,"制限事項1":"日曜・休日を除く","制限事項2":"１月１日〜３日を除く","種別":"パーキング・メーター","普通車":1,"貨物用有り":1,"二輪車":0,"標章車専用有り":0,"都道府県":"東京都","区市町村":"港区","町名":"芝公園","町丁目":"芝公園二丁目"},"geometry":{"type":"LineString","coordinates":[[139.752882,35.656875],[139.752727,35.654848],[139.752656,35.653811]]}},{"type":"Feature","id":427,"properties":{"識別id":427,"利用時間":"09:00-19:00","制限時間":60,"手数料":300,"制限事項1":"日曜・休日を除く","制限事項2":"１月１日〜３日を除く","種別":"パーキング・メーター","普通車":1,"貨物用有り":0,"二輪車":0,"標章車専用有り":0,"都道府県":"東京都","区市町村":"中央区","町名":"日本橋小網町","町丁目":"日本橋小網町"},"geometry":{"type":"LineString","coordinates":[[139.781552,35.68242],[139.780643,35.682334],[139.780345,35.682258]]}},{"type":"Feature","id":428,"properties":{"識別id":428,"利用時間":"09:00-19:00","制限時間":60,"手数料":300,"制限事項1":"日曜・休日を除く","制限事項2":"１月１日〜３日を除く","種別":"パーキング・メーター","普通車":1,"貨物用有り":1,"二輪車":0,"標章車専用有り":0,"都道府県":"東京都","区市町村":"中央区","町名":"築地","町丁目":"築地二丁目"},"geometry":{"type":"LineString","coordinates":[[139.771307,35.667271],[139.770462,35.667937]]}},{"type":"Feature","id":429,"properties":{"識別id":429,"利用時間":"09:00-19:00","制限時間":60,"手数料":300,"制限事項1":"日曜・休日を除く","制限事項2":"１月１日〜３日を除く","種別":"パーキング・メーター","普通車":1,"貨物用有り":0,"二輪車":0,"標章車専用有り":0,"都道府県":"東京都","区市町村":"中央区","町名":"築地","町丁目":"築地二丁目"},"geometry":{"type":"LineString","coordinates":[[139.771337,35.668648],[139.772247,35.667923]]}},{"type":"Feature","id":430,"properties":{"識別id":430,"利用時間":"09:00-19:00","制限時間":60,"手数料":300,"制限事項1":"日曜・休日を除く","制限事項2":"１月１日〜３日を除く","種別":"パーキング・メーター","普通車":1,"貨物用有り":0,"二輪車":0,"標章車専用有り":0,"都道府県":"東京都","区市町村":"中央区","町名":"築地","町丁目":"築地一丁目"},"geometry":{"type":"LineString","coordinates":[[139.772527,35.670686],[139.772129,35.670209]]}},{"type":"Feature","id":431,"properties":{"識別id":431,"利用時間":"07:00-20:00","制限時間":60,"手数料":300,"制限事項2":"１月１日〜３日を除く","種別":"パーキング・メーター","普通車":1,"貨物用有り":0,"二輪車":0,"標章車専用有り":0,"制限事項1":"","都道府県":"東京都","区市町村":"千代田区","町名":"岩本町","町丁目":"岩本町三丁目"},"geometry":{"type":"LineString","coordinates":[[139.776626,35.695618],[139.77639,35.696462]]}},{"type":"Feature","id":434,"properties":{"識別id":434,"利用時間":"09:00-20:00","制限時間":60,"手数料":300,"制限事項2":"１月１日〜３日を除く","種別":"パーキング・メーター","普通車":1,"貨物用有り":0,"二輪車":0,"標章車専用有り":0,"制限事項1":"","都道府県":"東京都","区市町村":"渋谷区","町名":"神宮前","町丁目":"神宮前二丁目"},"geometry":{"type":"LineString","coordinates":[[139.709247,35.672164],[139.710568,35.672621],[139.710907,35.672686],[139.711332,35.672649],[139.713734,35.672233]]}},{"type":"Feature","id":435,"properties":{"識別id":435,"利用時間":"09:00-19:00","制限時間":60,"手数料":300,"制限事項1":"日曜・休日を除く","制限事項2":"１月１日〜３日を除く","種別":"パーキング・メーター","普通車":1,"貨物用有り":1,"二輪車":0,"標章車専用有り":0,"都道府県":"東京都","区市町村":"文京区","町名":"千石","町丁目":"千石二丁目"},"geometry":{"type":"MultiLineString","coordinates":[[[139.744718,35.717211],[139.744389,35.717387],[139.744252,35.717482],[139.744174,35.717552],[139.743603,35.718026],[139.743437,35.718167],[139.743121,35.718427],[139.742739,35.718646],[139.742578,35.718732],[139.742181,35.718955],[139.741923,35.719118],[139.741502,35.719475],[139.741414,35.719554],[139.741014,35.719893],[139.740913,35.719987],[139.740861,35.720042],[139.740792,35.720126],[139.740678,35.720258],[139.740602,35.720336],[139.740507,35.72045],[139.740199,35.720801],[139.740081,35.720935],[139.739962,35.721072],[139.73985,35.721195],[139.73959,35.721494],[139.739531,35.721561],[139.739438,35.72166],[139.739344,35.721761],[139.739225,35.721853],[139.739084,35.721964],[139.738615,35.722327],[139.738461,35.722443],[139.738005,35.722797],[139.737849,35.722915],[139.737515,35.723177],[139.737264,35.723409],[139.737125,35.723567],[139.736723,35.723982],[139.736597,35.724121],[139.736432,35.724291],[139.736292,35.724449],[139.736092,35.72467],[139.736059,35.724721],[139.73602,35.724755],[139.735959,35.724827],[139.73576,35.725056],[139.73551,35.725379],[139.735135,35.725865],[139.735034,35.725984],[139.734866,35.726144],[139.734648,35.726331],[139.734228,35.726693],[139.73384,35.727034],[139.733338,35.727464],[139.733246,35.727542],[139.733022,35.727738],[139.732795,35.727936],[139.732413,35.728266],[139.732103,35.728528],[139.731959,35.728655],[139.73173,35.728855],[139.731514,35.729033],[139.730939,35.729528],[139.73066,35.729775],[139.730619,35.729811]],[[139.730091,35.730835],[139.730072,35.730702],[139.730071,35.730598],[139.730094,35.730497],[139.730156,35.730365],[139.73024,35.730254],[139.730352,35.730144],[139.73092,35.729655],[139.731055,35.729544],[139.731155,35.729465],[139.731271,35.729363],[139.731642,35.72904],[139.732779,35.728052],[139.733289,35.727608],[139.734094,35.726913],[139.734947,35.726177],[139.735126,35.726001],[139.735236,35.725866],[139.735856,35.72507],[139.736164,35.724725],[139.736588,35.724243],[139.737378,35.723418],[139.737579,35.723217],[139.738895,35.722206],[139.739391,35.721827],[139.739496,35.721719],[139.740272,35.720844],[139.740769,35.720276],[139.741011,35.720005],[139.741938,35.719207],[139.74214,35.719069],[139.74318,35.718481],[139.744223,35.717611],[139.7445,35.717417],[139.744755,35.717289],[139.745489,35.716984],[139.745755,35.716858],[139.745957,35.7167],[139.746325,35.716393],[139.746709,35.716079],[139.746826,35.715987],[139.747562,35.715488],[139.748336,35.714939],[139.74983,35.713863],[139.750025,35.713743]],[[139.749807,35.713785],[139.748906,35.714433],[139.748276,35.714881],[139.747638,35.715341],[139.746711,35.715978],[139.746267,35.716339],[139.745729,35.716775]],[[139.73006,35.730337],[139.73003,35.730393],[139.729998,35.730496],[139.729969,35.730652],[139.729974,35.730802],[139.729985,35.730874]]]}},{"type":"Feature","id":439,"properties":{"識別id":439,"利用時間":"09:00-19:00","制限時間":60,"手数料":300,"制限事項1":"日曜・休日を除く","制限事項2":"１月１日〜３日を除く","種別":"パーキング・メーター","普通車":1,"貨物用有り":1,"二輪車":0,"標章車専用有り":0,"都道府県":"東京都","区市町村":"豊島区","町名":"南大塚","町丁目":"南大塚三丁目"},"geometry":{"type":"MultiLineString","coordinates":[[[139.729841,35.726329],[139.729741,35.726647],[139.729711,35.726801],[139.729563,35.727301],[139.729404,35.727757],[139.729239,35.728492],[139.7292,35.728675],[139.729153,35.729016],[139.729092,35.729467],[139.729073,35.729783],[139.729059,35.730185],[139.729065,35.730339],[139.729105,35.730581]],[[139.72928,35.730616],[139.729246,35.730426],[139.72923,35.730228],[139.72924,35.729787],[139.729282,35.729347],[139.729361,35.728723],[139.729438,35.728219],[139.729488,35.727786],[139.72968,35.727243],[139.729832,35.726691],[139.729871,35.726489],[139.730103,35.725982]]]}},{"type":"Feature","id":441,"properties":{"識別id":441,"利用時間":"09:00-19:00","制限時間":60,"手数料":300,"制限事項1":"日曜・休日を除く","制限事項2":"１月１日〜３日を除く","種別":"パーキング・チケット","普通車":1,"貨物用有り":1,"二輪車":0,"標章車専用有り":0,"都道府県":"東京都","区市町村":"豊島区","町名":"上池袋","町丁目":"上池袋一丁目"},"geometry":{"type":"MultiLineString","coordinates":[[[139.726915,35.735172],[139.726866,35.735224],[139.726681,35.7354],[139.726495,35.735546],[139.726321,35.735641],[139.726184,35.735702],[139.726093,35.735745],[139.725954,35.735795],[139.725165,35.736044],[139.724444,35.736278],[139.724163,35.736427],[139.72406,35.736501],[139.723784,35.736741],[139.72319,35.737481],[139.722827,35.737936],[139.722473,35.738437]],[[139.722521,35.73853],[139.72271,35.73824],[139.72328,35.737492],[139.723879,35.736758],[139.724129,35.736547],[139.724235,35.736477],[139.724508,35.736327],[139.726181,35.735797],[139.726365,35.735709],[139.726557,35.735602],[139.726808,35.735403],[139.726945,35.735267],[139.726998,35.735211]]]}},{"type":"Feature","id":443,"properties":{"識別id":443,"利用時間":"09:00-19:00","制限時間":60,"手数料":300,"制限事項1":"日曜・休日を除く","制限事項2":"１月１日〜３日を除く","種別":"パーキング・メーター","普通車":1,"貨物用有り":1,"二輪車":0,"標章車専用有り":0,"都道府県":"東京都","区市町村":"豊島区","町名":"北大塚","町丁目":"北大塚一丁目"},"geometry":{"type":"MultiLineString","coordinates":[[[139.730352,35.731924],[139.730504,35.732512],[139.730676,35.732909],[139.730784,35.733053]],[[139.730864,35.733018],[139.73075,35.732869],[139.730611,35.732557],[139.730419,35.731892]]]}},{"type":"Feature","id":445,"properties":{"識別id":445,"利用時間":"09:00-20:00","制限時間":60,"手数料":300,"制限事項2":"１月１日〜３日を除く","種別":"パーキング・メーター","普通車":1,"貨物用有り":1,"二輪車":0,"標章車専用有り":1,"制限事項1":"","都道府県":"東京都","区市町村":"杉並区","町名":"高円寺南","町丁目":"高円寺南二丁目"},"geometry":{"type":"LineString","coordinates":[[139.649345,35.698776],[139.649278,35.699448],[139.649268,35.699795],[139.649556,35.701803],[139.649588,35.702284],[139.649613,35.704686],[139.649602,35.705039],[139.649586,35.705157],[139.649565,35.705457]]}},{"type":"Feature","id":446,"properties":{"識別id":446,"利用時間":"09:00-20:00","制限時間":60,"手数料":300,"制限事項2":"１月１日〜３日を除く","種別":"パーキング・メーター","普通車":1,"貨物用有り":1,"二輪車":0,"標章車専用有り":0,"制限事項1":"","都道府県":"東京都","区市町村":"杉並区","町名":"高円寺南","町丁目":"高円寺南二丁目"},"geometry":{"type":"LineString","coordinates":[[139.649704,35.705469],[139.649714,35.705165],[139.649698,35.704638],[139.649677,35.702696],[139.649659,35.701837],[139.649372,35.699861],[139.649353,35.699637],[139.649387,35.699279]]}},{"type":"Feature","id":447,"properties":{"識別id":447,"利用時間":"09:00-19:00","制限時間":60,"手数料":300,"制限事項1":"日曜・休日を除く","制限事項2":"１月１日〜３日を除く","種別":"パーキング・メーター","普通車":1,"貨物用有り":0,"二輪車":0,"標章車専用有り":0,"都道府県":"東京都","区市町村":"新宿区","町名":"四谷","町丁目":"四谷一丁目"},"geometry":{"type":"LineString","coordinates":[[139.72517,35.688566],[139.726287,35.688058],[139.727229,35.687662],[139.72781,35.687451],[139.727966,35.68741],[139.729479,35.686798]]}},{"type":"Feature","id":448,"properties":{"識別id":448,"利用時間":"09:00-19:00","制限時間":60,"手数料":300,"制限事項2":"１月１日〜３日を除く","種別":"パーキング・チケット","普通車":1,"貨物用有り":1,"二輪車":0,"標章車専用有り":0,"制限事項1":"","都道府県":"東京都","区市町村":"新宿区","町名":"西新宿","町丁目":"西新宿二丁目"},"geometry":{"type":"MultiLineString","coordinates":[[[139.689317,35.686315],[139.688918,35.688234],[139.688796,35.688735],[139.68868,35.689027],[139.688622,35.689134],[139.688454,35.689335],[139.687557,35.690452],[139.687409,35.690658],[139.687266,35.690959],[139.687189,35.69121],[139.68693,35.692214],[139.686942,35.692776],[139.68702,35.69342],[139.687117,35.693965],[139.6873,35.694307],[139.688274,35.695708]],[[139.688408,35.695654],[139.687406,35.694203],[139.687241,35.693922],[139.687078,35.692643],[139.687093,35.69203],[139.687404,35.690989],[139.687581,35.690639],[139.687866,35.690273],[139.688592,35.68939],[139.688744,35.689194],[139.688845,35.689012],[139.688902,35.688868],[139.689062,35.688243],[139.689432,35.686476]]]}},{"type":"Feature","id":450,"properties":{"識別id":450,"利用時間":"09:00-19:00","制限時間":60,"手数料":300,"制限事項1":"日曜・休日を除く","制限事項2":"１月１日〜３日を除く","種別":"パーキング・メーター","普通車":1,"貨物用有り":0,"二輪車":0,"標章車専用有り":0,"都道府県":"東京都","区市町村":"中央区","町名":"日本橋室町","町丁目":"日本橋室町一丁目"},"geometry":{"type":"LineString","coordinates":[[139.774283,35.684604],[139.773076,35.684882],[139.771477,35.685138]]}},{"type":"Feature","id":453,"properties":{"識別id":453,"利用時間":"07:00-20:00","制限時間":40,"手数料":200,"制限事項2":"１月１日〜３日を除く","種別":"パーキング・メーター","普通車":1,"貨物用有り":1,"二輪車":0,"標章車専用有り":0,"制限事項1":"","都道府県":"東京都","区市町村":"豊島区","町名":"南池袋","町丁目":"南池袋二丁目"},"geometry":{"type":"LineString","coordinates":[[139.714519,35.72505],[139.715735,35.726367],[139.716622,35.727323]]}},{"type":"Feature","id":454,"properties":{"識別id":454,"利用時間":"07:00-20:00","制限時間":40,"手数料":200,"制限事項2":"１月１日〜３日を除く","種別":"パーキング・メーター","普通車":1,"貨物用有り":1,"二輪車":0,"標章車専用有り":0,"制限事項1":"","都道府県":"東京都","区市町村":"豊島区","町名":"南池袋","町丁目":"南池袋二丁目"},"geometry":{"type":"LineString","coordinates":[[139.713928,35.72776],[139.713315,35.728162]]}},{"type":"Feature","id":455,"properties":{"識別id":455,"利用時間":"07:00-20:00","制限時間":40,"手数料":200,"制限事項2":"１月１日〜３日を除く","種別":"パーキング・メーター","普通車":1,"貨物用有り":1,"二輪車":0,"標章車専用有り":0,"制限事項1":"","都道府県":"東京都","区市町村":"豊島区","町名":"南池袋","町丁目":"南池袋一丁目"},"geometry":{"type":"LineString","coordinates":[[139.712201,35.728829],[139.713137,35.728266]]}},{"type":"Feature","id":456,"properties":{"識別id":456,"利用時間":"09:00-19:00","制限時間":60,"手数料":300,"制限事項1":"日曜・休日を除く","制限事項2":"１月１日〜３日を除く","種別":"パーキング・メーター","普通車":1,"貨物用有り":0,"二輪車":0,"標章車専用有り":0,"都道府県":"東京都","区市町村":"中央区","町名":"日本橋大伝馬町","町丁目":"日本橋大伝馬町"},"geometry":{"type":"LineString","coordinates":[[139.779934,35.690951],[139.778959,35.690291]]}},{"type":"Feature","id":457,"properties":{"識別id":457,"利用時間":"09:00-19:00","制限時間":60,"手数料":300,"制限事項1":"日曜・休日を除く","制限事項2":"１月１日〜３日を除く","種別":"パーキング・メーター","普通車":1,"貨物用有り":0,"二輪車":0,"標章車専用有り":0,"都道府県":"東京都","区市町村":"千代田区","町名":"内幸町","町丁目":"内幸町二丁目"},"geometry":{"type":"LineString","coordinates":[[139.755258,35.669619],[139.754413,35.669921],[139.753415,35.67024],[139.752426,35.670528],[139.752125,35.670535]]}},{"type":"Feature","id":458,"properties":{"識別id":458,"利用時間":"09:00-19:00","制限時間":60,"手数料":300,"制限事項1":"日曜・休日を除く","制限事項2":"１月１日〜３日を除く","種別":"パーキング・メーター","普通車":1,"貨物用有り":1,"二輪車":0,"標章車専用有り":0,"都道府県":"東京都","区市町村":"台東区","町名":"西浅草","町丁目":"西浅草二丁目"},"geometry":{"type":"MultiLineString","coordinates":[[[139.78937,35.717947],[139.789206,35.716638],[139.788971,35.71424],[139.788925,35.713825],[139.78859,35.712418],[139.788445,35.711655],[139.788406,35.711086],[139.788337,35.710456]],[[139.788208,35.710465],[139.788264,35.711068],[139.788329,35.711782],[139.788546,35.712818],[139.788769,35.713788],[139.788998,35.715829],[139.789228,35.717963]]]}},{"type":"Feature","id":460,"properties":{"識別id":460,"利用時間":"09:00-19:00","制限時間":60,"手数料":300,"制限事項1":"日曜・休日を除く","制限事項2":"１月１日〜３日を除く","種別":"パーキング・メーター","普通車":1,"貨物用有り":1,"二輪車":0,"標章車専用有り":0,"都道府県":"東京都","区市町村":"千代田区","町名":"霞が関","町丁目":"霞が関一丁目"},"geometry":{"type":"LineString","coordinates":[[139.751803,35.67061],[139.751459,35.67073]]}},{"type":"Feature","id":461,"properties":{"識別id":461,"利用時間":"09:00-19:00","制限時間":60,"手数料":300,"制限事項1":"日曜・休日を除く","制限事項2":"１月１日〜３日を除く","種別":"パーキング・メーター","普通車":1,"貨物用有り":1,"二輪車":0,"標章車専用有り":0,"都道府県":"東京都","区市町村":"千代田区","町名":"内幸町","町丁目":"内幸町一丁目"},"geometry":{"type":"LineString","coordinates":[[139.758023,35.668862],[139.758413,35.669569]]}},{"type":"Feature","id":462,"properties":{"識別id":462,"利用時間":"09:00-19:00","制限時間":60,"手数料":300,"制限事項1":"日曜・休日を除く","制限事項2":"１月１日〜３日を除く","種別":"パーキング・メーター","普通車":1,"貨物用有り":1,"二輪車":0,"標章車専用有り":0,"都道府県":"東京都","区市町村":"中央区","町名":"日本橋人形町","町丁目":"日本橋人形町一丁目"},"geometry":{"type":"MultiLineString","coordinates":[[[139.782388,35.686287],[139.782797,35.685836],[139.7841,35.684369]],[[139.78399,35.684332],[139.783275,35.685126],[139.78269,35.685772],[139.782268,35.686236]]]}},{"type":"Feature","id":464,"properties":{"識別id":464,"利用時間":"07:00-20:00","制限時間":60,"手数料":300,"制限事項2":"１月１日〜３日を除く","種別":"パーキング・メーター","普通車":1,"貨物用有り":1,"二輪車":0,"標章車専用有り":0,"制限事項1":"","都道府県":"東京都","区市町村":"千代田区","町名":"岩本町","町丁目":"岩本町一丁目"},"geometry":{"type":"MultiLineString","coordinates":[[[139.77638,35.694503],[139.777203,35.692709],[139.777529,35.69198],[139.778474,35.690832]],[[139.778374,35.690778],[139.777675,35.691587],[139.777484,35.691852],[139.777384,35.692026],[139.777085,35.692657],[139.776264,35.694472]]]}},{"type":"Feature","id":466,"properties":{"識別id":466,"利用時間":"09:00-19:00","制限時間":60,"手数料":300,"制限事項2":"１月１日〜３日を除く","種別":"パーキング・メーター","普通車":1,"貨物用有り":1,"二輪車":0,"標章車専用有り":0,"制限事項1":"","都道府県":"東京都","区市町村":"千代田区","町名":"有楽町","町丁目":"有楽町一丁目"},"geometry":{"type":"LineString","coordinates":[[139.759338,35.674534],[139.759758,35.674229]]}},{"type":"Feature","id":469,"properties":{"識別id":469,"利用時間":"09:00-20:00","制限時間":60,"手数料":300,"制限事項2":"１月１日〜３日を除く","種別":"パーキング・メーター","普通車":1,"貨物用有り":1,"二輪車":0,"標章車専用有り":0,"制限事項1":"","都道府県":"東京都","区市町村":"渋谷区","町名":"神宮前","町丁目":"神宮前二丁目"},"geometry":{"type":"MultiLineString","coordinates":[[[139.715284,35.669443],[139.7139,35.67034],[139.71359,35.6706],[139.71295,35.67131],[139.71266,35.67171],[139.7125,35.67235],[139.71247,35.67313],[139.7125,35.67355],[139.71252,35.67438],[139.7126,35.67575],[139.71253,35.67699],[139.71252,35.67699],[139.71254,35.67697],[139.71254,35.67698],[139.71253,35.67698]],[[139.71267,35.67695],[139.71267,35.67695],[139.71267,35.67695],[139.71267,35.67695],[139.71275,35.67546],[139.71259,35.67338],[139.71265,35.67235],[139.71278,35.67182],[139.71314,35.6713],[139.71389,35.6705],[139.715295,35.669594]]]}},{"type":"Feature","id":472,"properties":{"識別id":472,"利用時間":"09:00-19:00","制限時間":60,"手数料":300,"制限事項2":"１月１日〜３日を除く","種別":"パーキング・メーター","普通車":1,"貨物用有り":1,"二輪車":0,"標章車専用有り":0,"制限事項1":"","都道府県":"東京都","区市町村":"新宿区","町名":"西新宿","町丁目":"西新宿一丁目"},"geometry":{"type":"MultiLineString","coordinates":[[[139.696468,35.688377],[139.696264,35.690902]],[[139.696367,35.690869],[139.696434,35.690004]],[[139.696482,35.689381],[139.696572,35.688357]]]}},{"type":"Feature","id":475,"properties":{"識別id":475,"利用時間":"09:00-19:00","制限時間":60,"手数料":300,"制限事項1":"日曜・休日を除く","制限事項2":"１月１日〜３日を除く","種別":"パーキング・メーター","普通車":1,"貨物用有り":0,"二輪車":0,"標章車専用有り":0,"都道府県":"東京都","区市町村":"千代田区","町名":"飯田橋","町丁目":"飯田橋三丁目"},"geometry":{"type":"LineString","coordinates":[[139.750381,35.702375],[139.749584,35.702421],[139.748041,35.702525],[139.746307,35.702633],[139.746159,35.702608],[139.745674,35.702461],[139.745334,35.702272]]}},{"type":"Feature","id":476,"properties":{"識別id":476,"利用時間":"09:00-19:00","制限時間":60,"手数料":300,"制限事項1":"日曜・休日を除く","制限事項2":"１月１日〜３日を除く","種別":"パーキング・メーター","普通車":1,"貨物用有り":0,"二輪車":0,"標章車専用有り":0,"都道府県":"東京都","区市町村":"目黒区","町名":"目黒","町丁目":"目黒一丁目"},"geometry":{"type":"LineString","coordinates":[[139.711353,35.634172],[139.712048,35.634494],[139.714419,35.634819]]}},{"type":"Feature","id":477,"properties":{"識別id":477,"利用時間":"09:00-19:00","制限時間":60,"手数料":300,"制限事項1":"日曜・休日を除く","制限事項2":"１月１日〜３日を除く","種別":"パーキング・メーター","普通車":1,"貨物用有り":1,"二輪車":0,"標章車専用有り":0,"都道府県":"東京都","区市町村":"目黒区","町名":"目黒","町丁目":"目黒一丁目"},"geometry":{"type":"LineString","coordinates":[[139.714953,35.634787],[139.713315,35.634573]]}},{"type":"Feature","id":478,"properties":{"識別id":478,"利用時間":"09:00-19:00","制限時間":60,"手数料":300,"制限事項1":"日曜・休日を除く","制限事項2":"１月１日〜３日を除く","種別":"パーキング・メーター","普通車":1,"貨物用有り":0,"二輪車":0,"標章車専用有り":0,"都道府県":"東京都","区市町村":"中央区","町名":"築地","町丁目":"築地一丁目"},"geometry":{"type":"LineString","coordinates":[[139.77103,35.670074],[139.769978,35.669215]]}},{"type":"Feature","id":479,"properties":{"識別id":479,"利用時間":"08:00-20:00","制限時間":60,"手数料":300,"制限事項2":"１月１日〜３日を除く","種別":"パーキング・メーター","普通車":1,"貨物用有り":0,"二輪車":0,"標章車専用有り":0,"制限事項1":"","都道府県":"東京都","区市町村":"千代田区","町名":"神田錦町","町丁目":"神田錦町一丁目"},"geometry":{"type":"LineString","coordinates":[[139.76171,35.691157],[139.762162,35.690731],[139.762279,35.690683],[139.763945,35.690363],[139.764086,35.69033],[139.764346,35.690226]]}},{"type":"Feature","id":480,"properties":{"識別id":480,"利用時間":"09:00-19:00","制限時間":60,"手数料":300,"制限事項1":"日曜・休日を除く","制限事項2":"１月１日〜３日を除く","種別":"パーキング・メーター","普通車":1,"貨物用有り":1,"二輪車":0,"標章車専用有り":0,"都道府県":"東京都","区市町村":"中央区","町名":"八丁堀","町丁目":"八丁堀四丁目"},"geometry":{"type":"MultiLineString","coordinates":[[[139.774169,35.673941],[139.774177,35.674155],[139.774292,35.674554],[139.774426,35.674784],[139.774993,35.675698],[139.775238,35.676101],[139.776993,35.67885]],[[139.777076,35.678813],[139.775315,35.676063],[139.775078,35.675671],[139.774534,35.67478],[139.774428,35.67456],[139.774371,35.674394],[139.774313,35.674098],[139.7743,35.673924]]]}},{"type":"Feature","id":483,"properties":{"識別id":483,"利用時間":"09:00-19:00","制限時間":60,"手数料":300,"制限事項1":"日曜・休日を除く","制限事項2":"１月１日〜３日を除く","種別":"パーキング・メーター","普通車":1,"貨物用有り":0,"二輪車":0,"標章車専用有り":0,"都道府県":"東京都","区市町村":"港区","町名":"新橋","町丁目":"新橋六丁目"},"geometry":{"type":"LineString","coordinates":[[139.755169,35.66104],[139.754717,35.660383]]}},{"type":"Feature","id":484,"properties":{"識別id":484,"利用時間":"09:00-19:00","制限時間":60,"手数料":300,"制限事項1":"日曜・休日を除く","制限事項2":"１月１日〜３日を除く","種別":"パーキング・メーター","普通車":1,"貨物用有り":0,"二輪車":0,"標章車専用有り":0,"都道府県":"東京都","区市町村":"港区","町名":"六本木","町丁目":"六本木五丁目"},"geometry":{"type":"LineString","coordinates":[[139.732497,35.658709],[139.732649,35.658236],[139.732794,35.657924],[139.733132,35.657509],[139.733607,35.657191]]}},{"type":"Feature","id":485,"properties":{"識別id":485,"利用時間":"09:00-19:00","制限時間":60,"手数料":300,"制限事項1":"日曜・休日を除く","制限事項2":"１月１日〜３日を除く","種別":"パーキング・メーター","普通車":1,"貨物用有り":1,"二輪車":0,"標章車専用有り":0,"都道府県":"東京都","区市町村":"港区","町名":"新橋","町丁目":"新橋三丁目"},"geometry":{"type":"LineString","coordinates":[[139.756692,35.666068],[139.7562,35.665139]]}},{"type":"Feature","id":486,"properties":{"識別id":486,"利用時間":"09:00-19:00","制限時間":60,"手数料":300,"制限事項1":"日曜・休日を除く","制限事項2":"１月１日〜３日を除く","種別":"パーキング・チケット","普通車":1,"貨物用有り":1,"二輪車":0,"標章車専用有り":0,"都道府県":"東京都","区市町村":"港区","町名":"西麻布","町丁目":"西麻布三丁目"},"geometry":{"type":"MultiLineString","coordinates":[[[139.723601,35.659543],[139.723773,35.658826],[139.72376,35.658632],[139.723859,35.658304],[139.723973,35.657098],[139.72398,35.656695],[139.723836,35.656193],[139.722544,35.653781],[139.722288,35.652887],[139.72233,35.651135],[139.722721,35.649214],[139.722986,35.648056],[139.723013,35.647772]],[[139.722765,35.647827],[139.722665,35.648703],[139.722195,35.650758],[139.722128,35.651806],[139.722113,35.652953],[139.722309,35.653671],[139.722414,35.653927],[139.723726,35.656403],[139.723792,35.656843],[139.723698,35.658168],[139.723625,35.658689],[139.723406,35.659522]]]}},{"type":"Feature","id":488,"properties":{"識別id":488,"利用時間":"09:00-21:00","制限時間":60,"手数料":300,"制限事項2":"１月１日〜３日を除く","種別":"パーキング・メーター","普通車":1,"貨物用有り":1,"二輪車":0,"標章車専用有り":0,"制限事項1":"","都道府県":"東京都","区市町村":"中央区","町名":"銀座","町丁目":"銀座六丁目"},"geometry":{"type":"LineString","coordinates":[[139.766736,35.668111],[139.766267,35.66854]]}},{"type":"Feature","id":489,"properties":{"識別id":489,"利用時間":"10:00-20:00","制限時間":60,"手数料":300,"制限事項1":"日曜・休日を除く","制限事項2":"１月１日〜３日を除く","種別":"パーキング・チケット","普通車":1,"貨物用有り":0,"二輪車":0,"標章車専用有り":0,"都道府県":"東京都","区市町村":"江東区","町名":"永代","町丁目":"永代二丁目"},"geometry":{"type":"LineString","coordinates":[[139.792121,35.67371],[139.793066,35.673286]]}},{"type":"Feature","id":490,"properties":{"識別id":490,"利用時間":"10:00-20:00","制限時間":60,"手数料":300,"制限事項1":"日曜・休日を除く","制限事項2":"１月１日〜３日を除く","種別":"パーキング・チケット","普通車":1,"貨物用有り":1,"二輪車":0,"標章車専用有り":0,"都道府県":"東京都","区市町村":"江東区","町名":"富岡","町丁目":"富岡二丁目"},"geometry":{"type":"MultiLineString","coordinates":[[[139.795057,35.672407],[139.8003,35.670119],[139.800438,35.670064],[139.800751,35.669989]],[[139.800701,35.669822],[139.800389,35.6699],[139.800216,35.669969],[139.794984,35.672243]]]}},{"type":"Feature","id":492,"properties":{"識別id":492,"利用時間":"09:00-19:00","制限時間":60,"手数料":300,"制限事項1":"日曜・休日を除く","制限事項2":"１月１日〜３日を除く","種別":"パーキング・メーター","普通車":1,"貨物用有り":1,"二輪車":0,"標章車専用有り":0,"都道府県":"東京都","区市町村":"墨田区","町名":"本所","町丁目":"本所二丁目"},"geometry":{"type":"MultiLineString","coordinates":[[[139.797127,35.703685],[139.802177,35.703814],[139.804564,35.703948]],[[139.804585,35.703826],[139.802124,35.703704],[139.797037,35.703551]]]}},{"type":"Feature","id":494,"properties":{"識別id":494,"利用時間":"09:00-19:00","制限時間":60,"手数料":300,"制限事項1":"日曜・休日を除く","制限事項2":"１月１日〜３日を除く","種別":"パーキング・メーター","普通車":1,"貨物用有り":1,"二輪車":0,"標章車専用有り":0,"都道府県":"東京都","区市町村":"墨田区","町名":"横川","町丁目":"横川三丁目"},"geometry":{"type":"MultiLineString","coordinates":[[[139.804879,35.703945],[139.807773,35.704098],[139.812965,35.704355],[139.81424,35.704428]],[[139.814239,35.704294],[139.808771,35.704025],[139.80725,35.703958],[139.804908,35.703848]]]}},{"type":"Feature","id":496,"properties":{"識別id":496,"利用時間":"09:00-20:00","制限時間":60,"手数料":300,"制限事項1":"日曜・休日を除く","制限事項2":"１月１日〜３日を除く","種別":"パーキング・チケット","普通車":1,"貨物用有り":1,"二輪車":0,"標章車専用有り":0,"都道府県":"東京都","区市町村":"新宿区","町名":"高田馬場","町丁目":"高田馬場二丁目"},"geometry":{"type":"MultiLineString","coordinates":[[[139.705803,35.713019],[139.707405,35.712113],[139.707742,35.711979],[139.709916,35.711567]],[[139.709869,35.711461],[139.708111,35.711787],[139.707626,35.711877],[139.706962,35.712219],[139.70573,35.712937]]]}},{"type":"Feature","id":498,"properties":{"識別id":498,"利用時間":"09:00-19:00","制限時間":60,"手数料":300,"制限事項1":"日曜・休日を除く","制限事項2":"１月１日〜３日を除く","種別":"パーキング・チケット","普通車":1,"貨物用有り":1,"二輪車":0,"標章車専用有り":0,"都道府県":"東京都","区市町村":"豊島区","町名":"南大塚","町丁目":"南大塚三丁目"},"geometry":{"type":"MultiLineString","coordinates":[[[139.725805,35.731906],[139.727406,35.731494],[139.728236,35.731302]],[[139.728222,35.731233],[139.727399,35.731431],[139.726089,35.731763]]]}},{"type":"Feature","id":500,"properties":{"識別id":500,"利用時間":"07:00-20:00","制限時間":60,"手数料":300,"制限事項2":"１月１日〜３日を除く","種別":"パーキング・メーター","普通車":1,"貨物用有り":1,"二輪車":0,"標章車専用有り":0,"制限事項1":"","都道府県":"東京都","区市町村":"千代田区","町名":"岩本町","町丁目":"岩本町二丁目"},"geometry":{"type":"MultiLineString","coordinates":[[[139.774982,35.691822],[139.775634,35.692074],[139.777507,35.692821],[139.778095,35.693078],[139.779849,35.694359]],[[139.779913,35.694273],[139.778156,35.692986],[139.77708,35.692516],[139.774983,35.691709]]]}},{"type":"Feature","id":502,"properties":{"識別id":502,"利用時間":"09:00-19:00","制限時間":60,"手数料":300,"制限事項1":"日曜・休日を除く","制限事項2":"１月１日〜３日を除く","種別":"パーキング・メーター","普通車":1,"貨物用有り":0,"二輪車":0,"標章車専用有り":0,"都道府県":"東京都","区市町村":"港区","町名":"虎ノ門","町丁目":"虎ノ門三丁目"},"geometry":{"type":"LineString","coordinates":[[139.748452,35.661729],[139.747721,35.66183],[139.747267,35.661903]]}},{"type":"Feature","id":503,"properties":{"識別id":503,"利用時間":"09:00-19:00","制限時間":60,"手数料":300,"制限事項1":"日曜・休日を除く","制限事項2":"１月１日〜３日を除く","種別":"パーキング・メーター","普通車":1,"貨物用有り":1,"二輪車":0,"標章車専用有り":0,"都道府県":"東京都","区市町村":"品川区","町名":"上大崎","町丁目":"上大崎二丁目"},"geometry":{"type":"MultiLineString","coordinates":[[[139.713323,35.634405],[139.713815,35.634277],[139.714691,35.633907],[139.715232,35.633816]],[[139.715177,35.63371],[139.714561,35.633822],[139.713483,35.634261]]]}},{"type":"Feature","id":505,"properties":{"識別id":505,"利用時間":"09:00-19:00","制限時間":60,"手数料":300,"制限事項2":"１月１日〜３日を除く","種別":"パーキング・メーター","普通車":1,"貨物用有り":0,"二輪車":0,"標章車専用有り":0,"制限事項1":"","都道府県":"東京都","区市町村":"新宿区","町名":"西新宿","町丁目":"西新宿二丁目"},"geometry":{"type":"LineString","coordinates":[[139.689652,35.686428],[139.690315,35.686788],[139.690944,35.68697],[139.691259,35.68703]]}},{"type":"Feature","id":506,"properties":{"識別id":506,"利用時間":"09:00-19:00","制限時間":60,"手数料":300,"制限事項2":"１月１日〜３日を除く","種別":"パーキング・メーター","普通車":1,"貨物用有り":1,"二輪車":0,"標章車専用有り":0,"制限事項1":"","都道府県":"東京都","区市町村":"新宿区","町名":"西新宿","町丁目":"西新宿六丁目"},"geometry":{"type":"MultiLineString","coordinates":[[[139.68735,35.691217],[139.688582,35.691718],[139.689015,35.691825],[139.689369,35.691891],[139.690151,35.692015]],[[139.690128,35.691852],[139.689073,35.691672],[139.688712,35.69159],[139.687399,35.691036]]]}},{"type":"Feature","id":508,"properties":{"識別id":508,"利用時間":"09:00-19:00","制限時間":60,"手数料":300,"制限事項2":"１月１日〜３日を除く","種別":"パーキング・メーター","普通車":1,"貨物用有り":1,"二輪車":0,"標章車専用有り":0,"制限事項1":"","都道府県":"東京都","区市町村":"新宿区","町名":"西新宿","町丁目":"西新宿六丁目"},"geometry":{"type":"MultiLineString","coordinates":[[[139.690159,35.692026],[139.689813,35.693473],[139.689787,35.693728],[139.689815,35.69406],[139.689857,35.694208],[139.689917,35.694364],[139.689953,35.694445],[139.690312,35.69509]],[[139.690582,35.695017],[139.690266,35.694472],[139.690179,35.694293],[139.690099,35.69403],[139.690064,35.693729],[139.690086,35.693478],[139.69042,35.692098]]]}},{"type":"Feature","id":510,"properties":{"識別id":510,"利用時間":"09:00-20:00","制限時間":60,"手数料":300,"制限事項2":"１月１日〜３日を除く","種別":"パーキング・メーター","普通車":1,"貨物用有り":1,"二輪車":0,"標章車専用有り":0,"制限事項1":"","都道府県":"東京都","区市町村":"杉並区","町名":"阿佐谷北","町丁目":"阿佐谷北四丁目"},"geometry":{"type":"MultiLineString","coordinates":[[[139.636469,35.70569],[139.636295,35.706667],[139.635578,35.709364],[139.635252,35.710639],[139.634886,35.712392],[139.634746,35.713164]],[[139.634836,35.71321],[139.635036,35.712088],[139.635416,35.71028],[139.635894,35.7085],[139.636438,35.706457],[139.636591,35.705692]]]}},{"type":"Feature","id":512,"properties":{"識別id":512,"利用時間":"09:00-20:00","制限時間":60,"手数料":300,"制限事項2":"１月１日〜３日を除く","種別":"パーキング・メーター","普通車":1,"貨物用有り":1,"二輪車":0,"標章車専用有り":0,"制限事項1":"","都道府県":"東京都","区市町村":"杉並区","町名":"阿佐谷南","町丁目":"阿佐谷南三丁目"},"geometry":{"type":"LineString","coordinates":[[139.636687,35.704066],[139.636257,35.702344],[139.635638,35.69977]]}},{"type":"Feature","id":513,"properties":{"識別id":513,"利用時間":"09:00-19:00","制限時間":60,"手数料":300,"制限事項2":"１月１日〜３日を除く","種別":"パーキング・チケット","普通車":1,"貨物用有り":0,"二輪車":0,"標章車専用有り":0,"制限事項1":"","都道府県":"東京都","区市町村":"八王子市","町名":"子安町","町丁目":"子安町三丁目"},"geometry":{"type":"MultiLineString","coordinates":[[[139.337775,35.649526],[139.337821,35.64972],[139.337929,35.651242],[139.337984,35.651986]],[[139.338083,35.651984],[139.338026,35.651232],[139.337922,35.649715],[139.337879,35.649532]]]}},{"type":"Feature","id":515,"properties":{"識別id":515,"利用時間":"09:00-19:00","制限時間":60,"手数料":300,"制限事項2":"１月１日〜３日を除く","種別":"パーキング・チケット","普通車":1,"貨物用有り":0,"二輪車":0,"標章車専用有り":0,"制限事項1":"","都道府県":"東京都","区市町村":"八王子市","町名":"万町","町丁目":"万町"},"geometry":{"type":"MultiLineString","coordinates":[[[139.336846,35.654103],[139.333744,35.654519]],[[139.333734,35.654609],[139.33686,35.654195]]]}},{"type":"Feature","id":517,"properties":{"識別id":517,"利用時間":"09:00-20:00","制限時間":20,"手数料":100,"制限事項2":"１月１日〜３日を除く","種別":"パーキング・チケット","普通車":1,"貨物用有り":1,"二輪車":0,"標章車専用有り":0,"制限事項1":"","都道府県":"東京都","区市町村":"渋谷区","町名":"渋谷","町丁目":"渋谷二丁目"},"geometry":{"type":"MultiLineString","coordinates":[[[139.702587,35.65962],[139.704781,35.659976]],[[139.704783,35.659892],[139.702614,35.659544]]]}},{"type":"Feature","id":519,"properties":{"識別id":519,"利用時間":"09:00-19:00","制限時間":60,"手数料":300,"制限事項2":"１月１日〜３日を除く","種別":"パーキング・チケット","普通車":1,"貨物用有り":0,"二輪車":0,"標章車専用有り":0,"制限事項1":"","都道府県":"東京都","区市町村":"新宿区","町名":"西新宿","町丁目":"西新宿三丁目"},"geometry":{"type":"MultiLineString","coordinates":[[[139.690687,35.684262],[139.69018,35.68477],[139.689981,35.684999],[139.689818,35.685199],[139.689658,35.685465],[139.689527,35.685686],[139.689384,35.686029]],[[139.689527,35.686068],[139.689664,35.685726],[139.689803,35.685479],[139.689952,35.68525],[139.690318,35.684817],[139.690808,35.684334]]]}},{"type":"Feature","id":521,"properties":{"識別id":521,"利用時間":"09:00-19:00","制限時間":60,"手数料":300,"制限事項2":"１月１日〜３日を除く","種別":"パーキング・メーター","普通車":1,"貨物用有り":0,"二輪車":0,"標章車専用有り":0,"制限事項1":"","都道府県":"東京都","区市町村":"新宿区","町名":"西新宿","町丁目":"西新宿二丁目"},"geometry":{"type":"MultiLineString","coordinates":[[[139.689051,35.688329],[139.690901,35.688639]],[[139.69093,35.688473],[139.689085,35.688184]]]}},{"type":"Feature","id":523,"properties":{"識別id":523,"利用時間":"10:00-20:00","制限時間":60,"手数料":300,"制限事項1":"日曜・休日を除く","制限事項2":"１月１日〜３日を除く","種別":"パーキング・チケット","普通車":1,"貨物用有り":1,"二輪車":0,"標章車専用有り":0,"都道府県":"東京都","区市町村":"江東区","町名":"門前仲町","町丁目":"門前仲町一丁目"},"geometry":{"type":"MultiLineString","coordinates":[[[139.793216,35.673225],[139.79389,35.672918],[139.794798,35.672533]],[[139.794683,35.672366],[139.793108,35.673084]]]}},{"type":"Feature","id":525,"properties":{"識別id":525,"利用時間":"09:00-20:00","制限時間":60,"手数料":300,"制限事項1":"日曜・休日を除く","制限事項2":"１月１日〜３日を除く","種別":"パーキング・チケット","普通車":1,"貨物用有り":1,"二輪車":0,"標章車専用有り":0,"都道府県":"東京都","区市町村":"新宿区","町名":"西早稲田","町丁目":"西早稲田三丁目"},"geometry":{"type":"MultiLineString","coordinates":[[[139.710577,35.711436],[139.710953,35.711333],[139.711458,35.711148],[139.713188,35.710183],[139.71358,35.709979],[139.714005,35.709893],[139.716149,35.709525],[139.716331,35.709475],[139.716596,35.709364],[139.716689,35.709283],[139.716809,35.709156],[139.717279,35.708464],[139.71785,35.707664],[139.718742,35.706813],[139.7188,35.706767]],[[139.718637,35.706737],[139.717776,35.707561],[139.717276,35.708247],[139.717194,35.708376],[139.716728,35.709024],[139.716556,35.709234],[139.716381,35.709339],[139.716195,35.709393],[139.714574,35.709692],[139.714034,35.709773],[139.713543,35.709868],[139.713119,35.710085],[139.71255,35.710391],[139.711475,35.711013],[139.710716,35.711298],[139.710544,35.71133]]]}},{"type":"Feature","id":527,"properties":{"識別id":527,"利用時間":"07:00-20:00","制限時間":60,"手数料":300,"制限事項2":"１月１日〜３日を除く","種別":"パーキング・メーター","普通車":1,"貨物用有り":1,"二輪車":0,"標章車専用有り":0,"制限事項1":"","都道府県":"東京都","区市町村":"千代田区","町名":"鍛冶町","町丁目":"鍛冶町二丁目"},"geometry":{"type":"MultiLineString","coordinates":[[[139.770858,35.690626],[139.771911,35.690933]],[[139.771954,35.690818],[139.770734,35.69049]]]}},{"type":"Feature","id":529,"properties":{"識別id":529,"利用時間":"07:00-20:00","制限時間":60,"手数料":300,"制限事項2":"１月１日〜３日を除く","種別":"パーキング・メーター","普通車":1,"貨物用有り":0,"二輪車":0,"標章車専用有り":0,"制限事項1":"","都道府県":"東京都","区市町村":"千代田区","町名":"神田富山町","町丁目":"神田富山町"},"geometry":{"type":"MultiLineString","coordinates":[[[139.771326,35.693199],[139.773964,35.693964],[139.774898,35.694226]],[[139.774927,35.694102],[139.772623,35.693477],[139.771245,35.693114]]]}},{"type":"Feature","id":531,"properties":{"識別id":531,"利用時間":"07:00-20:00","制限時間":60,"手数料":300,"制限事項2":"１月１日〜３日を除く","種別":"パーキング・メーター","普通車":1,"貨物用有り":0,"二輪車":0,"標章車専用有り":0,"制限事項1":"","都道府県":"東京都","区市町村":"千代田区","町名":"岩本町","町丁目":"岩本町二丁目"},"geometry":{"type":"MultiLineString","coordinates":[[[139.77549,35.694407],[139.778255,35.695133]],[[139.778328,35.695031],[139.776287,35.694488],[139.7753,35.694216]]]}},{"type":"Feature","id":533,"properties":{"識別id":533,"利用時間":"09:30-20:00","制限時間":60,"手数料":300,"制限事項2":"１月１日〜３日を除く","種別":"パーキング・メーター","普通車":1,"貨物用有り":0,"二輪車":0,"標章車専用有り":0,"制限事項1":"","都道府県":"東京都","区市町村":"千代田区","町名":"東神田","町丁目":"東神田一丁目"},"geometry":{"type":"MultiLineString","coordinates":[[[139.780081,35.695257],[139.780053,35.694641],[139.78013,35.694539],[139.780693,35.694046],[139.781853,35.693019]],[[139.781713,35.692995],[139.780839,35.693738],[139.78035,35.694175],[139.780009,35.694478],[139.779924,35.694595],[139.779926,35.695275]]]}},{"type":"Feature","id":535,"properties":{"識別id":535,"利用時間":"09:30-19:00","制限時間":60,"手数料":300,"制限事項1":"日曜・休日を除く","制限事項2":"１月１日〜３日を除く","種別":"パーキング・メーター","普通車":1,"貨物用有り":1,"二輪車":0,"標章車専用有り":0,"都道府県":"東京都","区市町村":"中央区","町名":"東日本橋","町丁目":"東日本橋三丁目"},"geometry":{"type":"MultiLineString","coordinates":[[[139.782,35.692903],[139.783322,35.691699],[139.784323,35.690775],[139.784945,35.690199],[139.785388,35.689503],[139.785826,35.688833],[139.78587,35.688775]],[[139.785694,35.68866],[139.785023,35.689718],[139.784603,35.690365],[139.78362,35.691274],[139.783477,35.691416],[139.78309,35.691765],[139.782963,35.69188],[139.782572,35.692254],[139.782263,35.69252],[139.781913,35.692819]]]}},{"type":"Feature","id":537,"properties":{"識別id":537,"利用時間":"09:30-19:00","制限時間":60,"手数料":300,"制限事項1":"日曜・休日を除く","制限事項2":"１月１日〜３日を除く","種別":"パーキング・メーター","普通車":1,"貨物用有り":1,"二輪車":0,"標章車専用有り":0,"都道府県":"東京都","区市町村":"中央区","町名":"日本橋浜町","町丁目":"日本橋浜町二丁目"},"geometry":{"type":"MultiLineString","coordinates":[[[139.788068,35.685654],[139.787085,35.686901],[139.786295,35.68791],[139.785768,35.688554]],[[139.78596,35.688667],[139.786368,35.688115],[139.788256,35.685739]]]}},{"type":"Feature","id":539,"properties":{"識別id":539,"利用時間":"09:00-19:00","制限時間":60,"手数料":300,"制限事項1":"日曜・休日を除く","制限事項2":"１月１日〜３日を除く","種別":"パーキング・メーター","普通車":1,"貨物用有り":0,"二輪車":0,"標章車専用有り":0,"都道府県":"東京都","区市町村":"中央区","町名":"日本橋浜町","町丁目":"日本橋浜町二丁目"},"geometry":{"type":"MultiLineString","coordinates":[[[139.781716,35.682569],[139.78326,35.683309],[139.786115,35.684706],[139.787602,35.685431],[139.78897,35.686055],[139.789377,35.686252]],[[139.789453,35.68613],[139.788435,35.685649],[139.787295,35.685084],[139.786071,35.684496],[139.783446,35.683207],[139.781887,35.682449]]]}},{"type":"Feature","id":541,"properties":{"識別id":541,"利用時間":"09:00-19:00","制限時間":60,"手数料":300,"制限事項1":"日曜・休日を除く","制限事項2":"１月１日〜３日を除く","種別":"パーキング・メーター","普通車":1,"貨物用有り":0,"二輪車":0,"標章車専用有り":0,"都道府県":"東京都","区市町村":"中央区","町名":"日本橋浜町","町丁目":"日本橋浜町一丁目"},"geometry":{"type":"LineString","coordinates":[[139.787893,35.691426],[139.78701,35.690907],[139.786257,35.690418],[139.785241,35.68975]]}},{"type":"Feature","id":542,"properties":{"識別id":542,"利用時間":"09:00-19:00","制限時間":60,"手数料":300,"制限事項1":"日曜・休日を除く","制限事項2":"１月１日〜３日を除く","種別":"パーキング・メーター","普通車":1,"貨物用有り":0,"二輪車":0,"標章車専用有り":0,"都道府県":"東京都","区市町村":"中央区","町名":"新川","町丁目":"新川一丁目"},"geometry":{"type":"MultiLineString","coordinates":[[[139.77942,35.676364],[139.77999,35.676875],[139.780529,35.677373],[139.781767,35.678142],[139.782518,35.678615],[139.783012,35.678944]],[[139.783099,35.678904],[139.782615,35.678585],[139.781819,35.678086],[139.780589,35.67732],[139.780076,35.676841],[139.779527,35.676347]]]}},{"type":"Feature","id":544,"properties":{"識別id":544,"利用時間":"09:00-19:00","制限時間":60,"手数料":300,"制限事項1":"日曜・休日を除く","制限事項2":"１月１日〜３日を除く","種別":"パーキング・メーター","普通車":1,"貨物用有り":0,"二輪車":0,"標章車専用有り":0,"都道府県":"東京都","区市町村":"中央区","町名":"日本橋箱崎町","町丁目":"日本橋箱崎町"},"geometry":{"type":"MultiLineString","coordinates":[[[139.783803,35.679446],[139.785453,35.680462],[139.786317,35.680949],[139.786546,35.681093]],[[139.78659,35.681011],[139.785496,35.680395],[139.784385,35.67971],[139.783864,35.679385]]]}},{"type":"Feature","id":546,"properties":{"識別id":546,"利用時間":"08:00-20:00","制限時間":60,"手数料":300,"制限事項2":"１月１日〜３日を除く","種別":"パーキング・チケット","普通車":1,"貨物用有り":0,"二輪車":0,"標章車専用有り":0,"制限事項1":"","都道府県":"東京都","区市町村":"千代田区","町名":"神田猿楽町","町丁目":"神田猿楽町二丁目"},"geometry":{"type":"LineString","coordinates":[[139.76272,35.69877],[139.761662,35.699135],[139.760115,35.699657],[139.759832,35.699774],[139.759499,35.699943],[139.75923,35.700156],[139.758621,35.700717],[139.758266,35.70109]]}},{"type":"Feature","id":547,"properties":{"識別id":547,"利用時間":"08:00-20:00","制限時間":60,"手数料":300,"制限事項2":"１月１日〜３日を除く","種別":"パーキング・メーター","普通車":1,"貨物用有り":0,"二輪車":0,"標章車専用有り":0,"制限事項1":"","都道府県":"東京都","区市町村":"千代田区","町名":"神田神保町","町丁目":"神田神保町三丁目"},"geometry":{"type":"LineString","coordinates":[[139.755765,35.693956],[139.755457,35.694035],[139.755092,35.694115],[139.754192,35.694342],[139.753868,35.694481],[139.753579,35.694676],[139.753421,35.694796],[139.753285,35.694957],[139.753104,35.695199],[139.753032,35.695375],[139.752999,35.695538]]}},{"type":"Feature","id":548,"properties":{"識別id":548,"利用時間":"08:00-20:00","制限時間":60,"手数料":300,"制限事項2":"１月１日〜３日を除く","種別":"パーキング・メーター","普通車":1,"貨物用有り":0,"二輪車":0,"標章車専用有り":0,"制限事項1":"","都道府県":"東京都","区市町村":"千代田区","町名":"内神田","町丁目":"内神田二丁目"},"geometry":{"type":"LineString","coordinates":[[139.768346,35.689303],[139.768302,35.689323],[139.766962,35.689512]]}},{"type":"Feature","id":552,"properties":{"識別id":552,"利用時間":"08:00-20:00","制限時間":60,"手数料":300,"制限事項2":"１月１日〜３日を除く","種別":"パーキング・メーター","普通車":1,"貨物用有り":1,"二輪車":0,"標章車専用有り":0,"制限事項1":"","都道府県":"東京都","区市町村":"千代田区","町名":"神田駿河台","町丁目":"神田駿河台二丁目"},"geometry":{"type":"LineString","coordinates":[[139.758296,35.701151],[139.759191,35.701148],[139.759832,35.700988],[139.762034,35.700255],[139.763248,35.699819]]}},{"type":"Feature","id":553,"properties":{"識別id":553,"利用時間":"08:00-20:00","制限時間":60,"手数料":300,"制限事項2":"１月１日〜３日を除く","種別":"パーキング・メーター","普通車":1,"貨物用有り":1,"二輪車":0,"標章車専用有り":0,"制限事項1":"","都道府県":"東京都","区市町村":"千代田区","町名":"内神田","町丁目":"内神田一丁目"},"geometry":{"type":"MultiLineString","coordinates":[[[139.764557,35.690129],[139.76498,35.689941],[139.7661,35.689766],[139.766814,35.689666]],[[139.766753,35.689541],[139.764922,35.689804],[139.76454,35.689945]]]}},{"type":"Feature","id":555,"properties":{"識別id":555,"利用時間":"09:00-21:00","制限時間":60,"手数料":300,"制限事項2":"１月１日〜３日を除く","種別":"パーキング・メーター","普通車":1,"貨物用有り":1,"二輪車":0,"標章車専用有り":0,"制限事項1":"","都道府県":"東京都","区市町村":"中央区","町名":"銀座","町丁目":"銀座八丁目"},"geometry":{"type":"LineString","coordinates":[[139.758997,35.668407],[139.759348,35.66826],[139.75984,35.668106],[139.760674,35.66783],[139.761119,35.667688]]}},{"type":"Feature","id":556,"properties":{"識別id":556,"利用時間":"09:00-21:00","制限時間":60,"手数料":300,"制限事項2":"１月１日〜３日を除く","種別":"パーキング・メーター","普通車":1,"貨物用有り":1,"二輪車":0,"標章車専用有り":0,"制限事項1":"","都道府県":"東京都","区市町村":"中央区","町名":"銀座","町丁目":"銀座八丁目"},"geometry":{"type":"MultiLineString","coordinates":[[[139.76108,35.66765],[139.760667,35.667759],[139.760642,35.667768]],[[139.760251,35.6679],[139.760107,35.667949],[139.759314,35.668203],[139.758965,35.668345]]]}},{"type":"Feature","id":557,"properties":{"識別id":557,"利用時間":"09:00-19:00","制限時間":60,"手数料":300,"制限事項1":"日曜・休日を除く","制限事項2":"１月１日〜３日を除く","種別":"パーキング・メーター","普通車":1,"貨物用有り":1,"二輪車":0,"標章車専用有り":0,"都道府県":"東京都","区市町村":"中央区","町名":"築地","町丁目":"築地四丁目"},"geometry":{"type":"MultiLineString","coordinates":[[[139.769222,35.665648],[139.768078,35.66674]],[[139.768155,35.666805],[139.769305,35.665718]]]}},{"type":"Feature","id":559,"properties":{"識別id":559,"利用時間":"09:00-19:00","制限時間":60,"手数料":300,"制限事項1":"日曜・休日を除く","制限事項2":"１月１日〜３日を除く","種別":"パーキング・メーター","普通車":1,"貨物用有り":1,"二輪車":0,"標章車専用有り":0,"都道府県":"東京都","区市町村":"中央区","町名":"入船","町丁目":"入船一丁目"},"geometry":{"type":"LineString","coordinates":[[139.780071,35.672742],[139.778621,35.672799],[139.778441,35.67281],[139.776276,35.672935]]}},{"type":"Feature","id":560,"properties":{"識別id":560,"利用時間":"09:00-19:00","制限時間":60,"手数料":300,"制限事項1":"日曜・休日を除く","制限事項2":"１月１日〜３日を除く","種別":"パーキング・メーター","普通車":1,"貨物用有り":1,"二輪車":0,"標章車専用有り":0,"都道府県":"東京都","区市町村":"港区","町名":"南麻布","町丁目":"南麻布一丁目"},"geometry":{"type":"MultiLineString","coordinates":[[[139.735841,35.646702],[139.736229,35.647331],[139.736622,35.648631],[139.736648,35.648981],[139.736628,35.649607],[139.736626,35.65089],[139.736593,35.651266],[139.73646,35.651851],[139.736421,35.652191],[139.736427,35.652491],[139.736701,35.653696],[139.736839,35.654518],[139.736923,35.655238]],[[139.737197,35.655186],[139.737008,35.653769],[139.736793,35.652852],[139.73676,35.652706],[139.736701,35.652195],[139.736867,35.651345],[139.736894,35.650734],[139.73692,35.650373],[139.736922,35.648669],[139.736543,35.647346],[139.73615,35.646628]]]}},{"type":"Feature","id":562,"properties":{"識別id":562,"利用時間":"09:00-19:00","制限時間":60,"手数料":300,"制限事項1":"日曜・休日を除く","制限事項2":"１月１日〜３日を除く","種別":"パーキング・チケット","普通車":1,"貨物用有り":0,"二輪車":0,"標章車専用有り":0,"都道府県":"東京都","区市町村":"港区","町名":"白金台","町丁目":"白金台五丁目"},"geometry":{"type":"MultiLineString","coordinates":[[[139.723872,35.637073],[139.72259,35.639252],[139.72249,35.639622],[139.722232,35.641465],[139.722061,35.641854],[139.72106,35.643016]],[[139.721104,35.643183],[139.722079,35.642094],[139.722353,35.641628],[139.722548,35.64027],[139.722675,35.63943],[139.723038,35.638756],[139.724015,35.637091]]]}},{"type":"Feature","id":564,"properties":{"識別id":564,"利用時間":"09:00-21:00","制限時間":60,"手数料":300,"制限事項2":"１月１日〜３日を除く","種別":"パーキング・メーター","普通車":1,"貨物用有り":1,"二輪車":0,"標章車専用有り":0,"制限事項1":"","都道府県":"東京都","区市町村":"港区","町名":"南青山","町丁目":"南青山五丁目"},"geometry":{"type":"MultiLineString","coordinates":[[[139.718135,35.659707],[139.716516,35.660301],[139.714997,35.660863],[139.713326,35.661666],[139.711805,35.66248],[139.710791,35.663027]],[[139.711794,35.662583],[139.713188,35.661833],[139.714828,35.661029],[139.716888,35.66028],[139.71727,35.660114],[139.718198,35.659766]]]}},{"type":"Feature","id":566,"properties":{"識別id":566,"利用時間":"09:00-19:00","制限時間":60,"手数料":300,"制限事項2":"１月１日〜３日を除く","種別":"パーキング・メーター","普通車":1,"貨物用有り":1,"二輪車":0,"標章車専用有り":0,"制限事項1":"","都道府県":"東京都","区市町村":"港区","町名":"北青山","町丁目":"北青山二丁目"},"geometry":{"type":"MultiLineString","coordinates":[[[139.71678,35.67106],[139.71681,35.67142],[139.71683,35.67179],[139.71682,35.67213],[139.71671,35.67247],[139.716491,35.672827],[139.716315,35.673161]],[[139.716445,35.673222],[139.71686,35.67243],[139.71695,35.67205],[139.71693,35.67132],[139.71688,35.67062],[139.71691,35.67044],[139.71695,35.67034]]]}},{"type":"Feature","id":568,"properties":{"識別id":568,"利用時間":"09:00-19:00","制限時間":60,"手数料":300,"制限事項1":"日曜・休日を除く","制限事項2":"１月１日〜３日を除く","種別":"パーキング・メーター","普通車":1,"貨物用有り":1,"二輪車":0,"標章車専用有り":0,"都道府県":"東京都","区市町村":"中央区","町名":"日本橋浜町","町丁目":"日本橋浜町三丁目"},"geometry":{"type":"LineString","coordinates":[[139.788341,35.685592],[139.789019,35.684796]]}},{"type":"Feature","id":569,"properties":{"識別id":569,"利用時間":"09:00-19:00","制限時間":60,"手数料":300,"制限事項1":"日曜・休日を除く","制限事項2":"１月１日〜３日を除く","種別":"パーキング・メーター","普通車":1,"貨物用有り":1,"二輪車":0,"標章車専用有り":0,"都道府県":"東京都","区市町村":"中央区","町名":"日本橋浜町","町丁目":"日本橋浜町三丁目"},"geometry":{"type":"MultiLineString","coordinates":[[[139.789645,35.683853],[139.78896,35.68465]],[[139.789093,35.684714],[139.789395,35.684351],[139.789764,35.683927]]]}},{"type":"Feature","id":571,"properties":{"識別id":571,"利用時間":"09:00-19:00","制限時間":60,"手数料":300,"制限事項1":"日曜・休日を除く","制限事項2":"１月１日〜３日を除く","種別":"パーキング・チケット","普通車":1,"貨物用有り":0,"二輪車":0,"標章車専用有り":0,"都道府県":"東京都","区市町村":"品川区","町名":"東五反田","町丁目":"東五反田五丁目"},"geometry":{"type":"MultiLineString","coordinates":[[[139.718331,35.625302],[139.718733,35.625862],[139.719223,35.62758],[139.719472,35.62811],[139.720587,35.630111],[139.72066,35.630344],[139.720784,35.631188],[139.720724,35.631537],[139.719878,35.634039],[139.719608,35.634559]],[[139.71983,35.634755],[139.720166,35.634123],[139.721057,35.631438],[139.720941,35.630322],[139.720745,35.629797],[139.719662,35.627891],[139.71942,35.627228],[139.718949,35.625687],[139.718595,35.625184]]]}},{"type":"Feature","id":573,"properties":{"識別id":573,"利用時間":"09:00-19:00","制限時間":60,"手数料":300,"制限事項1":"日曜・休日を除く","制限事項2":"１月１日〜３日を除く","種別":"パーキング・チケット","普通車":1,"貨物用有り":1,"二輪車":0,"標章車専用有り":0,"都道府県":"東京都","区市町村":"大田区","町名":"山王","町丁目":"山王二丁目"},"geometry":{"type":"MultiLineString","coordinates":[[[139.719008,35.591764],[139.721191,35.591967],[139.722749,35.591854],[139.723195,35.591835],[139.723954,35.591825],[139.724317,35.59178],[139.724684,35.591679],[139.725504,35.591404],[139.726299,35.591255],[139.726602,35.591178],[139.728134,35.590718]],[[139.728132,35.590633],[139.726142,35.591211],[139.725676,35.591283],[139.72546,35.591333],[139.724671,35.591592],[139.724309,35.591699],[139.723936,35.591745],[139.723192,35.591762],[139.72273,35.591775],[139.721171,35.591893],[139.718727,35.591664]]]}},{"type":"Feature","id":575,"properties":{"識別id":575,"利用時間":"09:00-19:00","制限時間":60,"手数料":300,"制限事項1":"日曜・休日を除く","制限事項2":"１月１日〜３日を除く","種別":"パーキング・チケット","普通車":1,"貨物用有り":0,"二輪車":0,"標章車専用有り":0,"都道府県":"東京都","区市町村":"大田区","町名":"西蒲田","町丁目":"西蒲田七丁目"},"geometry":{"type":"LineString","coordinates":[[139.709785,35.562732],[139.710947,35.562778],[139.711576,35.562801],[139.712308,35.56278],[139.713108,35.562759],[139.714323,35.562734],[139.714966,35.562713]]}},{"type":"Feature","id":576,"properties":{"識別id":576,"利用時間":"09:00-19:00","制限時間":60,"手数料":300,"制限事項1":"日曜・休日を除く","制限事項2":"１月１日〜３日を除く","種別":"パーキング・チケット","普通車":1,"貨物用有り":0,"二輪車":0,"標章車専用有り":0,"都道府県":"東京都","区市町村":"大田区","町名":"西蒲田","町丁目":"西蒲田七丁目"},"geometry":{"type":"LineString","coordinates":[[139.714782,35.562639],[139.713181,35.56268],[139.711535,35.56271],[139.710289,35.562666],[139.709535,35.562636]]}},{"type":"Feature","id":577,"properties":{"識別id":577,"利用時間":"09:00-19:00","制限時間":60,"手数料":300,"制限事項1":"日曜・休日を除く","制限事項2":"１月１日〜３日を除く","種別":"パーキング・メーター","普通車":1,"貨物用有り":0,"二輪車":0,"標章車専用有り":0,"都道府県":"東京都","区市町村":"品川区","町名":"大井","町丁目":"大井一丁目"},"geometry":{"type":"MultiLineString","coordinates":[[[139.731272,35.606444],[139.733177,35.606456]],[[139.733193,35.60637],[139.7313,35.606357]]]}},{"type":"Feature","id":579,"properties":{"識別id":579,"利用時間":"08:00-20:00","制限時間":60,"手数料":300,"制限事項2":"１月１日〜３日を除く","種別":"パーキング・メーター","普通車":1,"貨物用有り":1,"二輪車":0,"標章車専用有り":0,"制限事項1":"","都道府県":"東京都","区市町村":"千代田区","町名":"神田駿河台","町丁目":"神田駿河台三丁目"},"geometry":{"type":"LineString","coordinates":[[139.764089,35.697982],[139.765601,35.697464]]}},{"type":"Feature","id":580,"properties":{"識別id":580,"利用時間":"09:30-19:00","制限時間":60,"手数料":300,"制限事項2":"１月１日〜３日を除く","種別":"パーキング・メーター","普通車":1,"貨物用有り":0,"二輪車":0,"標章車専用有り":0,"制限事項1":"","都道府県":"東京都","区市町村":"世田谷区","町名":"三軒茶屋","町丁目":"三軒茶屋二丁目"},"geometry":{"type":"MultiLineString","coordinates":[[[139.666133,35.642993],[139.665507,35.643123],[139.66517,35.643199],[139.664944,35.643233],[139.663521,35.643258],[139.663331,35.643243],[139.663032,35.643202],[139.662552,35.64312],[139.662246,35.643046],[139.661824,35.642891],[139.661351,35.642718],[139.661027,35.642582]],[[139.660996,35.642643],[139.661319,35.642787],[139.661809,35.642964],[139.662208,35.643101],[139.662501,35.643181],[139.662873,35.64325],[139.663261,35.643311],[139.663519,35.643334],[139.664948,35.643302],[139.66517,35.64327],[139.665544,35.643184],[139.6661,35.643075]]]}},{"type":"Feature","id":582,"properties":{"識別id":582,"利用時間":"09:00-19:00","制限時間":60,"手数料":300,"制限事項1":"日曜・休日を除く","制限事項2":"１月１日〜３日を除く","種別":"パーキング・チケット","普通車":1,"貨物用有り":0,"二輪車":0,"標章車専用有り":0,"都道府県":"東京都","区市町村":"世田谷区","町名":"池尻","町丁目":"池尻二丁目"},"geometry":{"type":"MultiLineString","coordinates":[[[139.679087,35.645042],[139.678221,35.646696]],[[139.678337,35.646674],[139.679169,35.645095]]]}},{"type":"Feature","id":584,"properties":{"識別id":584,"利用時間":"09:00-19:00","制限時間":60,"手数料":300,"制限事項1":"日曜・休日を除く","制限事項2":"１月１日〜３日を除く","種別":"パーキング・メーター","普通車":1,"貨物用有り":0,"二輪車":0,"標章車専用有り":0,"都道府県":"東京都","区市町村":"品川区","町名":"上大崎","町丁目":"上大崎二丁目"},"geometry":{"type":"LineString","coordinates":[[139.7166,35.635138],[139.717415,35.635257]]}},{"type":"Feature","id":585,"properties":{"識別id":585,"利用時間":"09:00-19:00","制限時間":60,"手数料":300,"制限事項1":"日曜・休日を除く","制限事項2":"１月１日〜３日を除く","種別":"パーキング・メーター","普通車":1,"貨物用有り":0,"二輪車":0,"標章車専用有り":0,"都道府県":"東京都","区市町村":"品川区","町名":"北品川","町丁目":"北品川六丁目"},"geometry":{"type":"MultiLineString","coordinates":[[[139.728969,35.625503],[139.73171,35.624765],[139.731958,35.62459],[139.732694,35.623866]],[[139.732685,35.623722],[139.731782,35.624576],[139.731543,35.624695],[139.729062,35.625386]]]}},{"type":"Feature","id":587,"properties":{"識別id":587,"利用時間":"09:00-19:00","制限時間":60,"手数料":300,"制限事項1":"日曜・休日を除く","制限事項2":"１月１日〜３日を除く","種別":"パーキング・チケット","普通車":1,"貨物用有り":0,"二輪車":0,"標章車専用有り":0,"都道府県":"東京都","区市町村":"世田谷区","町名":"新町","町丁目":"新町三丁目"},"geometry":{"type":"MultiLineString","coordinates":[[[139.653107,35.630408],[139.652678,35.630453],[139.652409,35.630519],[139.651397,35.630819],[139.651323,35.630864],[139.650809,35.631034],[139.649922,35.631399],[139.649543,35.631522],[139.648887,35.631658],[139.648097,35.631744],[139.64695,35.631735],[139.645954,35.631722],[139.645153,35.631681],[139.644337,35.631565],[139.643696,35.631448],[139.642458,35.631167],[139.640664,35.630596],[139.640544,35.630542]],[[139.640514,35.630605],[139.640636,35.630656],[139.642419,35.631224],[139.643527,35.631504],[139.644278,35.631643],[139.645255,35.631753],[139.64595,35.631792],[139.646964,35.631811],[139.648277,35.631795],[139.649218,35.631666],[139.649586,35.631582],[139.649794,35.631515],[139.650251,35.631346],[139.650861,35.631049],[139.65133,35.63089],[139.651423,35.630885],[139.651809,35.630764],[139.652441,35.630585],[139.652926,35.630505],[139.653408,35.630482]]]}},{"type":"Feature","id":589,"properties":{"識別id":589,"利用時間":"09:00-19:00","制限時間":60,"手数料":300,"制限事項1":"日曜・休日を除く","制限事項2":"１月１日〜３日を除く","種別":"パーキング・チケット","普通車":1,"貨物用有り":1,"二輪車":0,"標章車専用有り":0,"都道府県":"東京都","区市町村":"渋谷区","町名":"神泉町","町丁目":"神泉町"},"geometry":{"type":"MultiLineString","coordinates":[[[139.692524,35.654883],[139.691766,35.655912],[139.691109,35.657219]],[[139.691225,35.657275],[139.691906,35.655929],[139.692662,35.6549]]]}},{"type":"Feature","id":591,"properties":{"識別id":591,"利用時間":"09:00-19:00","制限時間":60,"手数料":300,"制限事項1":"日曜・休日を除く","制限事項2":"１月１日〜３日を除く","種別":"パーキング・チケット","普通車":1,"貨物用有り":1,"二輪車":0,"標章車専用有り":0,"都道府県":"東京都","区市町村":"渋谷区","町名":"猿楽町","町丁目":"猿楽町"},"geometry":{"type":"MultiLineString","coordinates":[[[139.701711,35.647441],[139.701111,35.6478],[139.70026,35.648328],[139.700015,35.648435],[139.699518,35.648602],[139.699181,35.648767],[139.698881,35.648962],[139.698095,35.649565],[139.696735,35.65079],[139.695474,35.65192],[139.694495,35.652789],[139.693361,35.653808]],[[139.693506,35.653845],[139.693536,35.653806],[139.698194,35.649629],[139.69896,35.649054],[139.699301,35.648832],[139.699569,35.648704],[139.70006,35.648539],[139.700361,35.648407],[139.700696,35.648201],[139.701718,35.64757]]]}},{"type":"Feature","id":593,"properties":{"識別id":593,"利用時間":"09:00-19:00","制限時間":60,"手数料":300,"制限事項1":"日曜・休日を除く","制限事項2":"１月１日〜３日を除く","種別":"パーキング・チケット","普通車":1,"貨物用有り":1,"二輪車":0,"標章車専用有り":0,"都道府県":"東京都","区市町村":"渋谷区","町名":"広尾","町丁目":"広尾三丁目"},"geometry":{"type":"MultiLineString","coordinates":[[[139.711376,35.649174],[139.712898,35.65157],[139.713201,35.652039],[139.713299,35.652299],[139.713652,35.654233],[139.713612,35.654822],[139.713886,35.656226],[139.714055,35.65661],[139.714899,35.658002]],[[139.71499,35.657931],[139.714252,35.65673],[139.714035,35.656344],[139.713904,35.6558],[139.713721,35.654877],[139.713721,35.654651],[139.713755,35.654233],[139.713474,35.652678],[139.713396,35.65224],[139.713089,35.65165],[139.712164,35.650207],[139.711495,35.649117]]]}},{"type":"Feature","id":595,"properties":{"識別id":595,"利用時間":"09:00-19:00","制限時間":60,"手数料":300,"制限事項1":"日曜・休日を除く","制限事項2":"１月１日〜３日を除く","種別":"パーキング・チケット","普通車":1,"貨物用有り":0,"二輪車":0,"標章車専用有り":0,"都道府県":"東京都","区市町村":"渋谷区","町名":"恵比寿","町丁目":"恵比寿二丁目"},"geometry":{"type":"MultiLineString","coordinates":[[[139.720971,35.643673],[139.721626,35.644496],[139.722473,35.646685],[139.722479,35.646777],[139.722579,35.647077],[139.722692,35.647489]],[[139.722888,35.64744],[139.722763,35.647066],[139.721948,35.64492],[139.721831,35.644512],[139.721553,35.644102],[139.721159,35.643607]]]}},{"type":"Feature","id":597,"properties":{"識別id":597,"利用時間":"07:00-20:00","制限時間":60,"手数料":300,"制限事項2":"１月１日〜３日を除く","種別":"パーキング・メーター","普通車":1,"貨物用有り":1,"二輪車":0,"標章車専用有り":0,"制限事項1":"","都道府県":"東京都","区市町村":"渋谷区","町名":"神宮前","町丁目":"神宮前六丁目"},"geometry":{"type":"LineString","coordinates":[[139.702297,35.66444],[139.702426,35.664684],[139.702677,35.665015],[139.703,35.665378],[139.704041,35.666664],[139.704303,35.667065]]}},{"type":"Feature","id":598,"properties":{"識別id":598,"利用時間":"07:00-20:00","制限時間":60,"手数料":300,"制限事項2":"１月１日〜３日を除く","種別":"パーキング・メーター","普通車":1,"貨物用有り":1,"二輪車":0,"標章車専用有り":0,"制限事項1":"","都道府県":"東京都","区市町村":"渋谷区","町名":"神宮前","町丁目":"神宮前六丁目"},"geometry":{"type":"LineString","coordinates":[[139.704409,35.667008],[139.704102,35.666544],[139.703106,35.665323],[139.702579,35.664621],[139.702311,35.664042],[139.70224,35.663719]]}},{"type":"Feature","id":599,"properties":{"識別id":599,"利用時間":"09:00-19:00","制限時間":60,"手数料":300,"制限事項1":"日曜・休日を除く","制限事項2":"１月１日〜３日を除く","種別":"パーキング・チケット","普通車":1,"貨物用有り":1,"二輪車":0,"標章車専用有り":0,"都道府県":"東京都","区市町村":"文京区","町名":"小石川","町丁目":"小石川四丁目"},"geometry":{"type":"MultiLineString","coordinates":[[[139.739865,35.715504],[139.73997,35.715568],[139.741925,35.71668],[139.742683,35.716997],[139.742849,35.717049],[139.744097,35.717362]],[[139.744186,35.71715],[139.743075,35.716868],[139.742863,35.716808],[139.742079,35.716495],[139.740154,35.715393],[139.740045,35.715333]]]}},{"type":"Feature","id":601,"properties":{"識別id":601,"利用時間":"09:00-19:00","制限時間":60,"手数料":300,"制限事項2":"１月１日〜３日を除く","種別":"パーキング・メーター","普通車":1,"貨物用有り":1,"二輪車":0,"標章車専用有り":0,"制限事項1":"","都道府県":"東京都","区市町村":"文京区","町名":"湯島","町丁目":"湯島三丁目"},"geometry":{"type":"MultiLineString","coordinates":[[[139.766777,35.702873],[139.769478,35.703048]],[[139.769379,35.702898],[139.766867,35.70274],[139.766696,35.70274]]]}},{"type":"Feature","id":605,"properties":{"識別id":605,"利用時間":"09:00-19:00","制限時間":60,"手数料":300,"制限事項1":"日曜・休日を除く","制限事項2":"１月１日〜３日を除く","種別":"パーキング・チケット","普通車":1,"貨物用有り":1,"二輪車":0,"標章車専用有り":0,"都道府県":"東京都","区市町村":"新宿区","町名":"荒木町","町丁目":"荒木町"},"geometry":{"type":"LineString","coordinates":[[139.72052,35.689235],[139.720678,35.689427],[139.721834,35.690373],[139.723201,35.69162]]}},{"type":"Feature","id":606,"properties":{"識別id":606,"利用時間":"09:00-19:00","制限時間":60,"手数料":300,"制限事項1":"日曜・休日を除く","制限事項2":"１月１日〜３日を除く","種別":"パーキング・チケット","普通車":1,"貨物用有り":1,"二輪車":0,"標章車専用有り":0,"都道府県":"東京都","区市町村":"新宿区","町名":"荒木町","町丁目":"荒木町"},"geometry":{"type":"LineString","coordinates":[[139.722988,35.691229],[139.721798,35.690149],[139.720714,35.689251]]}},{"type":"Feature","id":607,"properties":{"識別id":607,"利用時間":"09:00-20:00","制限時間":60,"手数料":300,"制限事項1":"日曜・休日を除く","制限事項2":"１月１日〜３日を除く","種別":"パーキング・チケット","普通車":1,"貨物用有り":1,"二輪車":0,"標章車専用有り":0,"都道府県":"東京都","区市町村":"豊島区","町名":"高田","町丁目":"高田三丁目"},"geometry":{"type":"MultiLineString","coordinates":[[[139.705074,35.713556],[139.705247,35.714576]],[[139.70531,35.714539],[139.705145,35.713547]]]}},{"type":"Feature","id":609,"properties":{"識別id":609,"利用時間":"09:00-19:00","制限時間":60,"手数料":300,"制限事項1":"日曜・休日を除く","制限事項2":"１月１日〜３日を除く","種別":"パーキング・チケット","普通車":1,"貨物用有り":0,"二輪車":0,"標章車専用有り":0,"都道府県":"東京都","区市町村":"新宿区","町名":"大久保","町丁目":"大久保三丁目"},"geometry":{"type":"MultiLineString","coordinates":[[[139.703507,35.709329],[139.704903,35.708997],[139.706108,35.708821],[139.707161,35.708527],[139.707453,35.708495],[139.709046,35.708475]],[[139.708981,35.708397],[139.708066,35.708412],[139.707442,35.7084],[139.706982,35.708464],[139.706219,35.708656],[139.704757,35.708848],[139.703368,35.709158]]]}},{"type":"Feature","id":611,"properties":{"識別id":611,"利用時間":"09:00-19:00","制限時間":60,"手数料":300,"制限事項1":"日曜・休日を除く","制限事項2":"１月１日〜３日を除く","種別":"パーキング・チケット","普通車":1,"貨物用有り":1,"二輪車":0,"標章車専用有り":0,"都道府県":"東京都","区市町村":"新宿区","町名":"西早稲田","町丁目":"西早稲田二丁目"},"geometry":{"type":"MultiLineString","coordinates":[[[139.709252,35.708461],[139.710298,35.708424],[139.712055,35.70812],[139.71478,35.707581],[139.71514,35.707491],[139.715718,35.707186],[139.716298,35.706762],[139.716801,35.706558],[139.71739,35.706456],[139.718044,35.706451],[139.718645,35.706619]],[[139.718768,35.706582],[139.718426,35.706474],[139.718021,35.706367],[139.717247,35.706388],[139.716624,35.706526],[139.716206,35.706713],[139.715553,35.707184],[139.715103,35.707394],[139.712462,35.707967],[139.710467,35.708341],[139.709307,35.708372]]]}},{"type":"Feature","id":613,"properties":{"識別id":613,"利用時間":"09:00-19:00","制限時間":60,"手数料":300,"制限事項1":"日曜・休日を除く","制限事項2":"１月１日〜３日を除く","種別":"パーキング・メーター","普通車":1,"貨物用有り":1,"二輪車":0,"標章車専用有り":0,"都道府県":"東京都","区市町村":"文京区","町名":"関口","町丁目":"関口一丁目"},"geometry":{"type":"LineString","coordinates":[[139.742707,35.707827],[139.742608,35.707859],[139.7423,35.707926],[139.741439,35.708061],[139.740736,35.708151],[139.739771,35.708304],[139.739637,35.70832],[139.738661,35.708451],[139.735905,35.708881],[139.735719,35.708906],[139.735286,35.708942],[139.734875,35.708995],[139.734708,35.709033],[139.734565,35.709073],[139.734347,35.709151],[139.734225,35.7092],[139.733984,35.709295],[139.733837,35.709352],[139.733578,35.709465],[139.733473,35.709504],[139.733337,35.709562],[139.733226,35.709607],[139.732697,35.709825],[139.732397,35.709947],[139.732114,35.710023],[139.731921,35.710055],[139.731737,35.710059]]}},{"type":"Feature","id":614,"properties":{"識別id":614,"利用時間":"09:00-19:00","制限時間":60,"手数料":300,"制限事項1":"日曜・休日を除く","制限事項2":"１月１日〜３日を除く","種別":"パーキング・メーター","普通車":1,"貨物用有り":1,"二輪車":0,"標章車専用有り":0,"都道府県":"東京都","区市町村":"新宿区","町名":"早稲田町","町丁目":"早稲田町"},"geometry":{"type":"MultiLineString","coordinates":[[[139.7268,35.704661],[139.725132,35.705315],[139.72176,35.705682],[139.720292,35.705826]],[[139.720151,35.705958],[139.721968,35.705772],[139.725067,35.705458],[139.726797,35.704816]]]}},{"type":"Feature","id":616,"properties":{"識別id":616,"利用時間":"09:00-19:00","制限時間":60,"手数料":300,"制限事項1":"日曜・休日を除く","制限事項2":"１月１日〜３日を除く","種別":"パーキング・メーター","普通車":1,"貨物用有り":1,"二輪車":0,"標章車専用有り":0,"都道府県":"東京都","区市町村":"新宿区","町名":"天神町","町丁目":"天神町"},"geometry":{"type":"MultiLineString","coordinates":[[[139.727236,35.704773],[139.730208,35.704867]],[[139.730391,35.704778],[139.727061,35.704662]]]}},{"type":"Feature","id":618,"properties":{"識別id":618,"利用時間":"09:00-19:00","制限時間":60,"手数料":300,"制限事項1":"日曜・休日を除く","制限事項2":"１月１日〜３日を除く","種別":"パーキング・メーター","普通車":1,"貨物用有り":1,"二輪車":0,"標章車専用有り":0,"都道府県":"東京都","区市町村":"新宿区","町名":"早稲田町","町丁目":"早稲田町"},"geometry":{"type":"MultiLineString","coordinates":[[[139.726922,35.704894],[139.726979,35.706151],[139.726833,35.707391]],[[139.727035,35.707347],[139.727201,35.70607],[139.727139,35.70483]]]}},{"type":"Feature","id":620,"properties":{"識別id":620,"利用時間":"09:00-19:00","制限時間":60,"手数料":300,"制限事項2":"１月１日〜３日を除く","種別":"パーキング・メーター","普通車":1,"貨物用有り":1,"二輪車":0,"標章車専用有り":0,"制限事項1":"","都道府県":"東京都","区市町村":"豊島区","町名":"西池袋","町丁目":"西池袋三丁目"},"geometry":{"type":"LineString","coordinates":[[139.707756,35.730202],[139.707254,35.729219]]}},{"type":"Feature","id":621,"properties":{"識別id":621,"利用時間":"09:00-19:00","制限時間":60,"手数料":300,"制限事項1":"日曜・休日を除く","制限事項2":"１月１日〜３日を除く","種別":"パーキング・チケット","普通車":1,"貨物用有り":0,"二輪車":0,"標章車専用有り":0,"都道府県":"東京都","区市町村":"中央区","町名":"東日本橋","町丁目":"東日本橋一丁目"},"geometry":{"type":"LineString","coordinates":[[139.788059,35.690973],[139.787828,35.69167],[139.787683,35.692255],[139.787597,35.692925],[139.78761,35.693939]]}},{"type":"Feature","id":622,"properties":{"識別id":622,"利用時間":"09:00-19:00","制限時間":60,"手数料":300,"制限事項1":"日曜・休日を除く","制限事項2":"１月１日〜３日を除く","種別":"パーキング・メーター","普通車":1,"貨物用有り":0,"二輪車":0,"標章車専用有り":0,"都道府県":"東京都","区市町村":"品川区","町名":"上大崎","町丁目":"上大崎二丁目"},"geometry":{"type":"LineString","coordinates":[[139.718003,35.635259],[139.71678,35.63507]]}},{"type":"Feature","id":625,"properties":{"識別id":625,"利用時間":"09:00-19:00","制限時間":60,"手数料":300,"制限事項1":"日曜・休日を除く","制限事項2":"１月１日〜３日を除く","種別":"パーキング・チケット","普通車":1,"貨物用有り":1,"二輪車":0,"標章車専用有り":0,"都道府県":"東京都","区市町村":"新宿区","町名":"山吹町","町丁目":"山吹町"},"geometry":{"type":"MultiLineString","coordinates":[[[139.730757,35.704939],[139.730774,35.705038],[139.730817,35.705291],[139.731148,35.707279],[139.731165,35.7075],[139.731226,35.707847],[139.731242,35.707949],[139.731304,35.708325],[139.731333,35.708499],[139.731364,35.708653],[139.731477,35.709299],[139.731511,35.70952],[139.731513,35.709612]],[[139.731679,35.709727],[139.731678,35.709617],[139.73167,35.709555],[139.731626,35.709223],[139.731582,35.709019],[139.731563,35.708916],[139.731542,35.708759],[139.731477,35.708389],[139.731463,35.708335],[139.73141,35.708004],[139.731387,35.707842],[139.731329,35.707516],[139.731317,35.707444],[139.731297,35.70728],[139.731268,35.707126],[139.73125,35.707042],[139.731153,35.706452],[139.731006,35.705601],[139.730992,35.705523],[139.730908,35.705026]]]}},{"type":"Feature","id":627,"properties":{"識別id":627,"利用時間":"09:00-19:00","制限時間":60,"手数料":300,"制限事項1":"日曜・休日を除く","制限事項2":"１月１日〜３日を除く","種別":"パーキング・チケット","普通車":1,"貨物用有り":1,"二輪車":0,"標章車専用有り":0,"都道府県":"東京都","区市町村":"新宿区","町名":"高田馬場","町丁目":"高田馬場四丁目"},"geometry":{"type":"MultiLineString","coordinates":[[[139.69422,35.70957],[139.69504,35.70933],[139.69599,35.70905],[139.69647,35.70891],[139.6967,35.70885],[139.69682,35.70882],[139.69689,35.70881],[139.69695,35.7088],[139.69719,35.70875],[139.69736,35.70873],[139.6975,35.70872],[139.69784,35.70871],[139.69813,35.70873],[139.69828,35.70874],[139.69843,35.70877],[139.69877,35.70884],[139.69909,35.70895],[139.69909,35.70895]],[[139.69888,35.7088],[139.6988,35.70878],[139.69874,35.70876],[139.698719,35.708754],[139.6987,35.70875],[139.69867,35.70874],[139.69862,35.70873],[139.69856,35.70872],[139.69852,35.70871],[139.69848,35.7087],[139.69833,35.70868],[139.69796,35.70865],[139.6978,35.70864],[139.69764,35.70864],[139.69733,35.70867],[139.69712,35.70869],[139.69672,35.70877],[139.69557,35.70909],[139.69427,35.70945]]]}},{"type":"Feature","id":631,"properties":{"識別id":631,"利用時間":"09:00-19:00","制限時間":60,"手数料":300,"制限事項1":"日曜・休日を除く","制限事項2":"１月１日〜３日を除く","種別":"パーキング・チケット","普通車":1,"貨物用有り":0,"二輪車":0,"標章車専用有り":0,"都道府県":"東京都","区市町村":"豊島区","町名":"南池袋","町丁目":"南池袋四丁目"},"geometry":{"type":"MultiLineString","coordinates":[[[139.721976,35.723806],[139.72148,35.724121],[139.720896,35.724495],[139.720145,35.724961]],[[139.720329,35.725248],[139.722154,35.724084]]]}},{"type":"Feature","id":633,"properties":{"識別id":633,"利用時間":"09:00-19:00","制限時間":60,"手数料":300,"制限事項1":"土・日曜、休日を除く","制限事項2":"１月１日〜３日を除く","種別":"パーキング・チケット","普通車":1,"貨物用有り":1,"二輪車":0,"標章車専用有り":0,"都道府県":"東京都","区市町村":"板橋区","町名":"板橋","町丁目":"板橋一丁目"},"geometry":{"type":"LineString","coordinates":[[139.715218,35.746667],[139.716033,35.747859],[139.716295,35.748229],[139.716513,35.748464]]}},{"type":"Feature","id":634,"properties":{"識別id":634,"利用時間":"09:00-19:00","制限時間":60,"手数料":300,"制限事項1":"土・日曜、休日を除く","制限事項2":"１月１日〜３日を除く","種別":"パーキング・チケット","普通車":1,"貨物用有り":0,"二輪車":0,"標章車専用有り":0,"都道府県":"東京都","区市町村":"板橋区","町名":"板橋","町丁目":"板橋一丁目"},"geometry":{"type":"LineString","coordinates":[[139.717125,35.748991],[139.71702,35.748841],[139.716402,35.748245],[139.715396,35.74681]]}},{"type":"Feature","id":635,"properties":{"識別id":635,"利用時間":"09:00-19:00","制限時間":60,"手数料":300,"制限事項1":"日曜・休日を除く","制限事項2":"１月１日〜３日を除く","種別":"パーキング・チケット","普通車":1,"貨物用有り":1,"二輪車":0,"標章車専用有り":0,"都道府県":"東京都","区市町村":"北区","町名":"王子","町丁目":"王子六丁目"},"geometry":{"type":"MultiLineString","coordinates":[[[139.738747,35.759154],[139.741985,35.759048],[139.74334,35.758922]],[[139.743306,35.758813],[139.741764,35.758939],[139.738763,35.759039]]]}},{"type":"Feature","id":637,"properties":{"識別id":637,"利用時間":"09:00-19:00","制限時間":60,"手数料":300,"制限事項1":"日曜・休日を除く","制限事項2":"１月１日〜３日を除く","種別":"パーキング・チケット","普通車":1,"貨物用有り":1,"二輪車":0,"標章車専用有り":0,"都道府県":"東京都","区市町村":"台東区","町名":"下谷","町丁目":"下谷一丁目"},"geometry":{"type":"MultiLineString","coordinates":[[[139.780686,35.717359],[139.78064,35.717443],[139.780482,35.719077],[139.780908,35.719983],[139.781217,35.7206]],[[139.781322,35.720505],[139.780643,35.719166],[139.780776,35.717822],[139.780803,35.717503],[139.780884,35.717404]]]}},{"type":"Feature","id":639,"properties":{"識別id":639,"利用時間":"09:00-19:00","制限時間":60,"手数料":300,"制限事項1":"土・日曜、休日を除く","制限事項2":"１月１日〜３日を除く","種別":"パーキング・チケット","普通車":1,"貨物用有り":1,"二輪車":0,"標章車専用有り":0,"都道府県":"東京都","区市町村":"板橋区","町名":"栄町","町丁目":"栄町"},"geometry":{"type":"MultiLineString","coordinates":[[[139.701703,35.74977],[139.702511,35.750162],[139.703497,35.750474],[139.704025,35.750604],[139.706809,35.751863],[139.707341,35.752078],[139.708307,35.752234]],[[139.70829,35.752123],[139.707538,35.752036],[139.707115,35.751901],[139.704069,35.750529],[139.702666,35.750125],[139.701738,35.7497]]]}},{"type":"Feature","id":641,"properties":{"識別id":641,"利用時間":"09:00-19:00","制限時間":60,"手数料":300,"制限事項1":"土・日曜、休日を除く","制限事項2":"１月１日〜３日を除く","種別":"パーキング・チケット","普通車":1,"貨物用有り":1,"二輪車":0,"標章車専用有り":0,"都道府県":"東京都","区市町村":"北区","町名":"中里","町丁目":"中里三丁目"},"geometry":{"type":"MultiLineString","coordinates":[[[139.747854,35.743001],[139.75008,35.742433],[139.752516,35.741517],[139.753155,35.741287],[139.753458,35.741137],[139.753623,35.741083]],[[139.753533,35.740949],[139.753411,35.740991],[139.753325,35.741077],[139.750991,35.741973],[139.749943,35.742354],[139.747834,35.742889]]]}},{"type":"Feature","id":643,"properties":{"識別id":643,"利用時間":"09:00-19:00","制限時間":60,"手数料":300,"制限事項1":"日曜・休日を除く","制限事項2":"１月１日〜３日を除く","種別":"パーキング・チケット","普通車":1,"貨物用有り":0,"二輪車":0,"標章車専用有り":0,"都道府県":"東京都","区市町村":"新宿区","町名":"新宿","町丁目":"新宿七丁目"},"geometry":{"type":"LineString","coordinates":[[139.708032,35.697959],[139.708921,35.697825],[139.709507,35.697783]]}},{"type":"Feature","id":644,"properties":{"識別id":644,"利用時間":"09:00-19:00","制限時間":60,"手数料":300,"制限事項1":"日曜・休日を除く","制限事項2":"１月１日〜３日を除く","種別":"パーキング・チケット","普通車":1,"貨物用有り":1,"二輪車":0,"標章車専用有り":0,"都道府県":"東京都","区市町村":"新宿区","町名":"新宿","町丁目":"新宿七丁目"},"geometry":{"type":"LineString","coordinates":[[139.712654,35.69767],[139.712009,35.697648],[139.710574,35.697625],[139.709114,35.69765],[139.707963,35.697799]]}},{"type":"Feature","id":645,"properties":{"識別id":645,"利用時間":"09:00-19:00","制限時間":60,"手数料":300,"制限事項1":"日曜・休日を除く","制限事項2":"１月１日〜３日を除く","種別":"パーキング・メーター","普通車":1,"貨物用有り":1,"二輪車":0,"標章車専用有り":0,"都道府県":"東京都","区市町村":"台東区","町名":"寿","町丁目":"寿一丁目"},"geometry":{"type":"MultiLineString","coordinates":[[[139.787996,35.706495],[139.788074,35.70825],[139.788191,35.710172]],[[139.788307,35.710157],[139.788183,35.707972],[139.788112,35.706496]]]}},{"type":"Feature","id":647,"properties":{"識別id":647,"利用時間":"09:00-19:00","制限時間":60,"手数料":300,"制限事項2":"１月１日〜３日を除く","種別":"パーキング・メーター","普通車":1,"貨物用有り":1,"二輪車":0,"標章車専用有り":0,"制限事項1":"","都道府県":"東京都","区市町村":"台東区","町名":"花川戸","町丁目":"花川戸一丁目"},"geometry":{"type":"LineString","coordinates":[[139.798667,35.715652],[139.79843,35.714766],[139.798075,35.713343],[139.797911,35.712747],[139.797852,35.71191]]}},{"type":"Feature","id":648,"properties":{"識別id":648,"利用時間":"09:00-19:00","制限時間":60,"手数料":300,"制限事項1":"日曜・休日を除く","制限事項2":"１月１日〜３日を除く","種別":"パーキング・チケット","普通車":1,"貨物用有り":0,"二輪車":0,"標章車専用有り":0,"都道府県":"東京都","区市町村":"千代田区","町名":"丸の内","町丁目":"丸の内一丁目"},"geometry":{"type":"MultiLineString","coordinates":[[[139.766065,35.68276],[139.766835,35.683106],[139.766915,35.683192],[139.767008,35.683331],[139.767447,35.684198]],[[139.767651,35.684122],[139.767156,35.683165],[139.767078,35.683067],[139.766993,35.682984],[139.766788,35.682862],[139.76625,35.682609],[139.766125,35.682569]]]}},{"type":"Feature","id":650,"properties":{"識別id":650,"利用時間":"09:00-19:00","制限時間":60,"手数料":300,"制限事項1":"日曜・休日を除く","制限事項2":"１月１日〜３日を除く","種別":"パーキング・チケット","普通車":1,"貨物用有り":1,"二輪車":0,"標章車専用有り":0,"都道府県":"東京都","区市町村":"千代田区","町名":"大手町","町丁目":"大手町二丁目"},"geometry":{"type":"MultiLineString","coordinates":[[[139.767719,35.684539],[139.768328,35.686203]],[[139.768461,35.686237],[139.768335,35.685858],[139.768141,35.685358],[139.767818,35.68449]]]}},{"type":"Feature","id":652,"properties":{"識別id":652,"利用時間":"09:00-19:00","制限時間":60,"手数料":300,"制限事項1":"日曜・休日を除く","制限事項2":"１月１日〜３日を除く","種別":"パーキング・メーター","普通車":1,"貨物用有り":1,"二輪車":0,"標章車専用有り":0,"都道府県":"東京都","区市町村":"中央区","町名":"日本橋浜町","町丁目":"日本橋浜町三丁目"},"geometry":{"type":"LineString","coordinates":[[139.787381,35.684727],[139.787925,35.683966],[139.788175,35.683649],[139.78864,35.683059]]}},{"type":"Feature","id":653,"properties":{"識別id":653,"利用時間":"09:00-19:00","制限時間":60,"手数料":300,"制限事項1":"日曜・休日を除く","制限事項2":"１月１日〜３日を除く","種別":"パーキング・メーター","普通車":1,"貨物用有り":0,"二輪車":0,"標章車専用有り":0,"都道府県":"東京都","区市町村":"中央区","町名":"日本橋蛎殻町","町丁目":"日本橋蛎殻町二丁目"},"geometry":{"type":"LineString","coordinates":[[139.788443,35.68298],[139.787703,35.683912],[139.78694,35.684904]]}},{"type":"Feature","id":654,"properties":{"識別id":654,"利用時間":"09:30-19:00","制限時間":60,"手数料":300,"制限事項1":"日曜・休日を除く","制限事項2":"１月１日〜３日を除く","種別":"パーキング・メーター","普通車":1,"貨物用有り":1,"二輪車":0,"標章車専用有り":0,"都道府県":"東京都","区市町村":"中央区","町名":"月島","町丁目":"月島一丁目"},"geometry":{"type":"MultiLineString","coordinates":[[[139.779405,35.660638],[139.781134,35.661852],[139.782916,35.663136],[139.784319,35.664135]],[[139.784425,35.663985],[139.782323,35.662484],[139.780871,35.661431],[139.779569,35.660502]]]}},{"type":"Feature","id":660,"properties":{"識別id":660,"利用時間":"09:00-19:00","制限時間":60,"手数料":300,"制限事項1":"日曜・休日を除く","制限事項2":"１月１日〜３日を除く","種別":"パーキング・チケット","普通車":1,"貨物用有り":0,"二輪車":0,"標章車専用有り":0,"都道府県":"東京都","区市町村":"大田区","町名":"蒲田","町丁目":"蒲田一丁目"},"geometry":{"type":"MultiLineString","coordinates":[[[139.719554,35.562895],[139.720731,35.562877],[139.721222,35.562857],[139.724233,35.562773]],[[139.72414,35.562648],[139.722635,35.562698],[139.721145,35.56274],[139.720444,35.56277],[139.719806,35.562769]]]}},{"type":"Feature","id":662,"properties":{"識別id":662,"利用時間":"09:00-19:00","制限時間":60,"手数料":300,"制限事項1":"日曜・休日を除く","制限事項2":"１月１日〜３日を除く","種別":"パーキング・チケット","普通車":1,"貨物用有り":0,"二輪車":0,"標章車専用有り":0,"都道府県":"東京都","区市町村":"目黒区","町名":"上目黒","町丁目":"上目黒一丁目"},"geometry":{"type":"MultiLineString","coordinates":[[[139.700791,35.643116],[139.701239,35.644254],[139.701307,35.644632],[139.701399,35.64589],[139.701473,35.646103]],[[139.701677,35.646063],[139.701589,35.645868],[139.701486,35.644421],[139.700858,35.642795]]]}},{"type":"Feature","id":664,"properties":{"識別id":664,"利用時間":"09:00-19:00","制限時間":60,"手数料":300,"制限事項2":"１月１日〜３日を除く","種別":"パーキング・メーター","普通車":1,"貨物用有り":1,"二輪車":0,"標章車専用有り":0,"制限事項1":"","都道府県":"東京都","区市町村":"豊島区","町名":"池袋","町丁目":"池袋二丁目"},"geometry":{"type":"MultiLineString","coordinates":[[[139.699656,35.733141],[139.700645,35.732938],[139.70116,35.732907],[139.703425,35.73295],[139.703747,35.732919],[139.704075,35.732862],[139.704459,35.732742],[139.704817,35.732583],[139.705819,35.732118],[139.706082,35.732039],[139.706314,35.731984],[139.70688,35.731856]],[[139.706772,35.731772],[139.706123,35.731929]],[[139.705616,35.732093],[139.704517,35.732605],[139.704255,35.732703],[139.703894,35.732796],[139.703504,35.732847],[139.703053,35.732848],[139.702545,35.732837],[139.701314,35.732813],[139.700819,35.732822],[139.700491,35.732865],[139.699616,35.733041]]]}},{"type":"Feature","id":667,"properties":{"識別id":667,"利用時間":"09:00-19:00","制限時間":60,"手数料":300,"制限事項1":"日曜・休日を除く","制限事項2":"１月１日〜３日を除く","種別":"パーキング・チケット","普通車":1,"貨物用有り":1,"二輪車":0,"標章車専用有り":0,"都道府県":"東京都","区市町村":"板橋区","町名":"高島平","町丁目":"高島平六丁目"},"geometry":{"type":"MultiLineString","coordinates":[[[139.652707,35.792003],[139.65001,35.79253]],[[139.65003,35.79261],[139.652845,35.792063]]]}},{"type":"Feature","id":669,"properties":{"識別id":669,"利用時間":"09:00-19:00","制限時間":60,"手数料":300,"制限事項1":"土・日曜、休日を除く","制限事項2":"１月１日〜３日を除く","種別":"パーキング・メーター","普通車":1,"貨物用有り":1,"二輪車":0,"標章車専用有り":0,"都道府県":"東京都","区市町村":"荒川区","町名":"南千住","町丁目":"南千住五丁目"},"geometry":{"type":"MultiLineString","coordinates":[[[139.797937,35.732632],[139.797614,35.733867],[139.797438,35.734454],[139.797028,35.7359],[139.796839,35.736528],[139.796783,35.736559]],[[139.796845,35.736631],[139.796925,35.736561],[139.797018,35.736301],[139.797651,35.734094],[139.798015,35.732714]]]}},{"type":"Feature","id":671,"properties":{"識別id":671,"利用時間":"09:00-19:00","制限時間":60,"手数料":300,"制限事項1":"日曜・休日を除く","制限事項2":"１月１日〜３日を除く","種別":"パーキング・メーター","普通車":1,"貨物用有り":0,"二輪車":0,"標章車専用有り":0,"都道府県":"東京都","区市町村":"江戸川区","町名":"中葛西","町丁目":"中葛西五丁目"},"geometry":{"type":"LineString","coordinates":[[139.872911,35.663755],[139.87163,35.663812]]}},{"type":"Feature","id":672,"properties":{"識別id":672,"利用時間":"09:00-19:00","制限時間":60,"手数料":300,"制限事項2":"１月１日〜３日を除く","種別":"パーキング・チケット","普通車":1,"貨物用有り":0,"二輪車":0,"標章車専用有り":0,"制限事項1":"","都道府県":"東京都","区市町村":"府中市","町名":"緑町","町丁目":"緑町三丁目"},"geometry":{"type":"MultiLineString","coordinates":[[[139.494532,35.66974],[139.493908,35.669919],[139.493814,35.669921],[139.49278,35.670209]],[[139.492804,35.670287],[139.493831,35.670001],[139.493918,35.669952],[139.494533,35.669776]]]}},{"type":"Feature","id":674,"properties":{"識別id":674,"利用時間":"09:00-19:00","制限時間":60,"手数料":300,"制限事項1":"日曜・休日を除く","制限事項2":"１月１日〜３日を除く","種別":"パーキング・メーター","普通車":1,"貨物用有り":1,"二輪車":0,"標章車専用有り":0,"都道府県":"東京都","区市町村":"港区","町名":"東麻布","町丁目":"東麻布一丁目"},"geometry":{"type":"MultiLineString","coordinates":[[[139.739714,35.655867],[139.741879,35.655278],[139.742032,35.65524],[139.745006,35.655]],[[139.744989,35.654825],[139.743035,35.655028],[139.741872,35.655129],[139.739695,35.655739]]]}},{"type":"Feature","id":676,"properties":{"識別id":676,"利用時間":"09:30-19:00","制限時間":60,"手数料":300,"制限事項1":"日曜・休日を除く","制限事項2":"１月１日〜３日を除く","種別":"パーキング・メーター","普通車":1,"貨物用有り":1,"二輪車":0,"標章車専用有り":0,"都道府県":"東京都","区市町村":"新宿区","町名":"新宿","町丁目":"新宿一丁目"},"geometry":{"type":"MultiLineString","coordinates":[[[139.71027,35.691662],[139.71077,35.691598],[139.713408,35.691272],[139.713728,35.691263],[139.713889,35.691269],[139.714446,35.691366]],[[139.714505,35.691241],[139.714245,35.691194],[139.713841,35.691147],[139.713694,35.691135],[139.713115,35.691153],[139.71244,35.69123],[139.710752,35.691421],[139.710262,35.691485]]]}},{"type":"Feature","id":678,"properties":{"識別id":678,"利用時間":"09:00-19:00","制限時間":60,"手数料":300,"制限事項1":"日曜・休日を除く","制限事項2":"１月１日〜３日を除く","種別":"パーキング・メーター","普通車":1,"貨物用有り":1,"二輪車":0,"標章車専用有り":0,"都道府県":"東京都","区市町村":"港区","町名":"芝","町丁目":"芝二丁目"},"geometry":{"type":"MultiLineString","coordinates":[[[139.749106,35.650076],[139.749502,35.652456]],[[139.749696,35.652608],[139.7494,35.650861],[139.74928,35.650134]]]}},{"type":"Feature","id":680,"properties":{"識別id":680,"利用時間":"09:00-20:00","制限時間":60,"手数料":300,"制限事項2":"１月１日〜３日を除く","種別":"パーキング・メーター","普通車":1,"貨物用有り":1,"二輪車":0,"標章車専用有り":0,"制限事項1":"","都道府県":"東京都","区市町村":"中央区","町名":"日本橋","町丁目":"日本橋三丁目"},"geometry":{"type":"MultiLineString","coordinates":[[[139.773703,35.678667],[139.775041,35.680815],[139.775525,35.681609]],[[139.775801,35.681458],[139.775623,35.681179],[139.775266,35.680597],[139.774981,35.680151],[139.774544,35.679414],[139.774342,35.679097],[139.774078,35.678687],[139.773979,35.678512]]]}},{"type":"Feature","id":682,"properties":{"識別id":682,"利用時間":"09:00-20:00","制限時間":60,"手数料":300,"制限事項2":"１月１日〜３日を除く","種別":"パーキング・メーター","普通車":1,"貨物用有り":1,"二輪車":0,"標章車専用有り":0,"制限事項1":"","都道府県":"東京都","区市町村":"中央区","町名":"京橋","町丁目":"京橋二丁目"},"geometry":{"type":"MultiLineString","coordinates":[[[139.770745,35.673919],[139.771345,35.674849],[139.771908,35.675763],[139.773074,35.677638],[139.773493,35.678324]],[[139.773811,35.678222],[139.773612,35.677897],[139.772989,35.676914],[139.772777,35.676587],[139.771441,35.674432],[139.771071,35.673831]]]}},{"type":"Feature","id":684,"properties":{"識別id":684,"利用時間":"09:00-21:00","制限時間":60,"手数料":300,"制限事項2":"１月１日〜３日を除く","種別":"パーキング・メーター","普通車":1,"貨物用有り":1,"二輪車":0,"標章車専用有り":0,"制限事項1":"","都道府県":"東京都","区市町村":"中央区","町名":"銀座","町丁目":"銀座六丁目"},"geometry":{"type":"MultiLineString","coordinates":[[[139.762658,35.666678],[139.76292,35.666716],[139.763012,35.666741],[139.763197,35.66683],[139.763802,35.667159],[139.764212,35.66743],[139.765002,35.668067],[139.765978,35.668848],[139.766407,35.669218],[139.76707,35.669821],[139.767807,35.670636],[139.769575,35.6726],[139.770251,35.673349],[139.770653,35.67381]],[[139.770991,35.67373],[139.769492,35.672066],[139.768202,35.670614],[139.767054,35.669373],[139.766479,35.668889],[139.765666,35.668234],[139.764486,35.667274],[139.764048,35.666972],[139.763632,35.666745],[139.763394,35.666627],[139.763169,35.666503]]]}},{"type":"Feature","id":688,"properties":{"識別id":688,"利用時間":"09:00-19:00","制限時間":60,"手数料":300,"制限事項1":"日曜・休日を除く","制限事項2":"１月１日〜３日を除く","種別":"パーキング・メーター","普通車":1,"貨物用有り":0,"二輪車":0,"標章車専用有り":0,"都道府県":"東京都","区市町村":"文京区","町名":"関口","町丁目":"関口一丁目"},"geometry":{"type":"MultiLineString","coordinates":[[[139.723262,35.710687],[139.724188,35.710421],[139.72436,35.710375],[139.724722,35.710275],[139.724847,35.710237],[139.725214,35.710135],[139.725439,35.710083],[139.725925,35.709978],[139.72637,35.709891]],[[139.726429,35.709694],[139.726119,35.709763],[139.725955,35.709794],[139.725349,35.709936],[139.725212,35.709962],[139.724915,35.710038],[139.724735,35.710091],[139.724356,35.710199],[139.724274,35.710227],[139.724104,35.710271],[139.723626,35.710404],[139.723358,35.710479]]]}},{"type":"Feature","id":690,"properties":{"識別id":690,"利用時間":"09:00-19:00","制限時間":60,"手数料":300,"制限事項1":"日曜・休日を除く","制限事項2":"１月１日〜３日を除く","種別":"パーキング・チケット","普通車":1,"貨物用有り":0,"二輪車":0,"標章車専用有り":0,"都道府県":"東京都","区市町村":"葛飾区","町名":"堀切","町丁目":"堀切四丁目"},"geometry":{"type":"MultiLineString","coordinates":[[[139.826781,35.747768],[139.827094,35.748298],[139.827578,35.749137]],[[139.827683,35.749107],[139.827445,35.748718],[139.827188,35.748278],[139.826884,35.747737]]]}},{"type":"Feature","id":692,"properties":{"識別id":692,"利用時間":"09:00-19:00","制限時間":60,"手数料":300,"制限事項1":"日曜・休日を除く","制限事項2":"１月１日〜３日を除く","種別":"パーキング・チケット","普通車":1,"貨物用有り":0,"二輪車":0,"標章車専用有り":0,"都道府県":"東京都","区市町村":"目黒区","町名":"目黒本町","町丁目":"目黒本町五丁目"},"geometry":{"type":"MultiLineString","coordinates":[[[139.702895,35.61978],[139.699735,35.622171]],[[139.700088,35.622029],[139.703018,35.619805]]]}},{"type":"Feature","id":694,"properties":{"識別id":694,"利用時間":"09:00-19:00","制限時間":60,"手数料":300,"制限事項1":"日曜・休日を除く","制限事項2":"１月１日〜３日を除く","種別":"パーキング・メーター","普通車":1,"貨物用有り":1,"二輪車":0,"標章車専用有り":0,"都道府県":"東京都","区市町村":"大田区","町名":"大森北","町丁目":"大森北四丁目"},"geometry":{"type":"MultiLineString","coordinates":[[[139.727153,35.584889],[139.727667,35.584749],[139.728359,35.584728],[139.730758,35.584795]],[[139.730704,35.584704],[139.727965,35.584644],[139.727579,35.58467],[139.72716,35.584777]]]}},{"type":"Feature","id":696,"properties":{"識別id":696,"利用時間":"09:00-19:00","制限時間":60,"手数料":300,"制限事項1":"日曜・休日を除く","制限事項2":"１月１日〜３日を除く","種別":"パーキング・メーター","普通車":1,"貨物用有り":1,"二輪車":0,"標章車専用有り":0,"都道府県":"東京都","区市町村":"大田区","町名":"大森北","町丁目":"大森北三丁目"},"geometry":{"type":"MultiLineString","coordinates":[[[139.73108,35.584776],[139.732988,35.584603],[139.734586,35.584374],[139.735053,35.584353]],[[139.735061,35.584269],[139.734497,35.584306],[139.732807,35.58453],[139.7309,35.584676]]]}},{"type":"Feature","id":698,"properties":{"識別id":698,"利用時間":"09:00-19:00","制限時間":60,"手数料":300,"制限事項1":"日曜・休日を除く","制限事項2":"１月１日〜３日を除く","種別":"パーキング・チケット","普通車":1,"貨物用有り":1,"二輪車":0,"標章車専用有り":0,"都道府県":"東京都","区市町村":"板橋区","町名":"高島平","町丁目":"高島平八丁目"},"geometry":{"type":"LineString","coordinates":[[139.66061,35.79039],[139.660441,35.789862]]}},{"type":"Feature","id":699,"properties":{"識別id":699,"利用時間":"09:00-19:00","制限時間":60,"手数料":300,"制限事項1":"日曜・休日を除く","制限事項2":"１月１日〜３日を除く","種別":"パーキング・チケット","普通車":1,"貨物用有り":1,"二輪車":0,"標章車専用有り":0,"都道府県":"東京都","区市町村":"板橋区","町名":"高島平","町丁目":"高島平二丁目"},"geometry":{"type":"MultiLineString","coordinates":[[[139.66005,35.788702],[139.658982,35.785639],[139.658157,35.783263]],[[139.657962,35.783273],[139.658937,35.786013],[139.659887,35.788724]]]}},{"type":"Feature","id":701,"properties":{"識別id":701,"利用時間":"09:00-20:00","制限時間":60,"手数料":300,"制限事項2":"１月１日〜３日を除く","種別":"パーキング・メーター","普通車":1,"貨物用有り":1,"二輪車":0,"標章車専用有り":0,"制限事項1":"","都道府県":"東京都","区市町村":"渋谷区","町名":"神宮前","町丁目":"神宮前五丁目"},"geometry":{"type":"MultiLineString","coordinates":[[[139.705564,35.668502],[139.710601,35.666172]],[[139.710467,35.666064],[139.708268,35.667076],[139.705497,35.668378]]]}},{"type":"Feature","id":704,"properties":{"識別id":704,"利用時間":"09:00-19:00","制限時間":60,"手数料":300,"制限事項1":"日曜・休日を除く","制限事項2":"１月１日〜３日を除く","種別":"パーキング・メーター","普通車":1,"貨物用有り":0,"二輪車":0,"標章車専用有り":0,"都道府県":"東京都","区市町村":"文京区","町名":"目白台","町丁目":"目白台二丁目"},"geometry":{"type":"MultiLineString","coordinates":[[[139.718151,35.716959],[139.720471,35.717799],[139.721543,35.718185],[139.722177,35.718426],[139.722517,35.718533],[139.722979,35.718707],[139.723324,35.718866],[139.724464,35.719413],[139.724638,35.719506]],[[139.725243,35.71923],[139.724989,35.719316],[139.724837,35.719372],[139.724792,35.719371],[139.724745,35.719368],[139.724537,35.719289],[139.724427,35.719253],[139.724074,35.71909],[139.723769,35.718946],[139.723372,35.718739],[139.723074,35.718608],[139.722566,35.718417],[139.72222,35.718303],[139.721573,35.718059],[139.721342,35.717981],[139.718425,35.716924]]]}},{"type":"Feature","id":706,"properties":{"識別id":706,"利用時間":"09:00-19:00","制限時間":60,"手数料":300,"制限事項1":"日曜・休日を除く","制限事項2":"１月１日〜３日を除く","種別":"パーキング・チケット","普通車":1,"貨物用有り":0,"二輪車":0,"標章車専用有り":0,"都道府県":"東京都","区市町村":"文京区","町名":"湯島","町丁目":"湯島一丁目"},"geometry":{"type":"MultiLineString","coordinates":[[[139.765483,35.700158],[139.765531,35.700365],[139.76574,35.700826],[139.765788,35.701019],[139.765985,35.701427]],[[139.766159,35.701327],[139.765673,35.700239],[139.76564,35.700104]]]}},{"type":"Feature","id":710,"properties":{"識別id":710,"利用時間":"09:00-19:00","制限時間":60,"手数料":300,"制限事項1":"日曜・休日を除く","制限事項2":"１月１日〜３日を除く","種別":"パーキング・チケット","普通車":1,"貨物用有り":1,"二輪車":0,"標章車専用有り":0,"都道府県":"東京都","区市町村":"港区","町名":"南麻布","町丁目":"南麻布三丁目"},"geometry":{"type":"MultiLineString","coordinates":[[[139.72807,35.646917],[139.728987,35.647173],[139.729262,35.647227],[139.730582,35.647271],[139.731753,35.647417],[139.732171,35.647466],[139.732558,35.647477],[139.733069,35.647429],[139.733282,35.64735],[139.734124,35.646937],[139.734336,35.646861],[139.735695,35.646658],[139.735832,35.646674]],[[139.735757,35.646499],[139.734698,35.646649],[139.734226,35.646745],[139.733839,35.646899],[139.733127,35.647259],[139.732663,35.64734],[139.731814,35.647301],[139.730649,35.647134],[139.730072,35.647091],[139.729262,35.647079],[139.728855,35.646993],[139.728114,35.646776]]]}},{"type":"Feature","id":713,"properties":{"識別id":713,"利用時間":"09:30-19:00","制限時間":60,"手数料":300,"制限事項1":"日曜・休日を除く","制限事項2":"１月１日〜３日を除く","種別":"パーキング・メーター","普通車":1,"貨物用有り":1,"二輪車":0,"標章車専用有り":0,"都道府県":"東京都","区市町村":"新宿区","町名":"中落合","町丁目":"中落合三丁目"},"geometry":{"type":"MultiLineString","coordinates":[[[139.68886,35.719131],[139.686095,35.721103],[139.684173,35.722446]],[[139.684404,35.72249],[139.686701,35.72087],[139.688892,35.719403]]]}},{"type":"Feature","id":717,"properties":{"識別id":717,"利用時間":"09:00-19:00","制限時間":60,"手数料":300,"制限事項2":"１月１日〜３日を除く","種別":"パーキング・メーター","普通車":1,"貨物用有り":1,"二輪車":0,"標章車専用有り":0,"制限事項1":"","都道府県":"東京都","区市町村":"豊島区","町名":"池袋","町丁目":"池袋四丁目"},"geometry":{"type":"MultiLineString","coordinates":[[[139.709047,35.733059],[139.709147,35.733248],[139.709244,35.733483],[139.709303,35.733715],[139.709378,35.734315],[139.70955,35.73549],[139.709667,35.736311],[139.709692,35.736618],[139.709779,35.737068],[139.709814,35.737172],[139.709875,35.737324],[139.710041,35.737652],[139.71029,35.738178],[139.710507,35.738704]],[[139.710624,35.738603],[139.710192,35.737713],[139.709942,35.737181],[139.709897,35.737034],[139.709826,35.736616],[139.709667,35.735472],[139.709556,35.7346],[139.709516,35.734318],[139.709421,35.733658],[139.709327,35.733335],[139.709197,35.733052]]]}},{"type":"Feature","id":721,"properties":{"識別id":721,"利用時間":"09:00-19:00","制限時間":60,"手数料":300,"制限事項1":"日曜・休日を除く","制限事項2":"１月１日〜３日を除く","種別":"パーキング・メーター","普通車":1,"貨物用有り":1,"二輪車":0,"標章車専用有り":0,"都道府県":"東京都","区市町村":"中央区","町名":"日本橋人形町","町丁目":"日本橋人形町二丁目"},"geometry":{"type":"MultiLineString","coordinates":[[[139.78229,35.686396],[139.7834,35.687122],[139.784484,35.687842],[139.785692,35.688649]],[[139.785752,35.688556],[139.784573,35.687758],[139.783466,35.68702],[139.783114,35.686808],[139.78239,35.686299]]]}},{"type":"Feature","id":723,"properties":{"識別id":723,"利用時間":"09:00-19:00","制限時間":60,"手数料":300,"制限事項1":"日曜・休日を除く","制限事項2":"１月１日〜３日を除く","種別":"パーキング・メーター","普通車":1,"貨物用有り":0,"二輪車":0,"標章車専用有り":0,"都道府県":"東京都","区市町村":"中央区","町名":"日本橋浜町","町丁目":"日本橋浜町二丁目"},"geometry":{"type":"LineString","coordinates":[[139.788299,35.690172],[139.787014,35.689384],[139.786652,35.689148],[139.785963,35.688679]]}},{"type":"Feature","id":724,"properties":{"識別id":724,"利用時間":"09:00-19:00","制限時間":60,"手数料":300,"制限事項1":"日曜・休日を除く","制限事項2":"１月１日〜３日を除く","種別":"パーキング・メーター","普通車":1,"貨物用有り":0,"二輪車":0,"標章車専用有り":0,"都道府県":"東京都","区市町村":"中央区","町名":"日本橋浜町","町丁目":"日本橋浜町一丁目"},"geometry":{"type":"LineString","coordinates":[[139.785886,35.688772],[139.786845,35.689411]]}},{"type":"Feature","id":725,"properties":{"識別id":725,"利用時間":"09:00-19:00","制限時間":60,"手数料":300,"制限事項1":"日曜・休日を除く","制限事項2":"１月１日〜３日を除く","種別":"パーキング・メーター","普通車":1,"貨物用有り":0,"二輪車":0,"標章車専用有り":0,"都道府県":"東京都","区市町村":"目黒区","町名":"駒場","町丁目":"駒場一丁目"},"geometry":{"type":"MultiLineString","coordinates":[[[139.690152,35.655455],[139.690376,35.655981],[139.690744,35.656784]],[[139.690917,35.656521],[139.690644,35.655937],[139.690412,35.655454]]]}},{"type":"Feature","id":727,"properties":{"識別id":727,"利用時間":"09:00-19:00","制限時間":60,"手数料":300,"制限事項2":"１月１日〜３日を除く","種別":"パーキング・メーター","普通車":1,"貨物用有り":1,"二輪車":0,"標章車専用有り":0,"制限事項1":"","都道府県":"東京都","区市町村":"中野区","町名":"新井","町丁目":"新井二丁目"},"geometry":{"type":"LineString","coordinates":[[139.66866,35.716505],[139.668523,35.716312],[139.666274,35.714241],[139.665452,35.71111]]}},{"type":"Feature","id":728,"properties":{"識別id":728,"利用時間":"09:00-19:00","制限時間":60,"手数料":300,"制限事項1":"日曜・休日を除く","制限事項2":"１月１日〜３日を除く","種別":"パーキング・チケット","普通車":1,"貨物用有り":1,"二輪車":0,"標章車専用有り":0,"都道府県":"東京都","区市町村":"文京区","町名":"白山","町丁目":"白山一丁目"},"geometry":{"type":"MultiLineString","coordinates":[[[139.753415,35.70864],[139.752677,35.711052],[139.752626,35.711267],[139.752165,35.713537],[139.751723,35.716155],[139.751222,35.71889],[139.751202,35.718975],[139.751163,35.719097],[139.751104,35.719236],[139.750945,35.71951],[139.750834,35.719656],[139.750704,35.719802],[139.750565,35.719937],[139.749838,35.72063],[139.747816,35.722577]],[[139.74802,35.722756],[139.748092,35.722685],[139.749803,35.721035],[139.750164,35.720686],[139.750877,35.719994],[139.751061,35.719798],[139.751191,35.719639],[139.751235,35.71957],[139.751336,35.719384],[139.751486,35.718993],[139.752124,35.715452],[139.752277,35.714624],[139.752336,35.714199],[139.752477,35.713373],[139.752613,35.712678],[139.752896,35.711358],[139.752969,35.711073],[139.753657,35.70881]]]}},{"type":"Feature","id":730,"properties":{"識別id":730,"利用時間":"09:00-19:00","制限時間":60,"手数料":300,"制限事項1":"日曜・休日を除く","制限事項2":"１月１日〜３日を除く","種別":"パーキング・チケット","普通車":1,"貨物用有り":1,"二輪車":0,"標章車専用有り":0,"都道府県":"東京都","区市町村":"豊島区","町名":"北大塚","町丁目":"北大塚三丁目"},"geometry":{"type":"MultiLineString","coordinates":[[[139.725962,35.732756],[139.726383,35.733852]],[[139.726487,35.733799],[139.726072,35.732739]]]}},{"type":"Feature","id":732,"properties":{"識別id":732,"利用時間":"09:00-19:00","制限時間":60,"手数料":300,"制限事項1":"日曜・休日を除く","制限事項2":"１月１日〜３日を除く","種別":"パーキング・メーター","普通車":1,"貨物用有り":1,"二輪車":0,"標章車専用有り":0,"都道府県":"東京都","区市町村":"豊島区","町名":"東池袋","町丁目":"東池袋二丁目"},"geometry":{"type":"MultiLineString","coordinates":[[[139.72502,35.729304],[139.725236,35.730174],[139.725596,35.731618]],[[139.725713,35.731649],[139.725274,35.729914],[139.725149,35.729436]]]}},{"type":"Feature","id":734,"properties":{"識別id":734,"利用時間":"09:00-19:00","制限時間":60,"手数料":300,"制限事項1":"日曜・休日を除く","制限事項2":"１月１日〜３日を除く","種別":"パーキング・チケット","普通車":1,"貨物用有り":1,"二輪車":0,"標章車専用有り":0,"都道府県":"東京都","区市町村":"台東区","町名":"西浅草","町丁目":"西浅草一丁目"},"geometry":{"type":"MultiLineString","coordinates":[[[139.778427,35.71219],[139.779039,35.71205],[139.782015,35.711509],[139.784695,35.711016],[139.787709,35.710504],[139.789578,35.710146],[139.791286,35.709798],[139.79332,35.70931],[139.794861,35.709075],[139.795809,35.708957]],[[139.795766,35.708797],[139.793574,35.709113],[139.791706,35.70952],[139.78907,35.710072],[139.786147,35.710635],[139.783725,35.711055],[139.782112,35.711355],[139.780855,35.711564],[139.779196,35.711848],[139.778215,35.712046]]]}},{"type":"Feature","id":737,"properties":{"識別id":737,"利用時間":"09:00-19:00","制限時間":60,"手数料":300,"制限事項1":"日曜・休日を除く","制限事項2":"１月１日〜３日を除く","種別":"パーキング・メーター","普通車":1,"貨物用有り":0,"二輪車":0,"標章車専用有り":0,"都道府県":"東京都","区市町村":"墨田区","町名":"東駒形","町丁目":"東駒形一丁目"},"geometry":{"type":"MultiLineString","coordinates":[[[139.799897,35.703765],[139.799746,35.706378],[139.798646,35.707433]],[[139.798767,35.707507],[139.799881,35.70645],[139.800054,35.70377]]]}},{"type":"Feature","id":739,"properties":{"識別id":739,"利用時間":"09:30-19:00","制限時間":60,"手数料":300,"制限事項1":"日曜・休日を除く","制限事項2":"１月１日〜３日を除く","種別":"パーキング・メーター","普通車":1,"貨物用有り":1,"二輪車":0,"標章車専用有り":0,"都道府県":"東京都","区市町村":"江東区","町名":"深川","町丁目":"深川二丁目"},"geometry":{"type":"LineString","coordinates":[[139.79622,35.674947],[139.79611,35.674254]]}},{"type":"Feature","id":740,"properties":{"識別id":740,"利用時間":"09:30-19:00","制限時間":60,"手数料":300,"制限事項1":"日曜・休日を除く","制限事項2":"１月１日〜３日を除く","種別":"パーキング・メーター","普通車":1,"貨物用有り":0,"二輪車":0,"標章車専用有り":0,"都道府県":"東京都","区市町村":"江東区","町名":"深川","町丁目":"深川二丁目"},"geometry":{"type":"MultiLineString","coordinates":[[[139.796886,35.676954],[139.796882,35.676955],[139.79888,35.67943]],[[139.79903,35.67936],[139.797199,35.677096],[139.797201,35.677098],[139.797201,35.677096]]]}},{"type":"Feature","id":744,"properties":{"識別id":744,"利用時間":"09:00-19:00","制限時間":60,"手数料":300,"制限事項1":"日曜・休日を除く","制限事項2":"１月１日〜３日を除く","種別":"パーキング・チケット","普通車":1,"貨物用有り":0,"二輪車":0,"標章車専用有り":0,"都道府県":"東京都","区市町村":"葛飾区","町名":"堀切","町丁目":"堀切三丁目"},"geometry":{"type":"LineString","coordinates":[[139.826802,35.74686],[139.828808,35.746332]]}},{"type":"Feature","id":747,"properties":{"識別id":747,"利用時間":"09:00-19:00","制限時間":60,"手数料":300,"制限事項2":"１月１日〜３日を除く","種別":"パーキング・メーター","普通車":1,"貨物用有り":0,"二輪車":0,"標章車専用有り":0,"制限事項1":"","都道府県":"東京都","区市町村":"狛江市","町名":"東和泉","町丁目":"東和泉一丁目"},"geometry":{"type":"MultiLineString","coordinates":[[[139.578896,35.630411],[139.578752,35.630531],[139.577431,35.631423]],[[139.57746,35.631454],[139.577946,35.631128],[139.578636,35.630679],[139.578976,35.630447]]]}},{"type":"Feature","id":751,"properties":{"識別id":751,"利用時間":"09:00-19:00","制限時間":60,"手数料":300,"制限事項1":"日曜・休日を除く","制限事項2":"１月１日〜３日を除く","種別":"パーキング・メーター","普通車":1,"貨物用有り":0,"二輪車":0,"標章車専用有り":0,"都道府県":"東京都","区市町村":"北区","町名":"王子本町","町丁目":"王子本町一丁目"},"geometry":{"type":"MultiLineString","coordinates":[[[139.730302,35.753076],[139.73328,35.753803]],[[139.73334,35.753748],[139.732585,35.753548],[139.730346,35.753016]]]}},{"type":"Feature","id":753,"properties":{"識別id":753,"利用時間":"09:00-19:00","制限時間":60,"手数料":300,"制限事項1":"日曜・休日を除く","制限事項2":"１月１日〜３日を除く","種別":"パーキング・メーター","普通車":1,"貨物用有り":0,"二輪車":0,"標章車専用有り":0,"都道府県":"東京都","区市町村":"中央区","町名":"月島","町丁目":"月島一丁目"},"geometry":{"type":"LineString","coordinates":[[139.783329,35.663442],[139.781606,35.665037]]}},{"type":"Feature","id":755,"properties":{"識別id":755,"利用時間":"09:00-19:00","制限時間":60,"手数料":300,"制限事項1":"日曜・休日を除く","制限事項2":"１月１日〜３日を除く","種別":"パーキング・メーター","普通車":1,"貨物用有り":0,"二輪車":0,"標章車専用有り":1,"都道府県":"東京都","区市町村":"中央区","町名":"月島","町丁目":"月島二丁目"},"geometry":{"type":"LineString","coordinates":[[139.782518,35.66261],[139.784267,35.660972]]}},{"type":"Feature","id":756,"properties":{"識別id":756,"利用時間":"09:00-19:00","制限時間":60,"手数料":300,"制限事項1":"日曜・休日を除く","制限事項2":"１月１日〜３日を除く","種別":"パーキング・メーター","普通車":1,"貨物用有り":0,"二輪車":0,"標章車専用有り":1,"都道府県":"東京都","区市町村":"中央区","町名":"月島","町丁目":"月島四丁目"},"geometry":{"type":"LineString","coordinates":[[139.781526,35.661894],[139.782381,35.661102]]}},{"type":"Feature","id":757,"properties":{"識別id":757,"利用時間":"09:00-19:00","制限時間":60,"手数料":300,"制限事項1":"日曜・休日を除く","制限事項2":"１月１日〜３日を除く","種別":"パーキング・メーター","普通車":1,"貨物用有り":0,"二輪車":0,"標章車専用有り":0,"都道府県":"東京都","区市町村":"中央区","町名":"月島","町丁目":"月島三丁目"},"geometry":{"type":"LineString","coordinates":[[139.781333,35.662007],[139.779629,35.663604]]}},{"type":"Feature","id":758,"properties":{"識別id":758,"利用時間":"09:00-19:00","制限時間":60,"手数料":300,"制限事項1":"日曜・休日を除く","制限事項2":"１月１日〜３日を除く","種別":"パーキング・メーター","普通車":1,"貨物用有り":0,"二輪車":0,"標章車専用有り":0,"都道府県":"東京都","区市町村":"中央区","町名":"月島","町丁目":"月島三丁目"},"geometry":{"type":"LineString","coordinates":[[139.778652,35.662927],[139.780375,35.661331]]}},{"type":"Feature","id":759,"properties":{"識別id":759,"利用時間":"09:00-19:00","制限時間":60,"手数料":300,"制限事項1":"日曜・休日を除く","制限事項2":"１月１日〜３日を除く","種別":"パーキング・メーター","普通車":1,"貨物用有り":1,"二輪車":0,"標章車専用有り":0,"都道府県":"東京都","区市町村":"港区","町名":"芝","町丁目":"芝四丁目"},"geometry":{"type":"MultiLineString","coordinates":[[[139.749315,35.650108],[139.750481,35.65001],[139.752195,35.649422],[139.752891,35.64924]],[[139.75273,35.649142],[139.752062,35.649334],[139.750521,35.649873],[139.750162,35.649928],[139.749297,35.649994]]]}},{"type":"Feature","id":761,"properties":{"識別id":761,"利用時間":"09:00-19:00","制限時間":60,"手数料":300,"制限事項1":"日曜・休日を除く","制限事項2":"１月１日〜３日を除く","種別":"パーキング・メーター","普通車":1,"貨物用有り":1,"二輪車":0,"標章車専用有り":0,"都道府県":"東京都","区市町村":"港区","町名":"芝","町丁目":"芝二丁目"},"geometry":{"type":"MultiLineString","coordinates":[[[139.749771,35.65275],[139.75065,35.653104],[139.750887,35.653172],[139.751031,35.653182],[139.752281,35.653122],[139.752379,35.653112],[139.752596,35.653014],[139.752881,35.652895],[139.753916,35.652801]],[[139.753894,35.652721],[139.752866,35.652821],[139.752682,35.652887],[139.752529,35.652951],[139.752424,35.653001],[139.752299,35.653039],[139.751014,35.653104],[139.750842,35.653088],[139.750146,35.652811],[139.749761,35.652656]]]}},{"type":"Feature","id":763,"properties":{"識別id":763,"利用時間":"09:00-19:00","制限時間":60,"手数料":300,"制限事項1":"日曜・休日を除く","制限事項2":"１月１日〜３日を除く","種別":"パーキング・メーター","普通車":1,"貨物用有り":1,"二輪車":0,"標章車専用有り":0,"都道府県":"東京都","区市町村":"港区","町名":"芝浦","町丁目":"芝浦四丁目"},"geometry":{"type":"MultiLineString","coordinates":[[[139.745463,35.639802],[139.748741,35.639127]],[[139.748747,35.639058],[139.745444,35.639738]]]}},{"type":"Feature","id":765,"properties":{"識別id":765,"利用時間":"09:00-19:00","制限時間":60,"手数料":300,"制限事項1":"日曜・休日を除く","制限事項2":"１月１日〜３日を除く","種別":"パーキング・メーター","普通車":1,"貨物用有り":0,"二輪車":0,"標章車専用有り":0,"都道府県":"東京都","区市町村":"品川区","町名":"南大井","町丁目":"南大井四丁目"},"geometry":{"type":"MultiLineString","coordinates":[[[139.733231,35.590611],[139.73345,35.591369],[139.734577,35.595123]],[[139.734684,35.595093],[139.734452,35.594321],[139.734185,35.593483],[139.733524,35.591315],[139.733299,35.590591]]]}},{"type":"Feature","id":767,"properties":{"識別id":767,"利用時間":"09:00-19:00","制限時間":60,"手数料":300,"制限事項1":"日曜・休日を除く","制限事項2":"１月１日〜３日を除く","種別":"パーキング・メーター","普通車":1,"貨物用有り":1,"二輪車":0,"標章車専用有り":0,"都道府県":"東京都","区市町村":"品川区","町名":"南大井","町丁目":"南大井四丁目"},"geometry":{"type":"MultiLineString","coordinates":[[[139.731613,35.593463],[139.732312,35.593292],[139.732589,35.593231],[139.73298,35.593177],[139.73522,35.592728],[139.735394,35.592699],[139.73583,35.592644],[139.735897,35.592645]],[[139.735857,35.592559],[139.735366,35.592619],[139.735196,35.59265],[139.732969,35.593104],[139.732614,35.593195],[139.732302,35.593259],[139.731593,35.593436]]]}},{"type":"Feature","id":769,"properties":{"識別id":769,"利用時間":"09:00-19:00","制限時間":60,"手数料":300,"制限事項1":"日曜・休日を除く","制限事項2":"１月１日〜３日を除く","種別":"パーキング・メーター","普通車":1,"貨物用有り":1,"二輪車":0,"標章車専用有り":0,"都道府県":"東京都","区市町村":"杉並区","町名":"井草","町丁目":"井草五丁目"},"geometry":{"type":"MultiLineString","coordinates":[[[139.59967,35.72557],[139.6002,35.72556],[139.60142,35.7257],[139.60221,35.72593],[139.60354,35.7265],[139.60416,35.72682],[139.605,35.72708],[139.60749,35.72769],[139.60833,35.728]],[[139.60864,35.72803],[139.60745,35.7276],[139.60455,35.72689],[139.60411,35.72671],[139.60261,35.72601],[139.60177,35.72572],[139.60112,35.72557],[139.60012,35.7255],[139.59967,35.7255]]]}},{"type":"Feature","id":771,"properties":{"識別id":771,"利用時間":"09:00-19:00","制限時間":60,"手数料":300,"制限事項2":"１月１日〜３日を除く","種別":"パーキング・メーター","普通車":1,"貨物用有り":0,"二輪車":0,"標章車専用有り":0,"制限事項1":"","都道府県":"東京都","区市町村":"台東区","町名":"今戸","町丁目":"今戸二丁目"},"geometry":{"type":"LineString","coordinates":[[139.803881,35.717755],[139.804012,35.718743],[139.804137,35.719699],[139.804261,35.720598],[139.804301,35.720828],[139.804465,35.722771],[139.804524,35.723027],[139.804616,35.724074],[139.804859,35.725114],[139.804951,35.726183]]}},{"type":"Feature","id":772,"properties":{"識別id":772,"利用時間":"09:00-19:00","制限時間":60,"手数料":300,"制限事項2":"１月１日〜３日を除く","種別":"パーキング・メーター","普通車":1,"貨物用有り":1,"二輪車":0,"標章車専用有り":0,"制限事項1":"","都道府県":"東京都","区市町村":"台東区","町名":"橋場","町丁目":"橋場一丁目"},"geometry":{"type":"LineString","coordinates":[[139.808533,35.72799],[139.808566,35.727712],[139.808474,35.727203],[139.808395,35.726856],[139.807961,35.72554],[139.807757,35.724768],[139.807448,35.723169],[139.806916,35.72111],[139.806707,35.720759],[139.806569,35.720584],[139.805319,35.719403],[139.804121,35.717792],[139.80391,35.717464]]}},{"type":"Feature","id":775,"properties":{"識別id":775,"利用時間":"09:00-19:00","制限時間":60,"手数料":300,"制限事項1":"日曜・休日を除く","制限事項2":"１月１日〜３日を除く","種別":"パーキング・メーター","普通車":1,"貨物用有り":1,"二輪車":0,"標章車専用有り":0,"都道府県":"東京都","区市町村":"大田区","町名":"池上","町丁目":"池上四丁目"},"geometry":{"type":"MultiLineString","coordinates":[[[139.705612,35.57334],[139.705429,35.573753],[139.705151,35.574374],[139.704875,35.57486],[139.70483,35.574979],[139.704807,35.575111]],[[139.704891,35.57513],[139.70491,35.574985],[139.704966,35.574846],[139.705172,35.574494],[139.705225,35.574399],[139.705687,35.573362]]]}},{"type":"Feature","id":777,"properties":{"識別id":777,"利用時間":"09:00-19:00","制限時間":60,"手数料":300,"制限事項1":"日曜・休日を除く","制限事項2":"１月１日〜３日を除く","種別":"パーキング・メーター","普通車":1,"貨物用有り":0,"二輪車":0,"標章車専用有り":0,"都道府県":"東京都","区市町村":"目黒区","町名":"大橋","町丁目":"大橋一丁目"},"geometry":{"type":"LineString","coordinates":[[139.691379,35.649194],[139.691015,35.649463],[139.690555,35.649883],[139.690357,35.65007],[139.689872,35.650544],[139.689587,35.650899],[139.68954,35.65158],[139.6895,35.652272]]}},{"type":"Feature","id":778,"properties":{"識別id":778,"利用時間":"09:00-19:00","制限時間":60,"手数料":300,"制限事項1":"日曜・休日を除く","制限事項2":"１月１日〜３日を除く","種別":"パーキング・メーター","普通車":1,"貨物用有り":0,"二輪車":0,"標章車専用有り":0,"都道府県":"東京都","区市町村":"目黒区","町名":"青葉台","町丁目":"青葉台三丁目"},"geometry":{"type":"LineString","coordinates":[[139.689737,35.652136],[139.689803,35.651247],[139.689857,35.651018],[139.690037,35.650707],[139.690324,35.650404],[139.690702,35.650039],[139.691181,35.649598],[139.691513,35.649334]]}},{"type":"Feature","id":781,"properties":{"識別id":781,"利用時間":"09:00-19:00","制限時間":60,"手数料":300,"制限事項2":"１月１日〜３日を除く","種別":"パーキング・メーター","普通車":1,"貨物用有り":1,"二輪車":0,"標章車専用有り":0,"制限事項1":"","都道府県":"東京都","区市町村":"中野区","町名":"松が丘","町丁目":"松が丘二丁目"},"geometry":{"type":"MultiLineString","coordinates":[[[139.669308,35.717661],[139.670155,35.718941],[139.670581,35.719983],[139.670685,35.720168],[139.671421,35.720878],[139.672175,35.721935],[139.673613,35.723385]],[[139.673734,35.723402],[139.672275,35.721907],[139.671553,35.720898],[139.670711,35.720028],[139.670286,35.718953],[139.669374,35.717573]]]}},{"type":"Feature","id":783,"properties":{"識別id":783,"利用時間":"09:00-19:00","制限時間":60,"手数料":300,"制限事項1":"日曜・休日を除く","制限事項2":"１月１日〜３日を除く","種別":"パーキング・メーター","普通車":1,"貨物用有り":0,"二輪車":0,"標章車専用有り":0,"都道府県":"東京都","区市町村":"杉並区","町名":"永福","町丁目":"永福四丁目"},"geometry":{"type":"MultiLineString","coordinates":[[[139.637031,35.680351],[139.640194,35.681146]],[[139.640207,35.681066],[139.637097,35.680267]]]}},{"type":"Feature","id":785,"properties":{"識別id":785,"利用時間":"09:00-19:00","制限時間":60,"手数料":300,"制限事項1":"日曜・休日を除く","制限事項2":"１月１日〜３日を除く","種別":"パーキング・メーター","普通車":1,"貨物用有り":1,"二輪車":0,"標章車専用有り":0,"都道府県":"東京都","区市町村":"文京区","町名":"小石川","町丁目":"小石川二丁目"},"geometry":{"type":"MultiLineString","coordinates":[[[139.746426,35.710664],[139.746499,35.710937],[139.7465,35.711059],[139.746504,35.71115],[139.746658,35.71181]],[[139.746779,35.711771],[139.746496,35.71062]]]}},{"type":"Feature","id":789,"properties":{"識別id":789,"利用時間":"09:00-19:00","制限時間":60,"手数料":300,"制限事項1":"日曜・休日を除く","制限事項2":"１月１日〜３日を除く","種別":"パーキング・メーター","普通車":1,"貨物用有り":1,"二輪車":0,"標章車専用有り":0,"都道府県":"東京都","区市町村":"文京区","町名":"大塚","町丁目":"大塚三丁目"},"geometry":{"type":"MultiLineString","coordinates":[[[139.734866,35.719285],[139.734702,35.719585],[139.73461,35.719801],[139.73441,35.720419],[139.734164,35.721163],[139.734017,35.721658]],[[139.734111,35.721681],[139.734236,35.72127],[139.734362,35.72088],[139.734576,35.720205]]]}},{"type":"Feature","id":791,"properties":{"識別id":791,"利用時間":"09:00-19:00","制限時間":60,"手数料":300,"制限事項1":"日曜・休日を除く","制限事項2":"１月１日〜３日を除く","種別":"パーキング・メーター","普通車":1,"貨物用有り":0,"二輪車":0,"標章車専用有り":0,"都道府県":"東京都","区市町村":"豊島区","町名":"長崎","町丁目":"長崎六丁目"},"geometry":{"type":"MultiLineString","coordinates":[[[139.680269,35.733073],[139.680481,35.733267],[139.680528,35.733371],[139.681311,35.73398],[139.682376,35.734851],[139.683756,35.736026],[139.684103,35.736224],[139.684438,35.736369]],[[139.68446,35.736288],[139.683834,35.73596],[139.683011,35.735276],[139.681703,35.734174],[139.680691,35.733346],[139.680303,35.733023]]]}},{"type":"Feature","id":793,"properties":{"識別id":793,"利用時間":"09:00-19:00","制限時間":60,"手数料":300,"制限事項1":"日曜・休日を除く","制限事項2":"１月１日〜３日を除く","種別":"パーキング・メーター","普通車":1,"貨物用有り":0,"二輪車":0,"標章車専用有り":0,"都道府県":"東京都","区市町村":"板橋区","町名":"高島平","町丁目":"高島平七丁目"},"geometry":{"type":"MultiLineString","coordinates":[[[139.65299,35.79066],[139.653545,35.792459]],[[139.653736,35.792724],[139.65314,35.79062]]]}},{"type":"Feature","id":795,"properties":{"識別id":795,"利用時間":"09:00-19:00","制限時間":60,"手数料":300,"制限事項1":"日曜・休日を除く","制限事項2":"１月１日〜３日を除く","種別":"パーキング・メーター","普通車":1,"貨物用有り":0,"二輪車":0,"標章車専用有り":0,"都道府県":"東京都","区市町村":"板橋区","町名":"高島平","町丁目":"高島平一丁目"},"geometry":{"type":"LineString","coordinates":[[139.673653,35.786856],[139.672454,35.786972],[139.670641,35.787131]]}},{"type":"Feature","id":796,"properties":{"識別id":796,"利用時間":"09:00-19:00","制限時間":60,"手数料":300,"制限事項2":"１月１日〜３日を除く","種別":"パーキング・メーター","普通車":1,"貨物用有り":0,"二輪車":0,"標章車専用有り":0,"制限事項1":"","都道府県":"東京都","区市町村":"町田市","町名":"南成瀬","町丁目":"南成瀬五丁目"},"geometry":{"type":"MultiLineString","coordinates":[[[139.474318,35.535507],[139.474365,35.53566],[139.474403,35.535884],[139.474418,35.536143],[139.4744,35.536343],[139.474363,35.536586],[139.474248,35.536956]],[[139.474341,35.536969],[139.474446,35.536635],[139.474497,35.536344],[139.474512,35.536146],[139.474502,35.535901],[139.474455,35.53564],[139.474407,35.535489]]]}},{"type":"Feature","id":800,"properties":{"識別id":800,"利用時間":"09:00-21:00","制限時間":60,"手数料":300,"制限事項2":"１月１日〜３日を除く","種別":"パーキング・メーター","普通車":1,"貨物用有り":1,"二輪車":0,"標章車専用有り":0,"制限事項1":"","都道府県":"東京都","区市町村":"中央区","町名":"銀座","町丁目":"銀座二丁目"},"geometry":{"type":"LineString","coordinates":[[139.768422,35.668592],[139.770552,35.670361],[139.771137,35.670883],[139.771473,35.671207],[139.771517,35.671301],[139.771526,35.671365]]}},{"type":"Feature","id":801,"properties":{"識別id":801,"利用時間":"09:00-19:00","制限時間":60,"手数料":300,"制限事項1":"日曜・休日を除く","制限事項2":"１月１日〜３日を除く","種別":"パーキング・メーター","普通車":1,"貨物用有り":1,"二輪車":0,"標章車専用有り":0,"都道府県":"東京都","区市町村":"墨田区","町名":"向島","町丁目":"向島三丁目"},"geometry":{"type":"MultiLineString","coordinates":[[[139.808455,35.711582],[139.811219,35.713199],[139.811424,35.713328],[139.813544,35.715133],[139.814472,35.715894]],[[139.814482,35.715815],[139.811502,35.713276],[139.808561,35.711571]]]}},{"type":"Feature","id":803,"properties":{"識別id":803,"利用時間":"09:00-19:00","制限時間":60,"手数料":300,"制限事項1":"日曜・休日を除く","制限事項2":"１月１日〜３日を除く","種別":"パーキング・メーター","普通車":1,"貨物用有り":0,"二輪車":0,"標章車専用有り":0,"都道府県":"東京都","区市町村":"墨田区","町名":"横網","町丁目":"横網二丁目"},"geometry":{"type":"LineString","coordinates":[[139.796211,35.70017],[139.796182,35.699802],[139.795342,35.699257],[139.794924,35.69883]]}},{"type":"Feature","id":804,"properties":{"識別id":804,"利用時間":"09:30-19:00","制限時間":60,"手数料":300,"制限事項1":"日曜・休日を除く","制限事項2":"１月１日〜３日を除く","種別":"パーキング・メーター","普通車":1,"貨物用有り":0,"二輪車":0,"標章車専用有り":0,"都道府県":"東京都","区市町村":"墨田区","町名":"両国","町丁目":"両国四丁目"},"geometry":{"type":"MultiLineString","coordinates":[[[139.798069,35.689422],[139.797724,35.693096],[139.797657,35.693966]],[[139.797784,35.694001],[139.798001,35.691738],[139.798211,35.689487]]]}},{"type":"Feature","id":806,"properties":{"識別id":806,"利用時間":"09:30-19:00","制限時間":60,"手数料":300,"制限事項1":"日曜・休日を除く","制限事項2":"１月１日〜３日を除く","種別":"パーキング・メーター","普通車":1,"貨物用有り":1,"二輪車":0,"標章車専用有り":0,"都道府県":"東京都","区市町村":"墨田区","町名":"本所","町丁目":"本所一丁目"},"geometry":{"type":"MultiLineString","coordinates":[[[139.797053,35.700343],[139.79682,35.703611],[139.79793,35.706299]],[[139.798072,35.706281],[139.796954,35.703524],[139.797179,35.700367]]]}},{"type":"Feature","id":808,"properties":{"識別id":808,"利用時間":"09:00-19:00","制限時間":60,"手数料":300,"制限事項1":"日曜・休日を除く","制限事項2":"１月１日〜３日を除く","種別":"パーキング・メーター","普通車":1,"貨物用有り":1,"二輪車":0,"標章車専用有り":0,"都道府県":"東京都","区市町村":"中央区","町名":"新富","町丁目":"新富二丁目"},"geometry":{"type":"LineString","coordinates":[[139.773302,35.670953],[139.773794,35.670737],[139.774498,35.670434]]}},{"type":"Feature","id":809,"properties":{"識別id":809,"利用時間":"09:00-19:00","制限時間":60,"手数料":300,"制限事項1":"日曜・休日を除く","制限事項2":"１月１日〜３日を除く","種別":"パーキング・メーター","普通車":1,"貨物用有り":0,"二輪車":0,"標章車専用有り":0,"都道府県":"東京都","区市町村":"品川区","町名":"東品川","町丁目":"東品川四丁目"},"geometry":{"type":"MultiLineString","coordinates":[[[139.745076,35.604941],[139.745298,35.606622],[139.745304,35.606953],[139.744958,35.61077]],[[139.745047,35.610769],[139.745407,35.606808],[139.745179,35.60496]]]}},{"type":"Feature","id":811,"properties":{"識別id":811,"利用時間":"09:00-19:00","制限時間":60,"手数料":300,"制限事項1":"日曜・休日を除く","制限事項2":"１月１日〜３日を除く","種別":"パーキング・メーター","普通車":1,"貨物用有り":0,"二輪車":0,"標章車専用有り":0,"都道府県":"東京都","区市町村":"品川区","町名":"東品川","町丁目":"東品川三丁目"},"geometry":{"type":"MultiLineString","coordinates":[[[139.744991,35.614631],[139.745141,35.615052],[139.745616,35.616245],[139.745642,35.616408],[139.745636,35.616537]],[[139.745777,35.616427],[139.745245,35.61505],[139.745141,35.61477]]]}},{"type":"Feature","id":813,"properties":{"識別id":813,"利用時間":"09:00-19:00","制限時間":60,"手数料":300,"制限事項1":"日曜・休日を除く","制限事項2":"１月１日〜３日を除く","種別":"パーキング・メーター","普通車":1,"貨物用有り":0,"二輪車":0,"標章車専用有り":0,"都道府県":"東京都","区市町村":"品川区","町名":"東品川","町丁目":"東品川三丁目"},"geometry":{"type":"LineString","coordinates":[[139.744894,35.612848],[139.745021,35.611002]]}},{"type":"Feature","id":814,"properties":{"識別id":814,"利用時間":"09:00-19:00","制限時間":60,"手数料":300,"制限事項1":"日曜・休日を除く","制限事項2":"１月１日〜３日を除く","種別":"パーキング・メーター","普通車":1,"貨物用有り":0,"二輪車":0,"標章車専用有り":0,"都道府県":"東京都","区市町村":"品川区","町名":"東品川","町丁目":"東品川一丁目"},"geometry":{"type":"MultiLineString","coordinates":[[[139.744696,35.619159],[139.74423,35.619464],[139.74372,35.619685],[139.74347,35.619844],[139.743154,35.620064],[139.742874,35.620277],[139.742514,35.620615],[139.741371,35.621734]],[[139.74138,35.621878],[139.742789,35.620505],[139.743039,35.620285],[139.743482,35.619964],[139.743706,35.619814],[139.744379,35.619462],[139.744767,35.619194]]]}},{"type":"Feature","id":816,"properties":{"識別id":816,"利用時間":"09:00-19:00","制限時間":60,"手数料":300,"制限事項1":"土・日曜、休日を除く","制限事項2":"１月１日〜３日を除く","種別":"パーキング・メーター","普通車":1,"貨物用有り":1,"二輪車":0,"標章車専用有り":0,"都道府県":"東京都","区市町村":"江戸川区","町名":"南小岩","町丁目":"南小岩三丁目"},"geometry":{"type":"MultiLineString","coordinates":[[[139.888936,35.724907],[139.888098,35.727231],[139.88754,35.728698]],[[139.887597,35.728762],[139.888166,35.727267],[139.888711,35.725785],[139.889011,35.724932]]]}},{"type":"Feature","id":818,"properties":{"識別id":818,"利用時間":"09:00-20:00","制限時間":60,"手数料":300,"制限事項1":"日曜・休日を除く","制限事項2":"１月１日〜３日を除く","種別":"パーキング・チケット","普通車":1,"貨物用有り":1,"二輪車":0,"標章車専用有り":0,"都道府県":"東京都","区市町村":"渋谷区","町名":"代々木神園町","町丁目":"代々木神園町"},"geometry":{"type":"MultiLineString","coordinates":[[[139.69189,35.667964],[139.692666,35.668161],[139.692949,35.66823],[139.693106,35.668259],[139.693336,35.668287],[139.693514,35.668299],[139.694373,35.668339],[139.700033,35.668553],[139.700244,35.668581],[139.700634,35.668676],[139.700836,35.668739],[139.7019,35.669193]],[[139.701756,35.668953],[139.70088,35.66857],[139.700615,35.668467],[139.700293,35.66839],[139.700092,35.66836],[139.694403,35.668143],[139.693696,35.668132],[139.693463,35.668124],[139.69323,35.668099],[139.693015,35.668059],[139.691973,35.667794]]]}},{"type":"Feature","id":820,"properties":{"識別id":820,"利用時間":"09:00-19:00","制限時間":60,"手数料":300,"制限事項1":"日曜・休日を除く","制限事項2":"１月１日〜３日を除く","種別":"パーキング・チケット","普通車":1,"貨物用有り":0,"二輪車":0,"標章車専用有り":0,"都道府県":"東京都","区市町村":"新宿区","町名":"戸山","町丁目":"戸山二丁目"},"geometry":{"type":"MultiLineString","coordinates":[[[139.709697,35.700871],[139.710138,35.700952],[139.711624,35.701367],[139.712372,35.701405],[139.712944,35.701419]],[[139.712917,35.701301],[139.712582,35.701289],[139.712101,35.701305],[139.711395,35.701223],[139.70969,35.700776]]]}},{"type":"Feature","id":822,"properties":{"識別id":822,"利用時間":"09:00-19:00","制限時間":60,"手数料":300,"制限事項1":"日曜・休日を除く","制限事項2":"１月１日〜３日を除く","種別":"パーキング・チケット","普通車":1,"貨物用有り":0,"二輪車":0,"標章車専用有り":0,"都道府県":"東京都","区市町村":"板橋区","町名":"舟渡","町丁目":"舟渡一丁目"},"geometry":{"type":"LineString","coordinates":[[139.690244,35.791682],[139.689433,35.792084],[139.688794,35.792476],[139.688399,35.79279]]}},{"type":"Feature","id":823,"properties":{"識別id":823,"利用時間":"09:00-19:00","制限時間":60,"手数料":300,"制限事項1":"日曜・休日を除く","制限事項2":"１月１日〜３日を除く","種別":"パーキング・メーター","普通車":1,"貨物用有り":0,"二輪車":0,"標章車専用有り":0,"都道府県":"東京都","区市町村":"台東区","町名":"三筋","町丁目":"三筋二丁目"},"geometry":{"type":"LineString","coordinates":[[139.78486,35.704746],[139.786808,35.704768],[139.787914,35.704768]]}},{"type":"Feature","id":824,"properties":{"識別id":824,"利用時間":"09:00-19:00","制限時間":60,"手数料":300,"制限事項1":"日曜・休日を除く","制限事項2":"１月１日〜３日を除く","種別":"パーキング・メーター","普通車":1,"貨物用有り":0,"二輪車":0,"標章車専用有り":0,"都道府県":"東京都","区市町村":"中央区","町名":"新川","町丁目":"新川二丁目"},"geometry":{"type":"MultiLineString","coordinates":[[[139.782017,35.673302],[139.78078,35.674649]],[[139.780874,35.674676],[139.782118,35.673313]]]}},{"type":"Feature","id":826,"properties":{"識別id":826,"利用時間":"09:00-19:00","制限時間":60,"手数料":300,"制限事項1":"日曜・休日を除く","制限事項2":"１月１日〜３日を除く","種別":"パーキング・メーター","普通車":1,"貨物用有り":0,"二輪車":0,"標章車専用有り":0,"都道府県":"東京都","区市町村":"中央区","町名":"新川","町丁目":"新川二丁目"},"geometry":{"type":"LineString","coordinates":[[139.782992,35.672262],[139.782142,35.673179]]}},{"type":"Feature","id":827,"properties":{"識別id":827,"利用時間":"09:00-19:00","制限時間":60,"手数料":300,"制限事項1":"日曜・休日を除く","制限事項2":"１月１日〜３日を除く","種別":"パーキング・メーター","普通車":1,"貨物用有り":1,"二輪車":0,"標章車専用有り":0,"都道府県":"東京都","区市町村":"中央区","町名":"明石町","町丁目":"明石町"},"geometry":{"type":"MultiLineString","coordinates":[[[139.776925,35.665255],[139.777157,35.665439],[139.777388,35.665572],[139.777479,35.665643],[139.777853,35.665961],[139.777881,35.666009],[139.77789,35.666039],[139.777893,35.666115],[139.77787,35.666185]],[[139.777924,35.666193],[139.777943,35.666142],[139.777948,35.666065],[139.777932,35.666001],[139.77789,35.665931],[139.777556,35.665648],[139.777399,35.665523],[139.777271,35.665455],[139.777201,35.665406],[139.776986,35.665241]]]}},{"type":"Feature","id":829,"properties":{"識別id":829,"利用時間":"09:00-19:00","制限時間":60,"手数料":300,"制限事項1":"日曜・休日を除く","制限事項2":"１月１日〜３日を除く","種別":"パーキング・チケット","普通車":1,"貨物用有り":1,"二輪車":0,"標章車専用有り":0,"都道府県":"東京都","区市町村":"中央区","町名":"築地","町丁目":"築地七丁目"},"geometry":{"type":"MultiLineString","coordinates":[[[139.776552,35.665554],[139.776654,35.665568],[139.776745,35.665593],[139.776861,35.665654],[139.777408,35.666163],[139.777611,35.666428]],[[139.777631,35.666302],[139.777487,35.666108],[139.776946,35.665608],[139.776891,35.665572],[139.776802,35.665527],[139.776654,35.665478]]]}},{"type":"Feature","id":831,"properties":{"識別id":831,"利用時間":"09:00-19:00","制限時間":60,"手数料":300,"制限事項1":"日曜・休日を除く","制限事項2":"１月１日〜３日を除く","種別":"パーキング・メーター","普通車":1,"貨物用有り":0,"二輪車":0,"標章車専用有り":0,"都道府県":"東京都","区市町村":"港区","町名":"南青山","町丁目":"南青山二丁目"},"geometry":{"type":"LineString","coordinates":[[139.722771,35.661301],[139.722619,35.661441],[139.722065,35.6618],[139.721296,35.662261],[139.721061,35.662521],[139.720877,35.662981],[139.720652,35.663684],[139.720388,35.664232]]}},{"type":"Feature","id":832,"properties":{"識別id":832,"利用時間":"09:00-19:00","制限時間":60,"手数料":300,"制限事項1":"日曜・休日を除く","制限事項2":"１月１日〜３日を除く","種別":"パーキング・メーター","普通車":1,"貨物用有り":1,"二輪車":0,"標章車専用有り":0,"都道府県":"東京都","区市町村":"大田区","町名":"大森北","町丁目":"大森北一丁目"},"geometry":{"type":"MultiLineString","coordinates":[[[139.730621,35.586055],[139.730016,35.587036],[139.729976,35.587164]],[[139.730009,35.587163],[139.730133,35.586985],[139.730726,35.586041]]]}},{"type":"Feature","id":834,"properties":{"識別id":834,"利用時間":"09:00-19:00","制限時間":60,"手数料":300,"制限事項1":"日曜・休日を除く","制限事項2":"１月１日〜３日を除く","種別":"パーキング・メーター","普通車":1,"貨物用有り":0,"二輪車":0,"標章車専用有り":0,"都道府県":"東京都","区市町村":"新宿区","町名":"新宿","町丁目":"新宿七丁目"},"geometry":{"type":"MultiLineString","coordinates":[[[139.713832,35.701333],[139.712917,35.701301]],[[139.712944,35.701419],[139.713951,35.701444]]]}},{"type":"Feature","id":836,"properties":{"識別id":836,"利用時間":"09:00-19:00","制限時間":60,"手数料":300,"制限事項1":"日曜・休日を除く","制限事項2":"１月１日〜３日を除く","種別":"パーキング・メーター","普通車":1,"貨物用有り":0,"二輪車":0,"標章車専用有り":0,"都道府県":"東京都","区市町村":"新宿区","町名":"戸山","町丁目":"戸山二丁目"},"geometry":{"type":"LineString","coordinates":[[139.714095,35.701444],[139.714548,35.701434],[139.716555,35.701226]]}},{"type":"Feature","id":837,"properties":{"識別id":837,"利用時間":"09:00-19:00","制限時間":60,"手数料":300,"制限事項1":"土・日曜、休日を除く","制限事項2":"１月１日〜３日を除く","種別":"パーキング・チケット","普通車":1,"貨物用有り":0,"二輪車":0,"標章車専用有り":0,"都道府県":"東京都","区市町村":"文京区","町名":"本駒込","町丁目":"本駒込四丁目"},"geometry":{"type":"MultiLineString","coordinates":[[[139.758284,35.732305],[139.757003,35.73306],[139.756367,35.733445]],[[139.756446,35.733522],[139.758355,35.732393]]]}},{"type":"Feature","id":839,"properties":{"識別id":839,"利用時間":"09:00-19:00","制限時間":60,"手数料":300,"制限事項1":"日曜・休日を除く","制限事項2":"１月１日〜３日を除く","種別":"パーキング・メーター","普通車":1,"貨物用有り":1,"二輪車":0,"標章車専用有り":0,"都道府県":"東京都","区市町村":"北区","町名":"赤羽南","町丁目":"赤羽南二丁目"},"geometry":{"type":"MultiLineString","coordinates":[[[139.723852,35.774539],[139.724163,35.774706],[139.724611,35.774878],[139.72506,35.774983],[139.725442,35.775033],[139.725997,35.775051]],[[139.726013,35.774988],[139.725384,35.774969],[139.724882,35.774887],[139.724447,35.774746],[139.724313,35.774695],[139.723874,35.774482]]]}},{"type":"Feature","id":841,"properties":{"識別id":841,"利用時間":"09:00-19:00","制限時間":60,"手数料":300,"制限事項1":"日曜・休日を除く","制限事項2":"１月１日〜３日を除く","種別":"パーキング・メーター","普通車":1,"貨物用有り":1,"二輪車":0,"標章車専用有り":0,"都道府県":"東京都","区市町村":"北区","町名":"赤羽南","町丁目":"赤羽南二丁目"},"geometry":{"type":"MultiLineString","coordinates":[[[139.722746,35.773446],[139.722879,35.773694],[139.723144,35.774019],[139.723487,35.774313],[139.723736,35.774476]],[[139.723767,35.774395],[139.723495,35.774227],[139.723233,35.773995],[139.723015,35.773758],[139.722854,35.773485]]]}},{"type":"Feature","id":843,"properties":{"識別id":843,"利用時間":"09:00-19:00","制限時間":60,"手数料":300,"制限事項1":"日曜・休日を除く","制限事項2":"１月１日〜３日を除く","種別":"パーキング・メーター","普通車":1,"貨物用有り":1,"二輪車":0,"標章車専用有り":0,"都道府県":"東京都","区市町村":"北区","町名":"赤羽","町丁目":"赤羽二丁目"},"geometry":{"type":"MultiLineString","coordinates":[[[139.722426,35.779413],[139.722426,35.780065],[139.722447,35.780423],[139.722429,35.781624]],[[139.722601,35.781615],[139.722609,35.779966],[139.722593,35.779432]]]}},{"type":"Feature","id":845,"properties":{"識別id":845,"利用時間":"09:00-19:00","制限時間":60,"手数料":300,"制限事項1":"日曜・休日を除く","制限事項2":"１月１日〜３日を除く","種別":"パーキング・メーター","普通車":1,"貨物用有り":1,"二輪車":0,"標章車専用有り":0,"都道府県":"東京都","区市町村":"台東区","町名":"下谷","町丁目":"下谷二丁目"},"geometry":{"type":"LineString","coordinates":[[139.781484,35.720885],[139.782517,35.722013]]}},{"type":"Feature","id":846,"properties":{"識別id":846,"利用時間":"09:00-19:00","制限時間":60,"手数料":300,"制限事項1":"日曜・休日を除く","制限事項2":"１月１日〜３日を除く","種別":"パーキング・メーター","普通車":1,"貨物用有り":0,"二輪車":0,"標章車専用有り":0,"都道府県":"東京都","区市町村":"墨田区","町名":"吾妻橋","町丁目":"吾妻橋一丁目"},"geometry":{"type":"LineString","coordinates":[[139.798395,35.707973],[139.799644,35.709559]]}},{"type":"Feature","id":851,"properties":{"識別id":851,"利用時間":"09:00-19:00","制限時間":60,"手数料":300,"制限事項2":"１月１日〜３日を除く","種別":"パーキング・チケット","普通車":1,"貨物用有り":1,"二輪車":0,"標章車専用有り":0,"制限事項1":"","都道府県":"東京都","区市町村":"立川市","町名":"錦町","町丁目":"錦町三丁目"},"geometry":{"type":"MultiLineString","coordinates":[[[139.419556,35.693106],[139.420399,35.692805]],[[139.420377,35.692726],[139.419518,35.693032]]]}},{"type":"Feature","id":853,"properties":{"識別id":853,"利用時間":"09:00-19:00","制限時間":60,"手数料":300,"制限事項2":"１月１日〜３日を除く","種別":"パーキング・メーター","普通車":1,"貨物用有り":1,"二輪車":0,"標章車専用有り":0,"制限事項1":"","都道府県":"東京都","区市町村":"立川市","町名":"羽衣町","町丁目":"羽衣町三丁目"},"geometry":{"type":"MultiLineString","coordinates":[[[139.425454,35.691656],[139.425523,35.691883],[139.425585,35.692256],[139.426002,35.694646],[139.42627,35.696125]],[[139.426361,35.696117],[139.426093,35.694613],[139.425679,35.692241],[139.425618,35.691882],[139.425547,35.691653]]]}},{"type":"Feature","id":855,"properties":{"識別id":855,"利用時間":"09:00-19:00","制限時間":60,"手数料":300,"制限事項2":"１月１日〜３日を除く","種別":"パーキング・メーター","普通車":1,"貨物用有り":1,"二輪車":0,"標章車専用有り":0,"制限事項1":"","都道府県":"東京都","区市町村":"国分寺市","町名":"本多","町丁目":"本多一丁目"},"geometry":{"type":"MultiLineString","coordinates":[[[139.483864,35.701678],[139.484113,35.702041],[139.48441,35.702501],[139.48476,35.703122],[139.485147,35.703887],[139.485471,35.70452]],[[139.485555,35.704486],[139.485239,35.703881],[139.48485,35.703119],[139.484503,35.702491],[139.484198,35.702019],[139.483943,35.701639]]]}},{"type":"Feature","id":857,"properties":{"識別id":857,"利用時間":"09:00-19:00","制限時間":60,"手数料":300,"制限事項2":"１月１日〜３日を除く","種別":"パーキング・メーター","普通車":1,"貨物用有り":0,"二輪車":0,"標章車専用有り":0,"制限事項1":"","都道府県":"東京都","区市町村":"町田市","町名":"南成瀬","町丁目":"南成瀬一丁目"},"geometry":{"type":"MultiLineString","coordinates":[[[139.474025,35.537039],[139.471898,35.536864],[139.471556,35.536856],[139.471365,35.53688],[139.470708,35.537033],[139.469734,35.537281],[139.468814,35.537502],[139.468526,35.537552]],[[139.468526,35.537628],[139.46888,35.537563],[139.469874,35.537325],[139.470738,35.537102],[139.471376,35.536958],[139.471551,35.536933],[139.47189,35.536942],[139.474049,35.537118]]]}},{"type":"Feature","id":859,"properties":{"識別id":859,"利用時間":"09:00-19:00","制限時間":60,"手数料":300,"制限事項1":"日曜・休日を除く","制限事項2":"１月１日〜３日を除く","種別":"パーキング・メーター","普通車":1,"貨物用有り":0,"二輪車":0,"標章車専用有り":0,"都道府県":"東京都","区市町村":"台東区","町名":"元浅草","町丁目":"元浅草一丁目"},"geometry":{"type":"LineString","coordinates":[[139.784917,35.708323],[139.782284,35.708548]]}},{"type":"Feature","id":860,"properties":{"識別id":860,"利用時間":"09:00-19:00","制限時間":60,"手数料":300,"制限事項1":"日曜・休日を除く","制限事項2":"１月１日〜３日を除く","種別":"パーキング・メーター","普通車":1,"貨物用有り":0,"二輪車":0,"標章車専用有り":0,"都道府県":"東京都","区市町村":"品川区","町名":"南大井","町丁目":"南大井六丁目"},"geometry":{"type":"MultiLineString","coordinates":[[[139.73051,35.591762],[139.731094,35.591453],[139.731358,35.591263],[139.73164,35.591098],[139.7318,35.591017],[139.732013,35.590924],[139.734228,35.590335],[139.734619,35.59025],[139.73548,35.59013]],[[139.73545,35.590043],[139.73459,35.590162],[139.734366,35.590208],[139.733603,35.590422],[139.732032,35.590849],[139.731691,35.590995],[139.731134,35.591299],[139.730492,35.591624]]]}},{"type":"Feature","id":862,"properties":{"識別id":862,"利用時間":"09:00-19:00","制限時間":60,"手数料":300,"制限事項1":"日曜・休日を除く","制限事項2":"１月１日〜３日を除く","種別":"パーキング・メーター","普通車":1,"貨物用有り":1,"二輪車":0,"標章車専用有り":0,"都道府県":"東京都","区市町村":"江東区","町名":"亀戸","町丁目":"亀戸一丁目"},"geometry":{"type":"MultiLineString","coordinates":[[[139.819902,35.694148],[139.819789,35.69576]],[[139.819901,35.695771],[139.820021,35.694147]]]}},{"type":"Feature","id":865,"properties":{"識別id":865,"利用時間":"09:00-19:00","制限時間":60,"手数料":300,"制限事項1":"土・日曜、休日を除く","制限事項2":"１月１日〜３日を除く","種別":"パーキング・メーター","普通車":1,"貨物用有り":1,"二輪車":0,"標章車専用有り":0,"都道府県":"東京都","区市町村":"北区","町名":"田端","町丁目":"田端五丁目"},"geometry":{"type":"MultiLineString","coordinates":[[[139.754876,35.739762],[139.755277,35.739334],[139.755487,35.738975],[139.755771,35.738316]],[[139.7557,35.738214],[139.755337,35.739079],[139.755224,35.739252],[139.754795,35.739714]]]}},{"type":"Feature","id":867,"properties":{"識別id":867,"利用時間":"09:00-19:00","制限時間":60,"手数料":300,"制限事項1":"日曜・休日を除く","制限事項2":"１月１日〜３日を除く","種別":"パーキング・メーター","普通車":1,"貨物用有り":0,"二輪車":0,"標章車専用有り":0,"都道府県":"東京都","区市町村":"台東区","町名":"台東","町丁目":"台東二丁目"},"geometry":{"type":"MultiLineString","coordinates":[[[139.776491,35.702643],[139.777092,35.702599],[139.777246,35.702583],[139.778474,35.702503],[139.778614,35.702494],[139.780896,35.7023]],[[139.780852,35.702167],[139.779789,35.702261],[139.778446,35.702365],[139.777767,35.702407],[139.776468,35.702503]]]}},{"type":"Feature","id":869,"properties":{"識別id":869,"利用時間":"09:00-19:00","制限時間":60,"手数料":300,"制限事項1":"日曜・休日を除く","制限事項2":"１月１日〜３日を除く","種別":"パーキング・メーター","普通車":1,"貨物用有り":1,"二輪車":0,"標章車専用有り":0,"都道府県":"東京都","区市町村":"新宿区","町名":"市谷本村町","町丁目":"市谷本村町"},"geometry":{"type":"LineString","coordinates":[[139.730676,35.689739],[139.730782,35.689809],[139.730947,35.689873],[139.731412,35.690026],[139.732321,35.690268],[139.733122,35.690941],[139.733769,35.69144],[139.733836,35.691529]]}},{"type":"Feature","id":870,"properties":{"識別id":870,"利用時間":"09:00-19:00","制限時間":60,"手数料":300,"制限事項1":"日曜・休日を除く","制限事項2":"１月１日〜３日を除く","種別":"パーキング・メーター","普通車":1,"貨物用有り":1,"二輪車":0,"標章車専用有り":0,"都道府県":"東京都","区市町村":"江東区","町名":"亀戸","町丁目":"亀戸二丁目"},"geometry":{"type":"MultiLineString","coordinates":[[[139.819595,35.698218],[139.819371,35.701326]],[[139.819453,35.701319],[139.819692,35.698235]]]}},{"type":"Feature","id":874,"properties":{"識別id":874,"利用時間":"09:00-19:00","制限時間":60,"手数料":300,"制限事項1":"日曜・休日を除く","制限事項2":"１月１日〜３日を除く","種別":"パーキング・メーター","普通車":1,"貨物用有り":1,"二輪車":0,"標章車専用有り":0,"都道府県":"東京都","区市町村":"中央区","町名":"八丁堀","町丁目":"八丁堀三丁目"},"geometry":{"type":"MultiLineString","coordinates":[[[139.776808,35.674737],[139.777224,35.675423],[139.779967,35.679833]],[[139.780137,35.679715],[139.777439,35.675385],[139.777045,35.67474]]]}},{"type":"Feature","id":876,"properties":{"識別id":876,"利用時間":"09:00-19:00","制限時間":60,"手数料":300,"制限事項1":"日曜・休日を除く","制限事項2":"１月１日〜３日を除く","種別":"パーキング・メーター","普通車":1,"貨物用有り":0,"二輪車":0,"標章車専用有り":0,"都道府県":"東京都","区市町村":"江東区","町名":"東陽","町丁目":"東陽五丁目"},"geometry":{"type":"LineString","coordinates":[[139.814913,35.670811],[139.81624,35.67086]]}},{"type":"Feature","id":877,"properties":{"識別id":877,"利用時間":"09:00-19:00","制限時間":60,"手数料":300,"制限事項1":"日曜・休日を除く","制限事項2":"１月１日〜３日を除く","種別":"パーキング・メーター","普通車":1,"貨物用有り":1,"二輪車":0,"標章車専用有り":0,"都道府県":"東京都","区市町村":"江東区","町名":"東陽","町丁目":"東陽四丁目"},"geometry":{"type":"LineString","coordinates":[[139.816501,35.670873],[139.819572,35.670995]]}},{"type":"Feature","id":879,"properties":{"識別id":879,"利用時間":"09:00-19:00","制限時間":60,"手数料":300,"制限事項1":"日曜・休日を除く","制限事項2":"１月１日〜３日を除く","種別":"パーキング・メーター","普通車":1,"貨物用有り":0,"二輪車":0,"標章車専用有り":0,"都道府県":"東京都","区市町村":"世田谷区","町名":"池尻","町丁目":"池尻三丁目"},"geometry":{"type":"MultiLineString","coordinates":[[[139.67789,35.64736],[139.677753,35.647646],[139.677678,35.647938],[139.677669,35.648171],[139.677683,35.648413]],[[139.677783,35.648404],[139.67777,35.648171],[139.677771,35.647957],[139.677844,35.64767],[139.677962,35.647413]]]}},{"type":"Feature","id":881,"properties":{"識別id":881,"利用時間":"09:00-19:00","制限時間":60,"手数料":300,"制限事項1":"日曜・休日を除く","制限事項2":"１月１日〜３日を除く","種別":"パーキング・メーター","普通車":1,"貨物用有り":0,"二輪車":0,"標章車専用有り":0,"都道府県":"東京都","区市町村":"品川区","町名":"東品川","町丁目":"東品川三丁目"},"geometry":{"type":"MultiLineString","coordinates":[[[139.745268,35.614678],[139.747653,35.615469]],[[139.747638,35.615384],[139.745123,35.614556]]]}},{"type":"Feature","id":883,"properties":{"識別id":883,"利用時間":"09:00-19:00","制限時間":60,"手数料":300,"制限事項1":"日曜・休日を除く","制限事項2":"１月１日〜３日を除く","種別":"パーキング・メーター","普通車":1,"貨物用有り":0,"二輪車":0,"標章車専用有り":0,"都道府県":"東京都","区市町村":"品川区","町名":"東品川","町丁目":"東品川三丁目"},"geometry":{"type":"MultiLineString","coordinates":[[[139.745956,35.616565],[139.747572,35.616975]],[[139.747599,35.616896],[139.745785,35.616433]]]}},{"type":"Feature","id":885,"properties":{"識別id":885,"利用時間":"09:00-19:00","制限時間":60,"手数料":300,"制限事項1":"日曜・休日を除く","制限事項2":"１月１日〜３日を除く","種別":"パーキング・メーター","普通車":1,"貨物用有り":0,"二輪車":0,"標章車専用有り":0,"都道府県":"東京都","区市町村":"新宿区","町名":"四谷","町丁目":"四谷四丁目"},"geometry":{"type":"MultiLineString","coordinates":[[[139.715801,35.687778],[139.715603,35.688351],[139.715589,35.689414],[139.715476,35.689749],[139.714815,35.690812],[139.714517,35.691237]],[[139.714677,35.69126],[139.715382,35.690219],[139.715665,35.6897],[139.715764,35.689364],[139.715752,35.688769],[139.715779,35.688381],[139.715991,35.687704]]]}},{"type":"Feature","id":887,"properties":{"識別id":887,"利用時間":"09:00-19:00","制限時間":60,"手数料":300,"制限事項1":"日曜・休日を除く","制限事項2":"１月１日〜３日を除く","種別":"パーキング・メーター","普通車":1,"貨物用有り":0,"二輪車":0,"標章車専用有り":0,"都道府県":"東京都","区市町村":"練馬区","町名":"中村北","町丁目":"中村北四丁目"},"geometry":{"type":"MultiLineString","coordinates":[[[139.633624,35.73552],[139.634993,35.735732],[139.638244,35.736193]],[[139.638287,35.736098],[139.635937,35.735794],[139.633502,35.735409]]]}},{"type":"Feature","id":890,"properties":{"識別id":890,"利用時間":"09:00-19:00","制限時間":60,"手数料":300,"制限事項1":"日曜・休日を除く","制限事項2":"１月１日〜３日を除く","種別":"パーキング・メーター","普通車":1,"貨物用有り":1,"二輪車":0,"標章車専用有り":0,"都道府県":"東京都","区市町村":"中央区","町名":"築地","町丁目":"築地三丁目"},"geometry":{"type":"MultiLineString","coordinates":[[[139.772051,35.667756],[139.774228,35.669518],[139.775064,35.67047],[139.77603,35.672919]],[[139.776265,35.672928],[139.775733,35.671582],[139.775274,35.670403],[139.774435,35.669493],[139.77416,35.669237],[139.772172,35.667618]]]}},{"type":"Feature","id":892,"properties":{"識別id":892,"利用時間":"09:00-19:00","制限時間":60,"手数料":300,"制限事項1":"日曜・休日を除く","制限事項2":"１月１日〜３日を除く","種別":"パーキング・メーター","普通車":1,"貨物用有り":0,"二輪車":0,"標章車専用有り":0,"都道府県":"東京都","区市町村":"江戸川区","町名":"中葛西","町丁目":"中葛西四丁目"},"geometry":{"type":"MultiLineString","coordinates":[[[139.868824,35.668252],[139.868684,35.667818],[139.868144,35.666054]],[[139.868052,35.666047],[139.868614,35.667883],[139.868695,35.66827]]]}},{"type":"Feature","id":894,"properties":{"識別id":894,"利用時間":"09:00-19:00","制限時間":60,"手数料":300,"制限事項1":"日曜・休日を除く","制限事項2":"１月１日〜３日を除く","種別":"パーキング・メーター","普通車":1,"貨物用有り":1,"二輪車":0,"標章車専用有り":0,"都道府県":"東京都","区市町村":"江戸川区","町名":"中葛西","町丁目":"中葛西三丁目"},"geometry":{"type":"MultiLineString","coordinates":[[[139.867391,35.663474],[139.867671,35.664649],[139.867816,35.665268],[139.868031,35.665965]],[[139.868125,35.665976],[139.867923,35.665316],[139.867758,35.664667],[139.867627,35.664125],[139.867456,35.663348]]]}},{"type":"Feature","id":896,"properties":{"識別id":896,"利用時間":"09:00-19:00","制限時間":60,"手数料":300,"制限事項1":"日曜・休日を除く","制限事項2":"１月１日〜３日を除く","種別":"パーキング・メーター","普通車":1,"貨物用有り":1,"二輪車":0,"標章車専用有り":0,"都道府県":"東京都","区市町村":"江戸川区","町名":"中葛西","町丁目":"中葛西五丁目"},"geometry":{"type":"MultiLineString","coordinates":[[[139.866933,35.661385],[139.86735,35.663274]],[[139.867434,35.663248],[139.867014,35.661386]]]}},{"type":"Feature","id":898,"properties":{"識別id":898,"利用時間":"09:00-19:00","制限時間":60,"手数料":300,"制限事項1":"日曜・休日を除く","制限事項2":"１月１日〜３日を除く","種別":"パーキング・メーター","普通車":1,"貨物用有り":0,"二輪車":0,"標章車専用有り":0,"都道府県":"東京都","区市町村":"品川区","町名":"東品川","町丁目":"東品川三丁目"},"geometry":{"type":"MultiLineString","coordinates":[[[139.747952,35.615552],[139.748741,35.615768],[139.750341,35.616261]],[[139.750313,35.616161],[139.748766,35.615695],[139.747997,35.615479]]]}},{"type":"Feature","id":900,"properties":{"識別id":900,"利用時間":"09:00-19:00","制限時間":60,"手数料":300,"制限事項1":"日曜・休日を除く","制限事項2":"１月１日〜３日を除く","種別":"パーキング・メーター","普通車":1,"貨物用有り":1,"二輪車":0,"標章車専用有り":0,"都道府県":"東京都","区市町村":"品川区","町名":"東品川","町丁目":"東品川一丁目"},"geometry":{"type":"MultiLineString","coordinates":[[[139.747338,35.617761],[139.746747,35.61936],[139.746298,35.620271]],[[139.746423,35.620405],[139.74702,35.619167],[139.7475,35.617838]]]}},{"type":"Feature","id":902,"properties":{"識別id":902,"利用時間":"09:00-19:00","制限時間":60,"手数料":300,"制限事項1":"日曜・休日を除く","制限事項2":"１月１日〜３日を除く","種別":"パーキング・チケット","普通車":1,"貨物用有り":0,"二輪車":0,"標章車専用有り":0,"都道府県":"東京都","区市町村":"目黒区","町名":"中目黒","町丁目":"中目黒三丁目"},"geometry":{"type":"MultiLineString","coordinates":[[[139.703505,35.639233],[139.702585,35.640286],[139.700847,35.642363]],[[139.700871,35.64275],[139.702028,35.641361],[139.703497,35.639514]]]}},{"type":"Feature","id":906,"properties":{"識別id":906,"利用時間":"09:00-19:00","制限時間":60,"手数料":300,"制限事項1":"日曜・休日を除く","制限事項2":"１月１日〜３日を除く","種別":"パーキング・メーター","普通車":1,"貨物用有り":1,"二輪車":0,"標章車専用有り":0,"都道府県":"東京都","区市町村":"台東区","町名":"竜泉","町丁目":"竜泉一丁目"},"geometry":{"type":"MultiLineString","coordinates":[[[139.789444,35.726503],[139.789471,35.724743],[139.789439,35.722984],[139.7894,35.721392]],[[139.789344,35.721403],[139.789375,35.723302],[139.789394,35.725651],[139.789355,35.72652]]]}},{"type":"Feature","id":908,"properties":{"識別id":908,"利用時間":"09:00-19:00","制限時間":60,"手数料":300,"制限事項1":"日曜・休日を除く","制限事項2":"１月１日〜３日を除く","種別":"パーキング・メーター","普通車":1,"貨物用有り":0,"二輪車":0,"標章車専用有り":0,"都道府県":"東京都","区市町村":"台東区","町名":"千束","町丁目":"千束一丁目"},"geometry":{"type":"LineString","coordinates":[[139.78956,35.719029],[139.789429,35.718262]]}},{"type":"Feature","id":909,"properties":{"識別id":909,"利用時間":"09:00-19:00","制限時間":60,"手数料":300,"制限事項1":"日曜・休日を除く","制限事項2":"１月１日〜３日を除く","種別":"パーキング・メーター","普通車":1,"貨物用有り":0,"二輪車":0,"標章車専用有り":0,"都道府県":"東京都","区市町村":"台東区","町名":"浅草橋","町丁目":"浅草橋五丁目"},"geometry":{"type":"MultiLineString","coordinates":[[[139.78008,35.697856],[139.780201,35.698599],[139.780294,35.699082],[139.78047,35.700064],[139.780654,35.701057],[139.780749,35.701547],[139.780875,35.702157]],[[139.781002,35.702063],[139.78078,35.701036],[139.780631,35.700165],[139.780483,35.699237],[139.780246,35.697899]]]}},{"type":"Feature","id":911,"properties":{"識別id":911,"利用時間":"09:00-19:00","制限時間":60,"手数料":300,"制限事項1":"日曜・休日を除く","制限事項2":"１月１日〜３日を除く","種別":"パーキング・メーター","普通車":1,"貨物用有り":0,"二輪車":0,"標章車専用有り":0,"都道府県":"東京都","区市町村":"台東区","町名":"松が谷","町丁目":"松が谷一丁目"},"geometry":{"type":"LineString","coordinates":[[139.78686,35.710695],[139.786901,35.711083],[139.787005,35.712334],[139.787234,35.714729]]}},{"type":"Feature","id":912,"properties":{"識別id":912,"利用時間":"09:00-19:00","制限時間":60,"手数料":300,"制限事項2":"１月１日〜３日を除く","種別":"パーキング・メーター","普通車":1,"貨物用有り":0,"二輪車":0,"標章車専用有り":0,"制限事項1":"","都道府県":"東京都","区市町村":"調布市","町名":"上石原","町丁目":"上石原一丁目"},"geometry":{"type":"MultiLineString","coordinates":[[[139.532655,35.657695],[139.533195,35.657644],[139.537105,35.657339]],[[139.53708,35.65727],[139.534338,35.657488],[139.533164,35.657573],[139.532786,35.6576]]]}},{"type":"Feature","id":914,"properties":{"識別id":914,"利用時間":"09:00-19:00","制限時間":60,"手数料":300,"制限事項2":"１月１日〜３日を除く","種別":"パーキング・メーター","普通車":1,"貨物用有り":1,"二輪車":0,"標章車専用有り":0,"制限事項1":"","都道府県":"東京都","区市町村":"千代田区","町名":"外神田","町丁目":"外神田六丁目"},"geometry":{"type":"MultiLineString","coordinates":[[[139.769742,35.703053],[139.771587,35.703034]],[[139.771552,35.702873],[139.769735,35.702912]]]}},{"type":"Feature","id":916,"properties":{"識別id":916,"利用時間":"09:00-19:00","制限時間":60,"手数料":300,"制限事項2":"１月１日〜３日を除く","種別":"パーキング・メーター","普通車":1,"貨物用有り":1,"二輪車":0,"標章車専用有り":0,"制限事項1":"","都道府県":"東京都","区市町村":"千代田区","町名":"外神田","町丁目":"外神田四丁目"},"geometry":{"type":"MultiLineString","coordinates":[[[139.771894,35.703023],[139.772219,35.70299],[139.773662,35.702867],[139.775153,35.702758]],[[139.775126,35.702616],[139.773622,35.702734],[139.772196,35.702845],[139.772136,35.702864],[139.771936,35.702873]]]}},{"type":"Feature","id":920,"properties":{"識別id":920,"利用時間":"09:00-19:00","制限時間":60,"手数料":300,"制限事項1":"日曜・休日を除く","制限事項2":"１月１日〜３日を除く","種別":"パーキング・メーター","普通車":1,"貨物用有り":1,"二輪車":0,"標章車専用有り":0,"都道府県":"東京都","区市町村":"中央区","町名":"湊","町丁目":"湊二丁目"},"geometry":{"type":"LineString","coordinates":[[139.780985,35.671676],[139.779919,35.671686],[139.779316,35.671718],[139.778159,35.672034],[139.776221,35.672566]]}},{"type":"Feature","id":921,"properties":{"識別id":921,"利用時間":"09:00-19:00","制限時間":60,"手数料":300,"制限事項1":"日曜・休日を除く","制限事項2":"１月１日〜３日を除く","種別":"パーキング・チケット","普通車":1,"貨物用有り":1,"二輪車":0,"標章車専用有り":0,"都道府県":"東京都","区市町村":"港区","町名":"港南","町丁目":"港南三丁目"},"geometry":{"type":"LineString","coordinates":[[139.747315,35.63173],[139.750241,35.631545]]}},{"type":"Feature","id":922,"properties":{"識別id":922,"利用時間":"09:00-19:00","制限時間":60,"手数料":300,"制限事項1":"日曜・休日を除く","制限事項2":"１月１日〜３日を除く","種別":"パーキング・チケット","普通車":1,"貨物用有り":1,"二輪車":0,"標章車専用有り":0,"都道府県":"東京都","区市町村":"港区","町名":"港南","町丁目":"港南四丁目"},"geometry":{"type":"LineString","coordinates":[[139.750217,35.63131],[139.748783,35.63141]]}},{"type":"Feature","id":923,"properties":{"識別id":923,"利用時間":"09:00-20:00","制限時間":60,"手数料":300,"制限事項1":"日曜・休日を除く","制限事項2":"１月１日〜３日を除く","種別":"パーキング・メーター","普通車":1,"貨物用有り":1,"二輪車":0,"標章車専用有り":0,"都道府県":"東京都","区市町村":"渋谷区","町名":"神山町","町丁目":"神山町"},"geometry":{"type":"LineString","coordinates":[[139.694291,35.665128],[139.694274,35.664893],[139.694304,35.664788],[139.694337,35.664717],[139.694376,35.664662],[139.69446,35.664582],[139.694534,35.664549],[139.694764,35.66445]]}},{"type":"Feature","id":924,"properties":{"識別id":924,"利用時間":"09:00-20:00","制限時間":60,"手数料":300,"制限事項1":"日曜・休日を除く","制限事項2":"１月１日〜３日を除く","種別":"パーキング・メーター","普通車":1,"貨物用有り":1,"二輪車":0,"標章車専用有り":0,"都道府県":"東京都","区市町村":"渋谷区","町名":"神南","町丁目":"神南二丁目"},"geometry":{"type":"LineString","coordinates":[[139.691967,35.66778],[139.692389,35.667214],[139.692799,35.66671],[139.692947,35.666596],[139.693044,35.66654],[139.693442,35.666346],[139.693564,35.66627],[139.693651,35.666201],[139.693779,35.666077],[139.693998,35.665781],[139.695418,35.663802]]}},{"type":"Feature","id":926,"properties":{"識別id":926,"利用時間":"09:00-19:00","制限時間":60,"手数料":300,"制限事項1":"日曜・休日を除く","制限事項2":"１月１日〜３日を除く","種別":"パーキング・メーター","普通車":1,"貨物用有り":0,"二輪車":0,"標章車専用有り":0,"都道府県":"東京都","区市町村":"練馬区","町名":"高松","町丁目":"高松五丁目"},"geometry":{"type":"LineString","coordinates":[[139.625246,35.758371],[139.62258,35.75835],[139.621969,35.758419],[139.621332,35.758632],[139.620679,35.758893]]}},{"type":"Feature","id":927,"properties":{"識別id":927,"利用時間":"09:00-19:00","制限時間":60,"手数料":300,"制限事項1":"日曜・休日を除く","制限事項2":"１月１日〜３日を除く","種別":"パーキング・メーター","普通車":1,"貨物用有り":1,"二輪車":0,"標章車専用有り":0,"都道府県":"東京都","区市町村":"練馬区","町名":"光が丘","町丁目":"光が丘七丁目"},"geometry":{"type":"LineString","coordinates":[[139.62069,35.759059],[139.621936,35.758691],[139.62261,35.758606],[139.625265,35.758627]]}},{"type":"Feature","id":929,"properties":{"識別id":929,"利用時間":"09:00-19:00","制限時間":60,"手数料":300,"制限事項1":"日曜・休日を除く","制限事項2":"１月１日〜３日を除く","種別":"パーキング・メーター","普通車":1,"貨物用有り":1,"二輪車":0,"標章車専用有り":0,"都道府県":"東京都","区市町村":"台東区","町名":"千束","町丁目":"千束二丁目"},"geometry":{"type":"MultiLineString","coordinates":[[[139.78951,35.71928],[139.789384,35.720053],[139.789318,35.720669],[139.789331,35.721157]],[[139.789408,35.721153],[139.789395,35.720669],[139.789501,35.719793],[139.789567,35.719299]]]}},{"type":"Feature","id":931,"properties":{"識別id":931,"利用時間":"09:00-19:00","制限時間":60,"手数料":300,"制限事項1":"日曜・休日を除く","制限事項2":"１月１日〜３日を除く","種別":"パーキング・メーター","普通車":1,"貨物用有り":1,"二輪車":0,"標章車専用有り":0,"都道府県":"東京都","区市町村":"江東区","町名":"三好","町丁目":"三好二丁目"},"geometry":{"type":"LineString","coordinates":[[139.802974,35.676148],[139.803421,35.677688],[139.803793,35.680155],[139.803703,35.682199]]}},{"type":"Feature","id":932,"properties":{"識別id":932,"利用時間":"09:00-19:00","制限時間":60,"手数料":300,"制限事項1":"日曜・休日を除く","制限事項2":"１月１日〜３日を除く","種別":"パーキング・メーター","普通車":1,"貨物用有り":1,"二輪車":0,"標章車専用有り":0,"都道府県":"東京都","区市町村":"江東区","町名":"森下","町丁目":"森下三丁目"},"geometry":{"type":"LineString","coordinates":[[139.803695,35.682411],[139.803575,35.685569],[139.803373,35.688008]]}},{"type":"Feature","id":933,"properties":{"識別id":933,"利用時間":"09:00-19:00","制限時間":60,"手数料":300,"制限事項1":"日曜・休日を除く","制限事項2":"１月１日〜３日を除く","種別":"パーキング・メーター","普通車":1,"貨物用有り":0,"二輪車":0,"標章車専用有り":0,"都道府県":"東京都","区市町村":"墨田区","町名":"本所","町丁目":"本所四丁目"},"geometry":{"type":"LineString","coordinates":[[139.80625,35.700814],[139.805868,35.705224],[139.805561,35.708514]]}},{"type":"Feature","id":934,"properties":{"識別id":934,"利用時間":"09:00-19:00","制限時間":60,"手数料":300,"制限事項1":"日曜・休日を除く","制限事項2":"１月１日〜３日を除く","種別":"パーキング・メーター","普通車":1,"貨物用有り":0,"二輪車":0,"標章車専用有り":0,"都道府県":"東京都","区市町村":"墨田区","町名":"石原","町丁目":"石原四丁目"},"geometry":{"type":"LineString","coordinates":[[139.806489,35.697472],[139.80625,35.700618]]}},{"type":"Feature","id":935,"properties":{"識別id":935,"利用時間":"09:00-19:00","制限時間":60,"手数料":300,"制限事項2":"１月１日〜３日を除く","種別":"パーキング・チケット","普通車":1,"貨物用有り":0,"二輪車":0,"標章車専用有り":0,"制限事項1":"","都道府県":"東京都","区市町村":"町田市","町名":"南成瀬","町丁目":"南成瀬一丁目"},"geometry":{"type":"LineString","coordinates":[[139.472692,35.536054],[139.472716,35.536227],[139.472708,35.53636],[139.472681,35.536576]]}},{"type":"Feature","id":936,"properties":{"識別id":936,"利用時間":"09:00-19:00","制限時間":60,"手数料":300,"制限事項1":"日曜・休日を除く","制限事項2":"１月１日〜３日を除く","種別":"パーキング・メーター","普通車":1,"貨物用有り":0,"二輪車":0,"標章車専用有り":0,"都道府県":"東京都","区市町村":"墨田区","町名":"立川","町丁目":"立川三丁目"},"geometry":{"type":"MultiLineString","coordinates":[[[139.806116,35.686823],[139.805718,35.691449],[139.805652,35.692142]],[[139.8058,35.692129],[139.80601,35.689689],[139.806257,35.686811]]]}},{"type":"Feature","id":938,"properties":{"識別id":938,"利用時間":"09:00-19:00","制限時間":60,"手数料":300,"制限事項2":"１月１日〜３日を除く","種別":"パーキング・チケット","普通車":1,"貨物用有り":0,"二輪車":0,"標章車専用有り":0,"制限事項1":"","都道府県":"東京都","区市町村":"町田市","町名":"南成瀬","町丁目":"南成瀬一丁目"},"geometry":{"type":"LineString","coordinates":[[139.472833,35.536351],[139.47288,35.536274],[139.47295,35.536206],[139.47363,35.535807]]}},{"type":"Feature","id":939,"properties":{"識別id":939,"利用時間":"09:00-19:00","制限時間":60,"手数料":300,"制限事項1":"日曜・休日を除く","制限事項2":"１月１日〜３日を除く","種別":"パーキング・チケット","普通車":1,"貨物用有り":0,"二輪車":0,"標章車専用有り":0,"都道府県":"東京都","区市町村":"世田谷区","町名":"池尻","町丁目":"池尻一丁目"},"geometry":{"type":"LineString","coordinates":[[139.680965,35.641967],[139.680044,35.643225],[139.679567,35.644129]]}},{"type":"Feature","id":940,"properties":{"識別id":940,"利用時間":"09:00-19:00","制限時間":60,"手数料":300,"制限事項1":"日曜・休日を除く","制限事項2":"１月１日〜３日を除く","種別":"パーキング・チケット","普通車":1,"貨物用有り":0,"二輪車":0,"標章車専用有り":0,"都道府県":"東京都","区市町村":"世田谷区","町名":"池尻","町丁目":"池尻一丁目"},"geometry":{"type":"LineString","coordinates":[[139.679672,35.644151],[139.68014,35.643264],[139.681171,35.641863],[139.681538,35.641335]]}},{"type":"Feature","id":942,"properties":{"識別id":942,"利用時間":"09:00-19:00","制限時間":60,"手数料":300,"制限事項1":"日曜・休日を除く","制限事項2":"１月１日〜３日を除く","種別":"パーキング・メーター","普通車":1,"貨物用有り":1,"二輪車":0,"標章車専用有り":0,"都道府県":"東京都","区市町村":"中央区","町名":"入船","町丁目":"入船三丁目"},"geometry":{"type":"LineString","coordinates":[[139.777775,35.671075],[139.7765,35.671395]]}},{"type":"Feature","id":943,"properties":{"識別id":943,"利用時間":"09:00-19:00","制限時間":60,"手数料":300,"制限事項1":"日曜・休日を除く","制限事項2":"１月１日〜３日を除く","種別":"パーキング・メーター","普通車":1,"貨物用有り":1,"二輪車":0,"標章車専用有り":0,"都道府県":"東京都","区市町村":"中央区","町名":"入船","町丁目":"入船二丁目"},"geometry":{"type":"LineString","coordinates":[[139.776031,35.67207],[139.776534,35.671952],[139.778639,35.671432]]}},{"type":"Feature","id":946,"properties":{"識別id":946,"利用時間":"09:00-19:00","制限時間":60,"手数料":300,"制限事項1":"日曜・休日を除く","制限事項2":"１月１日〜３日を除く","種別":"パーキング・メーター","普通車":1,"貨物用有り":0,"二輪車":0,"標章車専用有り":0,"都道府県":"東京都","区市町村":"港区","町名":"芝公園","町丁目":"芝公園一丁目"},"geometry":{"type":"LineString","coordinates":[[139.752193,35.659176],[139.751178,35.659323]]}},{"type":"Feature","id":947,"properties":{"識別id":947,"利用時間":"09:00-19:00","制限時間":60,"手数料":300,"制限事項1":"日曜・休日を除く","制限事項2":"１月１日〜３日を除く","種別":"パーキング・メーター","普通車":1,"貨物用有り":0,"二輪車":0,"標章車専用有り":0,"都道府県":"東京都","区市町村":"港区","町名":"芝公園","町丁目":"芝公園二丁目"},"geometry":{"type":"LineString","coordinates":[[139.750933,35.654959],[139.750089,35.654991]]}},{"type":"Feature","id":948,"properties":{"識別id":948,"利用時間":"09:00-20:00","制限時間":60,"手数料":300,"制限事項1":"日曜・休日を除く","制限事項2":"１月１日〜３日を除く","種別":"パーキング・メーター","普通車":1,"貨物用有り":1,"二輪車":0,"標章車専用有り":0,"都道府県":"東京都","区市町村":"渋谷区","町名":"神南","町丁目":"神南二丁目"},"geometry":{"type":"MultiLineString","coordinates":[[[139.70173,35.666802],[139.701881,35.668432],[139.701914,35.668633],[139.701941,35.668834]],[[139.70206,35.668861],[139.702024,35.668661],[139.701991,35.668405],[139.701845,35.666794]]]}},{"type":"Feature","id":950,"properties":{"識別id":950,"利用時間":"09:00-19:00","制限時間":60,"手数料":300,"制限事項1":"日曜・休日を除く","制限事項2":"１月１日〜３日を除く","種別":"パーキング・メーター","普通車":1,"貨物用有り":1,"二輪車":0,"標章車専用有り":0,"都道府県":"東京都","区市町村":"新宿区","町名":"下落合","町丁目":"下落合一丁目"},"geometry":{"type":"LineString","coordinates":[[139.709418,35.714866],[139.704538,35.716069]]}},{"type":"Feature","id":951,"properties":{"識別id":951,"利用時間":"09:00-19:00","制限時間":60,"手数料":300,"制限事項1":"日曜・休日を除く","制限事項2":"１月１日〜３日を除く","種別":"パーキング・メーター","普通車":1,"貨物用有り":0,"二輪車":0,"標章車専用有り":0,"都道府県":"東京都","区市町村":"板橋区","町名":"高島平","町丁目":"高島平一丁目"},"geometry":{"type":"MultiLineString","coordinates":[[[139.666022,35.783231],[139.666301,35.784133]],[[139.666394,35.784173],[139.666123,35.783214]]]}},{"type":"Feature","id":953,"properties":{"識別id":953,"利用時間":"09:00-19:00","制限時間":60,"手数料":300,"制限事項1":"日曜・休日を除く","制限事項2":"１月１日〜３日を除く","種別":"パーキング・メーター","普通車":1,"貨物用有り":1,"二輪車":0,"標章車専用有り":0,"都道府県":"東京都","区市町村":"板橋区","町名":"高島平","町丁目":"高島平一丁目"},"geometry":{"type":"MultiLineString","coordinates":[[[139.673475,35.781132],[139.673519,35.781878],[139.673649,35.782931],[139.674019,35.785704]],[[139.674188,35.78569],[139.674026,35.784444],[139.673798,35.782825],[139.673649,35.781672],[139.673624,35.781114]]]}},{"type":"Feature","id":955,"properties":{"識別id":955,"利用時間":"09:00-19:00","制限時間":60,"手数料":300,"制限事項1":"日曜・休日を除く","制限事項2":"１月１日〜３日を除く","種別":"パーキング・メーター","普通車":1,"貨物用有り":0,"二輪車":0,"標章車専用有り":0,"都道府県":"東京都","区市町村":"練馬区","町名":"中村北","町丁目":"中村北二丁目"},"geometry":{"type":"MultiLineString","coordinates":[[[139.638346,35.736215],[139.639228,35.736324],[139.6414,35.736762],[139.641583,35.736784],[139.64395,35.736798],[139.645202,35.736424],[139.64552,35.736414],[139.647404,35.736476]],[[139.647377,35.736376],[139.645324,35.73634],[139.645049,35.736372],[139.644021,35.736714],[139.641541,35.736705],[139.640566,35.73652],[139.639678,35.73631],[139.638428,35.736115]]]}},{"type":"Feature","id":957,"properties":{"識別id":957,"利用時間":"09:00-19:00","制限時間":60,"手数料":300,"制限事項1":"日曜・休日を除く","制限事項2":"１月１日〜３日を除く","種別":"パーキング・メーター","普通車":1,"貨物用有り":0,"二輪車":0,"標章車専用有り":0,"都道府県":"東京都","区市町村":"墨田区","町名":"業平","町丁目":"業平三丁目"},"geometry":{"type":"LineString","coordinates":[[139.812601,35.708526],[139.812729,35.706634]]}},{"type":"Feature","id":960,"properties":{"識別id":960,"利用時間":"09:00-19:00","制限時間":60,"手数料":300,"制限事項1":"日曜・休日を除く","制限事項2":"１月１日〜３日を除く","種別":"パーキング・メーター","普通車":1,"貨物用有り":0,"二輪車":0,"標章車専用有り":0,"都道府県":"東京都","区市町村":"品川区","町名":"東品川","町丁目":"東品川一丁目"},"geometry":{"type":"LineString","coordinates":[[139.741591,35.622089],[139.742416,35.622533],[139.745285,35.622155]]}},{"type":"Feature","id":963,"properties":{"識別id":963,"利用時間":"09:00-19:00","制限時間":60,"手数料":300,"制限事項1":"日曜・休日を除く","制限事項2":"１月１日〜３日を除く","種別":"パーキング・メーター","普通車":1,"貨物用有り":0,"二輪車":0,"標章車専用有り":0,"都道府県":"東京都","区市町村":"世田谷区","町名":"砧公園","町丁目":"砧公園"},"geometry":{"type":"LineString","coordinates":[[139.621829,35.628129],[139.623501,35.627866],[139.624639,35.627721]]}},{"type":"Feature","id":964,"properties":{"識別id":964,"利用時間":"09:00-19:00","制限時間":60,"手数料":300,"制限事項1":"日曜・休日を除く","制限事項2":"１月１日〜３日を除く","種別":"パーキング・メーター","普通車":1,"貨物用有り":1,"二輪車":0,"標章車専用有り":0,"都道府県":"東京都","区市町村":"江東区","町名":"大島","町丁目":"大島六丁目"},"geometry":{"type":"LineString","coordinates":[[139.833907,35.689789],[139.833847,35.690573]]}},{"type":"Feature","id":966,"properties":{"識別id":966,"利用時間":"09:00-19:00","制限時間":60,"手数料":300,"制限事項1":"日曜・休日を除く","制限事項2":"１月１日〜３日を除く","種別":"パーキング・メーター","普通車":1,"貨物用有り":0,"二輪車":0,"標章車専用有り":0,"都道府県":"東京都","区市町村":"江東区","町名":"深川","町丁目":"深川一丁目"},"geometry":{"type":"LineString","coordinates":[[139.795935,35.67552],[139.795694,35.675223]]}},{"type":"Feature","id":967,"properties":{"識別id":967,"利用時間":"08:00-20:00","制限時間":60,"手数料":300,"制限事項2":"１月１日〜３日を除く","種別":"パーキング・メーター","普通車":1,"貨物用有り":0,"二輪車":0,"標章車専用有り":0,"制限事項1":"","都道府県":"東京都","区市町村":"千代田区","町名":"内神田","町丁目":"内神田三丁目"},"geometry":{"type":"MultiLineString","coordinates":[[[139.768626,35.689205],[139.768698,35.689089],[139.768829,35.688975],[139.769209,35.688536],[139.769968,35.687694]],[[139.76987,35.687587],[139.769252,35.688228],[139.768932,35.688593],[139.768451,35.689185]]]}},{"type":"Feature","id":969,"properties":{"識別id":969,"利用時間":"07:00-20:00","制限時間":60,"手数料":300,"制限事項2":"１月１日〜３日を除く","種別":"パーキング・メーター","普通車":1,"貨物用有り":0,"二輪車":0,"標章車専用有り":0,"制限事項1":"","都道府県":"東京都","区市町村":"中央区","町名":"日本橋本石町","町丁目":"日本橋本石町四丁目"},"geometry":{"type":"LineString","coordinates":[[139.769992,35.687701],[139.770523,35.687898],[139.772848,35.688657]]}},{"type":"Feature","id":970,"properties":{"識別id":970,"利用時間":"09:00-19:00","制限時間":60,"手数料":300,"制限事項1":"日曜・休日を除く","制限事項2":"１月１日〜３日を除く","種別":"パーキング・メーター","普通車":1,"貨物用有り":0,"二輪車":0,"標章車専用有り":0,"都道府県":"東京都","区市町村":"中央区","町名":"東日本橋","町丁目":"東日本橋一丁目"},"geometry":{"type":"LineString","coordinates":[[139.78707,35.691761],[139.787691,35.692198]]}},{"type":"Feature","id":971,"properties":{"識別id":971,"利用時間":"09:00-19:00","制限時間":60,"手数料":300,"制限事項1":"日曜・休日を除く","制限事項2":"１月１日〜３日を除く","種別":"パーキング・チケット","普通車":1,"貨物用有り":0,"二輪車":0,"標章車専用有り":0,"都道府県":"東京都","区市町村":"港区","町名":"港南","町丁目":"港南三丁目"},"geometry":{"type":"MultiLineString","coordinates":[[[139.750438,35.633914],[139.749414,35.634265],[139.748459,35.63457],[139.748161,35.634682]],[[139.748194,35.634728],[139.74847,35.634658],[139.74943,35.634337],[139.750489,35.634015]]]}},{"type":"Feature","id":973,"properties":{"識別id":973,"利用時間":"09:00-19:00","制限時間":60,"手数料":300,"制限事項1":"日曜・休日を除く","制限事項2":"１月１日〜３日を除く","種別":"パーキング・メーター","普通車":1,"貨物用有り":0,"二輪車":0,"標章車専用有り":0,"都道府県":"東京都","区市町村":"世田谷区","町名":"三宿","町丁目":"三宿二丁目"},"geometry":{"type":"MultiLineString","coordinates":[[[139.677618,35.650521],[139.677342,35.651441]],[[139.677429,35.651519],[139.677767,35.650459]]]}},{"type":"Feature","id":975,"properties":{"識別id":975,"利用時間":"09:00-19:00","制限時間":60,"手数料":300,"制限事項1":"日曜・休日を除く","制限事項2":"１月１日〜３日を除く","種別":"パーキング・チケット","普通車":1,"貨物用有り":1,"二輪車":0,"標章車専用有り":0,"都道府県":"東京都","区市町村":"新宿区","町名":"早稲田鶴巻町","町丁目":"早稲田鶴巻町"},"geometry":{"type":"MultiLineString","coordinates":[[[139.722679,35.708359],[139.72443,35.707931],[139.725689,35.707594],[139.726751,35.707541]],[[139.726798,35.707392],[139.725661,35.707477],[139.72397,35.7079],[139.722508,35.708253]]]}},{"type":"Feature","id":977,"properties":{"識別id":977,"利用時間":"09:00-19:00","制限時間":60,"手数料":300,"制限事項1":"日曜・休日を除く","制限事項2":"１月１日〜３日を除く","種別":"パーキング・メーター","普通車":1,"貨物用有り":0,"二輪車":0,"標章車専用有り":0,"都道府県":"東京都","区市町村":"台東区","町名":"東上野","町丁目":"東上野四丁目"},"geometry":{"type":"LineString","coordinates":[[139.779513,35.712877],[139.780737,35.71269]]}},{"type":"Feature","id":979,"properties":{"識別id":979,"利用時間":"09:00-21:00","制限時間":60,"手数料":300,"制限事項2":"１月１日〜３日を除く","種別":"パーキング・メーター","普通車":1,"貨物用有り":1,"二輪車":0,"標章車専用有り":0,"制限事項1":"","都道府県":"東京都","区市町村":"中央区","町名":"銀座","町丁目":"銀座三丁目"},"geometry":{"type":"LineString","coordinates":[[139.767018,35.671294],[139.767872,35.670725]]}},{"type":"Feature","id":980,"properties":{"識別id":980,"利用時間":"09:00-19:00","制限時間":60,"手数料":300,"制限事項1":"日曜・休日を除く","制限事項2":"１月１日〜３日を除く","種別":"パーキング・メーター","普通車":1,"貨物用有り":1,"二輪車":0,"標章車専用有り":0,"都道府県":"東京都","区市町村":"中央区","町名":"湊","町丁目":"湊三丁目"},"geometry":{"type":"LineString","coordinates":[[139.775476,35.670891],[139.778212,35.670186]]}},{"type":"Feature","id":981,"properties":{"識別id":981,"利用時間":"09:00-19:00","制限時間":60,"手数料":300,"制限事項1":"日曜・休日を除く","制限事項2":"１月１日〜３日を除く","種別":"パーキング・メーター","普通車":1,"貨物用有り":1,"二輪車":0,"標章車専用有り":0,"都道府県":"東京都","区市町村":"中央区","町名":"新富","町丁目":"新富一丁目"},"geometry":{"type":"LineString","coordinates":[[139.773199,35.674156],[139.773177,35.673592],[139.773135,35.673499],[139.773101,35.673233]]}},{"type":"Feature","id":982,"properties":{"識別id":982,"利用時間":"09:00-19:00","制限時間":60,"手数料":300,"制限事項1":"日曜・休日を除く","制限事項2":"１月１日〜３日を除く","種別":"パーキング・メーター","普通車":1,"貨物用有り":1,"二輪車":0,"標章車専用有り":0,"都道府県":"東京都","区市町村":"渋谷区","町名":"渋谷","町丁目":"渋谷二丁目"},"geometry":{"type":"LineString","coordinates":[[139.706932,35.658552],[139.70684,35.659227],[139.706719,35.659472],[139.706507,35.659682],[139.706113,35.660039]]}},{"type":"Feature","id":983,"properties":{"識別id":983,"利用時間":"09:00-19:00","制限時間":60,"手数料":300,"制限事項1":"日曜・休日を除く","制限事項2":"１月１日〜３日を除く","種別":"パーキング・メーター","普通車":1,"貨物用有り":0,"二輪車":0,"標章車専用有り":0,"都道府県":"東京都","区市町村":"港区","町名":"海岸","町丁目":"海岸三丁目"},"geometry":{"type":"LineString","coordinates":[[139.754338,35.640585],[139.756009,35.640581]]}},{"type":"Feature","id":984,"properties":{"識別id":984,"利用時間":"09:00-19:00","制限時間":60,"手数料":300,"制限事項1":"日曜・休日を除く","制限事項2":"１月１日〜３日を除く","種別":"パーキング・メーター","普通車":1,"貨物用有り":0,"二輪車":0,"標章車専用有り":0,"都道府県":"東京都","区市町村":"港区","町名":"海岸","町丁目":"海岸三丁目"},"geometry":{"type":"MultiLineString","coordinates":[[[139.756066,35.640633],[139.756041,35.64197]],[[139.756157,35.641985],[139.756175,35.640633]]]}},{"type":"Feature","id":986,"properties":{"識別id":986,"利用時間":"09:00-19:00","制限時間":60,"手数料":300,"制限事項1":"日曜・休日を除く","制限事項2":"１月１日〜３日を除く","種別":"パーキング・メーター","普通車":1,"貨物用有り":1,"二輪車":0,"標章車専用有り":0,"都道府県":"東京都","区市町村":"豊島区","町名":"駒込","町丁目":"駒込一丁目"},"geometry":{"type":"MultiLineString","coordinates":[[[139.747219,35.735254],[139.74729,35.735134],[139.747756,35.734477],[139.748319,35.733694]],[[139.748157,35.733614],[139.74705,35.735159]]]}},{"type":"Feature","id":988,"properties":{"識別id":988,"利用時間":"09:00-19:00","制限時間":60,"手数料":300,"制限事項1":"日曜・休日を除く","制限事項2":"１月１日〜３日を除く","種別":"パーキング・メーター","普通車":1,"貨物用有り":0,"二輪車":0,"標章車専用有り":0,"都道府県":"東京都","区市町村":"豊島区","町名":"雑司が谷","町丁目":"雑司が谷一丁目"},"geometry":{"type":"LineString","coordinates":[[139.723893,35.720328],[139.723211,35.721537],[139.722979,35.722012],[139.722895,35.722351]]}},{"type":"Feature","id":989,"properties":{"識別id":989,"利用時間":"09:00-19:00","制限時間":60,"手数料":300,"制限事項1":"日曜・休日を除く","制限事項2":"１月１日〜３日を除く","種別":"パーキング・メーター","普通車":1,"貨物用有り":0,"二輪車":0,"標章車専用有り":0,"都道府県":"東京都","区市町村":"台東区","町名":"元浅草","町丁目":"元浅草三丁目"},"geometry":{"type":"LineString","coordinates":[[139.78796,35.707375],[139.786275,35.707445],[139.78509,35.707471]]}},{"type":"Feature","id":990,"properties":{"識別id":990,"利用時間":"09:00-19:00","制限時間":60,"手数料":300,"制限事項1":"日曜・休日を除く","制限事項2":"１月１日〜３日を除く","種別":"パーキング・チケット","普通車":1,"貨物用有り":1,"二輪車":0,"標章車専用有り":0,"都道府県":"東京都","区市町村":"中央区","町名":"築地","町丁目":"築地七丁目"},"geometry":{"type":"MultiLineString","coordinates":[[[139.77388,35.663618],[139.775245,35.664651]],[[139.775296,35.664599],[139.773876,35.663514]]]}},{"type":"Feature","id":992,"properties":{"識別id":992,"利用時間":"09:00-21:00","制限時間":60,"手数料":300,"制限事項2":"１月１日〜３日を除く","種別":"パーキング・メーター","普通車":1,"貨物用有り":1,"二輪車":0,"標章車専用有り":0,"制限事項1":"","都道府県":"東京都","区市町村":"中央区","町名":"銀座","町丁目":"銀座一丁目"},"geometry":{"type":"LineString","coordinates":[[139.771922,35.672628],[139.77216,35.67339]]}},{"type":"Feature","id":993,"properties":{"識別id":993,"利用時間":"09:00-19:00","制限時間":60,"手数料":300,"制限事項1":"日曜・休日を除く","制限事項2":"１月１日〜３日を除く","種別":"パーキング・メーター","普通車":1,"貨物用有り":1,"二輪車":0,"標章車専用有り":0,"都道府県":"東京都","区市町村":"中央区","町名":"八丁堀","町丁目":"八丁堀四丁目"},"geometry":{"type":"LineString","coordinates":[[139.780118,35.673253],[139.780121,35.674029]]}},{"type":"Feature","id":994,"properties":{"識別id":994,"利用時間":"09:00-19:00","制限時間":60,"手数料":300,"制限事項1":"日曜・休日を除く","制限事項2":"１月１日〜３日を除く","種別":"パーキング・メーター","普通車":1,"貨物用有り":0,"二輪車":0,"標章車専用有り":0,"都道府県":"東京都","区市町村":"港区","町名":"芝公園","町丁目":"芝公園三丁目"},"geometry":{"type":"LineString","coordinates":[[139.748594,35.661673],[139.748346,35.661436],[139.748217,35.661234],[139.748179,35.661204],[139.748118,35.661197],[139.747952,35.661228],[139.747801,35.661272],[139.747107,35.661455]]}},{"type":"Feature","id":995,"properties":{"識別id":995,"利用時間":"09:00-19:00","制限時間":60,"手数料":300,"制限事項2":"１月１日〜３日を除く","種別":"パーキング・メーター","普通車":1,"貨物用有り":1,"二輪車":0,"標章車専用有り":0,"制限事項1":"","都道府県":"東京都","区市町村":"新宿区","町名":"西新宿","町丁目":"西新宿三丁目"},"geometry":{"type":"LineString","coordinates":[[139.691612,35.685972],[139.691406,35.686836]]}},{"type":"Feature","id":996,"properties":{"識別id":996,"利用時間":"09:00-19:00","制限時間":60,"手数料":300,"制限事項2":"１月１日〜３日を除く","種別":"パーキング・メーター","普通車":1,"貨物用有り":1,"二輪車":0,"標章車専用有り":0,"制限事項1":"","都道府県":"東京都","区市町村":"文京区","町名":"湯島","町丁目":"湯島四丁目"},"geometry":{"type":"LineString","coordinates":[[139.767968,35.708286],[139.768222,35.708379],[139.768354,35.708416],[139.768552,35.708435],[139.768989,35.708446]]}},{"type":"Feature","id":998,"properties":{"識別id":998,"利用時間":"09:00-19:00","制限時間":60,"手数料":300,"制限事項1":"日曜・休日を除く","制限事項2":"１月１日〜３日を除く","種別":"パーキング・メーター","普通車":1,"貨物用有り":1,"二輪車":0,"標章車専用有り":0,"都道府県":"東京都","区市町村":"台東区","町名":"北上野","町丁目":"北上野二丁目"},"geometry":{"type":"MultiLineString","coordinates":[[[139.782852,35.716717],[139.783253,35.717828]],[[139.783389,35.717796],[139.783002,35.716695]]]}},{"type":"Feature","id":1001,"properties":{"識別id":1001,"利用時間":"09:00-19:00","制限時間":60,"手数料":300,"制限事項1":"日曜・休日を除く","制限事項2":"１月１日〜３日を除く","種別":"パーキング・メーター","普通車":1,"貨物用有り":0,"二輪車":0,"標章車専用有り":0,"都道府県":"東京都","区市町村":"目黒区","町名":"下目黒","町丁目":"下目黒一丁目"},"geometry":{"type":"LineString","coordinates":[[139.713323,35.634283],[139.712987,35.634369],[139.712644,35.634411]]}},{"type":"Feature","id":1003,"properties":{"識別id":1003,"利用時間":"09:00-19:00","制限時間":60,"手数料":300,"制限事項1":"日曜・休日を除く","制限事項2":"１月１日〜３日を除く","種別":"パーキング・メーター","普通車":1,"貨物用有り":1,"二輪車":0,"標章車専用有り":0,"都道府県":"東京都","区市町村":"中央区","町名":"日本橋本町","町丁目":"日本橋本町一丁目"},"geometry":{"type":"MultiLineString","coordinates":[[[139.774859,35.684609],[139.776606,35.684876]],[[139.776696,35.684779],[139.774845,35.684494]]]}},{"type":"Feature","id":1005,"properties":{"識別id":1005,"利用時間":"09:00-19:00","制限時間":60,"手数料":300,"制限事項1":"日曜・休日を除く","制限事項2":"１月１日〜３日を除く","種別":"パーキング・メーター","普通車":1,"貨物用有り":0,"二輪車":0,"標章車専用有り":0,"都道府県":"東京都","区市町村":"中央区","町名":"勝どき","町丁目":"勝どき四丁目"},"geometry":{"type":"MultiLineString","coordinates":[[[139.77461,35.657195],[139.775497,35.657807]],[[139.775595,35.657768],[139.774681,35.657171]]]}},{"type":"Feature","id":1007,"properties":{"識別id":1007,"利用時間":"09:00-19:00","制限時間":60,"手数料":300,"制限事項1":"日曜・休日を除く","制限事項2":"１月１日〜３日を除く","種別":"パーキング・メーター","普通車":1,"貨物用有り":0,"二輪車":0,"標章車専用有り":0,"都道府県":"東京都","区市町村":"板橋区","町名":"高島平","町丁目":"高島平一丁目"},"geometry":{"type":"LineString","coordinates":[[139.665921,35.782705],[139.665887,35.782533]]}},{"type":"Feature","id":1008,"properties":{"識別id":1008,"利用時間":"09:00-19:00","制限時間":60,"手数料":300,"制限事項1":"日曜・休日を除く","制限事項2":"１月１日〜３日を除く","種別":"パーキング・メーター","普通車":1,"貨物用有り":0,"二輪車":0,"標章車専用有り":0,"都道府県":"東京都","区市町村":"港区","町名":"新橋","町丁目":"新橋一丁目"},"geometry":{"type":"LineString","coordinates":[[139.757899,35.668774],[139.757067,35.66904]]}},{"type":"Feature","id":1009,"properties":{"識別id":1009,"利用時間":"09:00-19:00","制限時間":60,"手数料":300,"制限事項1":"日曜・休日を除く","制限事項2":"１月１日〜３日を除く","種別":"パーキング・メーター","普通車":1,"貨物用有り":0,"二輪車":0,"標章車専用有り":0,"都道府県":"東京都","区市町村":"港区","町名":"海岸","町丁目":"海岸三丁目"},"geometry":{"type":"LineString","coordinates":[[139.756159,35.642785],[139.756158,35.642058]]}},{"type":"Feature","id":1010,"properties":{"識別id":1010,"利用時間":"09:00-19:00","制限時間":60,"手数料":300,"制限事項1":"日曜・休日を除く","制限事項2":"１月１日〜３日を除く","種別":"パーキング・メーター","普通車":1,"貨物用有り":1,"二輪車":0,"標章車専用有り":0,"都道府県":"東京都","区市町村":"港区","町名":"芝","町丁目":"芝四丁目"},"geometry":{"type":"LineString","coordinates":[[139.749876,35.648535],[139.749957,35.648909],[139.750104,35.649189],[139.750166,35.64931],[139.750258,35.649905]]}},{"type":"Feature","id":1011,"properties":{"識別id":1011,"利用時間":"09:30-19:00","制限時間":60,"手数料":300,"制限事項2":"１月１日〜３日を除く","種別":"パーキング・メーター","普通車":1,"貨物用有り":0,"二輪車":0,"標章車専用有り":0,"制限事項1":"","都道府県":"東京都","区市町村":"世田谷区","町名":"三軒茶屋","町丁目":"三軒茶屋二丁目"},"geometry":{"type":"LineString","coordinates":[[139.668846,35.643197],[139.668061,35.643046],[139.667434,35.64301],[139.666348,35.64298]]}},{"type":"Feature","id":1012,"properties":{"識別id":1012,"利用時間":"09:00-19:00","制限時間":60,"手数料":300,"制限事項1":"日曜・休日を除く","制限事項2":"１月１日〜３日を除く","種別":"パーキング・チケット","普通車":1,"貨物用有り":0,"二輪車":0,"標章車専用有り":0,"都道府県":"東京都","区市町村":"千代田区","町名":"大手町","町丁目":"大手町二丁目"},"geometry":{"type":"LineString","coordinates":[[139.768399,35.686333],[139.76861,35.68689]]}},{"type":"Feature","id":1014,"properties":{"識別id":1014,"利用時間":"09:00-19:00","制限時間":60,"手数料":300,"制限事項1":"日曜・休日を除く","制限事項2":"１月１日〜３日を除く","種別":"パーキング・メーター","普通車":1,"貨物用有り":1,"二輪車":0,"標章車専用有り":0,"都道府県":"東京都","区市町村":"台東区","町名":"北上野","町丁目":"北上野二丁目"},"geometry":{"type":"LineString","coordinates":[[139.783817,35.719014],[139.783449,35.717946]]}},{"type":"Feature","id":1015,"properties":{"識別id":1015,"利用時間":"09:00-21:00","制限時間":60,"手数料":300,"制限事項2":"１月１日〜３日を除く","種別":"パーキング・メーター","普通車":1,"貨物用有り":1,"二輪車":0,"標章車専用有り":0,"制限事項1":"","都道府県":"東京都","区市町村":"中央区","町名":"銀座","町丁目":"銀座三丁目"},"geometry":{"type":"LineString","coordinates":[[139.770551,35.670375],[139.770129,35.67067],[139.768971,35.671463]]}},{"type":"Feature","id":1016,"properties":{"識別id":1016,"利用時間":"09:00-21:00","制限時間":60,"手数料":300,"制限事項2":"１月１日〜３日を除く","種別":"パーキング・メーター","普通車":1,"貨物用有り":1,"二輪車":0,"標章車専用有り":0,"制限事項1":"","都道府県":"東京都","区市町村":"中央区","町名":"銀座","町丁目":"銀座一丁目"},"geometry":{"type":"LineString","coordinates":[[139.771663,35.673668],[139.772189,35.673477],[139.773037,35.673235]]}},{"type":"Feature","id":1017,"properties":{"識別id":1017,"利用時間":"09:00-19:00","制限時間":60,"手数料":300,"制限事項2":"１月１日〜３日を除く","種別":"パーキング・メーター","普通車":1,"貨物用有り":1,"二輪車":0,"標章車専用有り":0,"制限事項1":"","都道府県":"東京都","区市町村":"中野区","町名":"新井","町丁目":"新井三丁目"},"geometry":{"type":"LineString","coordinates":[[139.665547,35.711891],[139.66595,35.713388],[139.666125,35.714239],[139.668481,35.716398],[139.668561,35.716528]]}},{"type":"Feature","id":1018,"properties":{"識別id":1018,"利用時間":"09:00-21:00","制限時間":60,"手数料":300,"制限事項2":"１月１日〜３日を除く","種別":"パーキング・メーター","普通車":1,"貨物用有り":1,"二輪車":0,"標章車専用有り":0,"制限事項1":"","都道府県":"東京都","区市町村":"中央区","町名":"銀座","町丁目":"銀座一丁目"},"geometry":{"type":"LineString","coordinates":[[139.771001,35.672982],[139.771528,35.673603]]}},{"type":"Feature","id":1019,"properties":{"識別id":1019,"利用時間":"09:00-19:00","制限時間":60,"手数料":300,"制限事項1":"日曜・休日を除く","制限事項2":"１月１日〜３日を除く","種別":"パーキング・メーター","普通車":1,"貨物用有り":1,"二輪車":0,"標章車専用有り":0,"都道府県":"東京都","区市町村":"中央区","町名":"築地","町丁目":"築地五丁目"},"geometry":{"type":"MultiLineString","coordinates":[[[139.766074,35.665633],[139.766681,35.665127],[139.767687,35.664368]],[[139.767573,35.664275],[139.766933,35.664753],[139.766555,35.665046],[139.765943,35.665537]]]}},{"type":"Feature","id":1021,"properties":{"識別id":1021,"利用時間":"09:30-19:00","制限時間":60,"手数料":300,"制限事項1":"日曜・休日を除く","制限事項2":"１月１日〜３日を除く","種別":"パーキング・メーター","普通車":1,"貨物用有り":0,"二輪車":0,"標章車専用有り":0,"都道府県":"東京都","区市町村":"江東区","町名":"清澄","町丁目":"清澄三丁目"},"geometry":{"type":"LineString","coordinates":[[139.798908,35.680661],[139.798751,35.681926]]}},{"type":"Feature","id":1026,"properties":{"識別id":1026,"利用時間":"09:00-19:00","制限時間":60,"手数料":300,"制限事項1":"日曜・休日を除く","制限事項2":"１月１日〜３日を除く","種別":"パーキング・メーター","普通車":1,"貨物用有り":1,"二輪車":0,"標章車専用有り":0,"都道府県":"東京都","区市町村":"江東区","町名":"東陽","町丁目":"東陽五丁目"},"geometry":{"type":"LineString","coordinates":[[139.816187,35.672022],[139.814867,35.671985]]}},{"type":"Feature","id":1027,"properties":{"識別id":1027,"利用時間":"09:00-19:00","制限時間":60,"手数料":300,"制限事項1":"日曜・休日を除く","制限事項2":"１月１日〜３日を除く","種別":"パーキング・メーター","普通車":1,"貨物用有り":1,"二輪車":0,"標章車専用有り":0,"都道府県":"東京都","区市町村":"港区","町名":"芝浦","町丁目":"芝浦一丁目"},"geometry":{"type":"MultiLineString","coordinates":[[[139.752321,35.643069],[139.752815,35.644024],[139.753428,35.645241],[139.753716,35.645768],[139.753818,35.645976],[139.754075,35.646569],[139.75418,35.646792],[139.754777,35.648075]],[[139.755026,35.648168],[139.754329,35.646671],[139.753959,35.645916],[139.752985,35.643987],[139.752791,35.643583],[139.752539,35.643101]]]}},{"type":"Feature","id":1029,"properties":{"識別id":1029,"利用時間":"08:00-20:00","制限時間":60,"手数料":300,"制限事項2":"１月１日〜３日を除く","種別":"パーキング・メーター","普通車":1,"貨物用有り":1,"二輪車":0,"標章車専用有り":0,"制限事項1":"","都道府県":"東京都","区市町村":"千代田区","町名":"西神田","町丁目":"西神田二丁目"},"geometry":{"type":"LineString","coordinates":[[139.7525,35.701298],[139.753332,35.699769],[139.753754,35.698989],[139.754472,35.697675],[139.7552,35.696328],[139.755392,35.695983]]}},{"type":"Feature","id":1030,"properties":{"識別id":1030,"利用時間":"08:00-20:00","制限時間":60,"手数料":300,"制限事項2":"１月１日〜３日を除く","種別":"パーキング・メーター","普通車":1,"貨物用有り":1,"二輪車":0,"標章車専用有り":0,"制限事項1":"","都道府県":"東京都","区市町村":"千代田区","町名":"一ツ橋","町丁目":"一ツ橋二丁目"},"geometry":{"type":"LineString","coordinates":[[139.755523,35.695748],[139.755681,35.695468],[139.755793,35.695248],[139.755828,35.69515],[139.755849,35.694909],[139.755929,35.694218],[139.75601,35.69396]]}},{"type":"Feature","id":1031,"properties":{"識別id":1031,"利用時間":"08:00-20:00","制限時間":60,"手数料":300,"制限事項2":"１月１日〜３日を除く","種別":"パーキング・メーター","普通車":1,"貨物用有り":1,"二輪車":0,"標章車専用有り":0,"制限事項1":"","都道府県":"東京都","区市町村":"千代田区","町名":"神田神保町","町丁目":"神田神保町三丁目"},"geometry":{"type":"LineString","coordinates":[[139.75577,35.694188],[139.755741,35.694389],[139.755667,35.695123],[139.755605,35.695288],[139.755354,35.695707]]}},{"type":"Feature","id":1033,"properties":{"識別id":1033,"利用時間":"09:00-19:00","制限時間":60,"手数料":300,"制限事項1":"日曜・休日を除く","制限事項2":"１月１日〜３日を除く","種別":"パーキング・メーター","普通車":1,"貨物用有り":0,"二輪車":0,"標章車専用有り":0,"都道府県":"東京都","区市町村":"港区","町名":"愛宕","町丁目":"愛宕一丁目"},"geometry":{"type":"MultiLineString","coordinates":[[[139.748827,35.66001],[139.748908,35.660121],[139.748965,35.660335],[139.749235,35.661491],[139.749343,35.66196],[139.749392,35.663707],[139.749426,35.663833],[139.749482,35.664314],[139.749545,35.664774],[139.749602,35.665142],[139.749674,35.665415],[139.74976,35.665632]],[[139.749867,35.665558],[139.749804,35.665409],[139.749728,35.665121],[139.749673,35.664744],[139.749589,35.664137],[139.749544,35.663656],[139.749485,35.662077],[139.749443,35.661824],[139.749033,35.66008],[139.749008,35.659919]]]}},{"type":"Feature","id":1035,"properties":{"識別id":1035,"利用時間":"07:00-20:00","制限時間":40,"手数料":200,"制限事項2":"１月１日〜３日を除く","種別":"パーキング・メーター","普通車":1,"貨物用有り":1,"二輪車":0,"標章車専用有り":0,"制限事項1":"","都道府県":"東京都","区市町村":"新宿区","町名":"新宿","町丁目":"新宿三丁目"},"geometry":{"type":"LineString","coordinates":[[139.701818,35.689835],[139.701472,35.690642]]}},{"type":"Feature","id":1036,"properties":{"識別id":1036,"利用時間":"07:00-14:00","制限時間":40,"手数料":200,"制限事項1":"日曜・休日を除く","制限事項2":"１月１日〜３日を除く","種別":"パーキング・メーター","普通車":1,"貨物用有り":1,"二輪車":0,"標章車専用有り":0,"都道府県":"東京都","区市町村":"新宿区","町名":"新宿","町丁目":"新宿三丁目"},"geometry":{"type":"LineString","coordinates":[[139.7021,35.689718],[139.702177,35.690248],[139.702269,35.690753],[139.702411,35.691289],[139.702597,35.691786]]}},{"type":"Feature","id":1037,"properties":{"識別id":1037,"利用時間":"07:00-20:00","制限時間":40,"手数料":200,"制限事項2":"１月１日〜３日を除く","種別":"パーキング・メーター","普通車":1,"貨物用有り":1,"二輪車":0,"標章車専用有り":0,"制限事項1":"","都道府県":"東京都","区市町村":"新宿区","町名":"新宿","町丁目":"新宿三丁目"},"geometry":{"type":"LineString","coordinates":[[139.704323,35.690425],[139.70349,35.690598],[139.703255,35.690642],[139.702331,35.690705]]}},{"type":"Feature","id":1038,"properties":{"識別id":1038,"利用時間":"07:00-20:00","制限時間":40,"手数料":200,"制限事項2":"１月１日〜３日を除く","種別":"パーキング・チケット","普通車":1,"貨物用有り":1,"二輪車":0,"標章車専用有り":0,"制限事項1":"","都道府県":"東京都","区市町村":"新宿区","町名":"歌舞伎町","町丁目":"歌舞伎町一丁目"},"geometry":{"type":"MultiLineString","coordinates":[[[139.701553,35.693654],[139.703415,35.693216],[139.704521,35.692895]],[[139.704437,35.692675],[139.70308,35.693066],[139.70146,35.69344]]]}},{"type":"Feature","id":1041,"properties":{"識別id":1041,"利用時間":"07:00-20:00","制限時間":40,"手数料":200,"制限事項1":"日曜・休日を除く","制限事項2":"１月１日〜３日を除く","種別":"パーキング・メーター","普通車":1,"貨物用有り":1,"二輪車":0,"標章車専用有り":0,"都道府県":"東京都","区市町村":"新宿区","町名":"新宿","町丁目":"新宿三丁目"},"geometry":{"type":"MultiLineString","coordinates":[[[139.702594,35.691927],[139.703667,35.691451]],[[139.703599,35.691397],[139.702064,35.692091]]]}},{"type":"Feature","id":1043,"properties":{"識別id":1043,"利用時間":"07:00-20:00","制限時間":40,"手数料":200,"制限事項2":"１月１日〜３日を除く","種別":"パーキング・チケット","普通車":1,"貨物用有り":1,"二輪車":0,"標章車専用有り":0,"制限事項1":"","都道府県":"東京都","区市町村":"新宿区","町名":"新宿","町丁目":"新宿三丁目"},"geometry":{"type":"MultiLineString","coordinates":[[[139.701639,35.690841],[139.701532,35.691802]],[[139.701589,35.691789],[139.701709,35.690866]]]}},{"type":"Feature","id":1045,"properties":{"識別id":1045,"利用時間":"09:00-19:00","制限時間":60,"手数料":300,"制限事項1":"日曜・休日を除く","制限事項2":"１月１日〜３日を除く","種別":"パーキング・メーター","普通車":1,"貨物用有り":0,"二輪車":0,"標章車専用有り":0,"都道府県":"東京都","区市町村":"目黒区","町名":"五本木","町丁目":"五本木二丁目"},"geometry":{"type":"MultiLineString","coordinates":[[[139.686646,35.632335],[139.686641,35.633465],[139.686631,35.634031],[139.686602,35.634185],[139.686525,35.634435]],[[139.686671,35.634296],[139.686728,35.634002],[139.686742,35.63236]]]}},{"type":"Feature","id":1047,"properties":{"識別id":1047,"利用時間":"09:00-19:00","制限時間":60,"手数料":300,"制限事項2":"１月１日〜３日を除く","種別":"パーキング・メーター","普通車":1,"貨物用有り":0,"二輪車":0,"標章車専用有り":0,"制限事項1":"","都道府県":"東京都","区市町村":"台東区","町名":"浅草","町丁目":"浅草一丁目"},"geometry":{"type":"LineString","coordinates":[[139.796113,35.710847],[139.794718,35.711019],[139.793632,35.711163]]}},{"type":"Feature","id":1048,"properties":{"識別id":1048,"利用時間":"09:00-19:00","制限時間":40,"手数料":200,"制限事項1":"日曜・休日を除く","制限事項2":"１月１日〜３日を除く","種別":"パーキング・メーター","普通車":1,"貨物用有り":1,"二輪車":0,"標章車専用有り":0,"都道府県":"東京都","区市町村":"台東区","町名":"寿","町丁目":"寿三丁目"},"geometry":{"type":"LineString","coordinates":[[139.791796,35.70567],[139.791401,35.705809]]}},{"type":"Feature","id":1049,"properties":{"識別id":1049,"利用時間":"09:00-19:00","制限時間":40,"手数料":200,"制限事項1":"日曜・休日を除く","制限事項2":"１月１日〜３日を除く","種別":"パーキング・メーター","普通車":1,"貨物用有り":1,"二輪車":0,"標章車専用有り":0,"都道府県":"東京都","区市町村":"台東区","町名":"駒形","町丁目":"駒形一丁目"},"geometry":{"type":"LineString","coordinates":[[139.791906,35.705755],[139.792696,35.705481]]}},{"type":"Feature","id":1050,"properties":{"識別id":1050,"利用時間":"07:00-20:00","制限時間":40,"手数料":200,"制限事項2":"１月１日〜３日を除く","種別":"パーキング・メーター","普通車":1,"貨物用有り":1,"二輪車":0,"標章車専用有り":0,"制限事項1":"","都道府県":"東京都","区市町村":"渋谷区","町名":"神南","町丁目":"神南一丁目"},"geometry":{"type":"LineString","coordinates":[[139.700751,35.662362],[139.700745,35.662781],[139.700757,35.66286],[139.70078,35.662939],[139.700864,35.663057],[139.700982,35.663201],[139.701126,35.663363]]}},{"type":"Feature","id":1051,"properties":{"識別id":1051,"利用時間":"07:00-20:00","制限時間":40,"手数料":200,"制限事項2":"１月１日〜３日を除く","種別":"パーキング・メーター","普通車":1,"貨物用有り":1,"二輪車":0,"標章車専用有り":0,"制限事項1":"","都道府県":"東京都","区市町村":"渋谷区","町名":"神南","町丁目":"神南一丁目"},"geometry":{"type":"LineString","coordinates":[[139.701248,35.663247],[139.701107,35.663146],[139.701009,35.663033],[139.700959,35.662956],[139.700927,35.662873],[139.700907,35.662786],[139.700896,35.662647],[139.700893,35.662361]]}},{"type":"Feature","id":1052,"properties":{"識別id":1052,"利用時間":"07:00-20:00","制限時間":20,"手数料":100,"制限事項2":"１月１日〜３日を除く","種別":"パーキング・メーター","普通車":1,"貨物用有り":0,"二輪車":0,"標章車専用有り":0,"制限事項1":"","都道府県":"東京都","区市町村":"渋谷区","町名":"神南","町丁目":"神南一丁目"},"geometry":{"type":"LineString","coordinates":[[139.700754,35.661314],[139.700752,35.662103]]}},{"type":"Feature","id":1053,"properties":{"識別id":1053,"利用時間":"07:00-20:00","制限時間":40,"手数料":200,"制限事項2":"１月１日〜３日を除く","種別":"パーキング・メーター","普通車":1,"貨物用有り":1,"二輪車":0,"標章車専用有り":0,"制限事項1":"","都道府県":"東京都","区市町村":"渋谷区","町名":"神南","町丁目":"神南一丁目"},"geometry":{"type":"LineString","coordinates":[[139.700891,35.662116],[139.700889,35.661316]]}},{"type":"Feature","id":1056,"properties":{"識別id":1056,"利用時間":"09:00-19:00","制限時間":40,"手数料":200,"制限事項1":"日曜・休日を除く","制限事項2":"１月１日〜３日を除く","種別":"パーキング・メーター","普通車":1,"貨物用有り":0,"二輪車":0,"標章車専用有り":0,"都道府県":"東京都","区市町村":"台東区","町名":"元浅草","町丁目":"元浅草一丁目"},"geometry":{"type":"LineString","coordinates":[[139.782054,35.70708],[139.782863,35.706981]]}},{"type":"Feature","id":1057,"properties":{"識別id":1057,"利用時間":"09:00-19:00","制限時間":40,"手数料":200,"制限事項1":"日曜・休日を除く","制限事項2":"１月１日〜３日を除く","種別":"パーキング・メーター","普通車":1,"貨物用有り":1,"二輪車":0,"標章車専用有り":0,"都道府県":"東京都","区市町村":"台東区","町名":"元浅草","町丁目":"元浅草一丁目"},"geometry":{"type":"LineString","coordinates":[[139.783564,35.706817],[139.782453,35.706944]]}},{"type":"Feature","id":1059,"properties":{"識別id":1059,"利用時間":"09:00-19:00","制限時間":60,"手数料":300,"制限事項1":"日曜・休日を除く","制限事項2":"１月１日〜３日を除く","種別":"パーキング・メーター","普通車":1,"貨物用有り":1,"二輪車":0,"標章車専用有り":0,"都道府県":"東京都","区市町村":"中央区","町名":"日本橋堀留町","町丁目":"日本橋堀留町二丁目"},"geometry":{"type":"MultiLineString","coordinates":[[[139.778594,35.690696],[139.779531,35.68962],[139.780432,35.688561],[139.781379,35.687424],[139.782274,35.686398]],[[139.782163,35.686346],[139.781338,35.687287],[139.780542,35.688229],[139.779463,35.689507],[139.778491,35.69062]]]}},{"type":"Feature","id":1061,"properties":{"識別id":1061,"利用時間":"07:00-20:00","制限時間":60,"手数料":300,"制限事項2":"１月１日〜３日を除く","種別":"パーキング・メーター","普通車":1,"貨物用有り":1,"二輪車":0,"標章車専用有り":0,"制限事項1":"","都道府県":"東京都","区市町村":"渋谷区","町名":"渋谷","町丁目":"渋谷一丁目"},"geometry":{"type":"LineString","coordinates":[[139.702223,35.663503],[139.702312,35.661991]]}},{"type":"Feature","id":1062,"properties":{"識別id":1062,"利用時間":"09:00-19:00","制限時間":60,"手数料":300,"制限事項1":"日曜・休日を除く","制限事項2":"１月１日〜３日を除く","種別":"パーキング・メーター","普通車":1,"貨物用有り":0,"二輪車":0,"標章車専用有り":0,"都道府県":"東京都","区市町村":"品川区","町名":"上大崎","町丁目":"上大崎二丁目"},"geometry":{"type":"LineString","coordinates":[[139.715271,35.633819],[139.715271,35.634003],[139.714965,35.634781]]}},{"type":"Feature","id":1063,"properties":{"識別id":1063,"利用時間":"09:00-19:00","制限時間":60,"手数料":300,"制限事項1":"日曜・休日を除く","制限事項2":"１月１日〜３日を除く","種別":"パーキング・メーター","普通車":1,"貨物用有り":0,"二輪車":0,"標章車専用有り":0,"都道府県":"東京都","区市町村":"豊島区","町名":"北大塚","町丁目":"北大塚三丁目"},"geometry":{"type":"MultiLineString","coordinates":[[[139.726452,35.734007],[139.726832,35.734969],[139.726921,35.735087]],[[139.726931,35.734935],[139.726714,35.734353],[139.726648,35.734196],[139.726556,35.733939]]]}},{"type":"Feature","id":1065,"properties":{"識別id":1065,"利用時間":"09:00-19:00","制限時間":60,"手数料":300,"制限事項2":"１月１日〜３日を除く","種別":"パーキング・メーター","普通車":1,"貨物用有り":0,"二輪車":0,"標章車専用有り":0,"制限事項1":"","都道府県":"東京都","区市町村":"豊島区","町名":"西池袋","町丁目":"西池袋二丁目"},"geometry":{"type":"MultiLineString","coordinates":[[[139.706307,35.727701],[139.706588,35.728235]],[[139.706734,35.728169],[139.706701,35.728136],[139.706469,35.72771],[139.706443,35.727646]]]}},{"type":"Feature","id":1067,"properties":{"識別id":1067,"利用時間":"09:00-19:00","制限時間":60,"手数料":300,"制限事項1":"日曜・休日を除く","制限事項2":"１月１日〜３日を除く","種別":"パーキング・メーター","普通車":1,"貨物用有り":0,"二輪車":0,"標章車専用有り":0,"都道府県":"東京都","区市町村":"台東区","町名":"浅草橋","町丁目":"浅草橋三丁目"},"geometry":{"type":"LineString","coordinates":[[139.783815,35.700794],[139.785176,35.70065],[139.787761,35.699841]]}},{"type":"Feature","id":1068,"properties":{"識別id":1068,"利用時間":"09:00-21:00","制限時間":60,"手数料":300,"制限事項2":"１月１日〜３日を除く","種別":"パーキング・メーター","普通車":1,"貨物用有り":1,"二輪車":0,"標章車専用有り":0,"制限事項1":"","都道府県":"東京都","区市町村":"中央区","町名":"銀座","町丁目":"銀座五丁目"},"geometry":{"type":"LineString","coordinates":[[139.760648,35.672046],[139.760778,35.672044],[139.761762,35.671942],[139.761882,35.671874],[139.762383,35.671531],[139.763304,35.670874],[139.764023,35.670365]]}},{"type":"Feature","id":1069,"properties":{"識別id":1069,"利用時間":"09:00-19:00","制限時間":60,"手数料":300,"制限事項1":"日曜・休日を除く","制限事項2":"１月１日〜３日を除く","種別":"パーキング・メーター","普通車":1,"貨物用有り":1,"二輪車":0,"標章車専用有り":0,"都道府県":"東京都","区市町村":"中央区","町名":"築地","町丁目":"築地一丁目"},"geometry":{"type":"LineString","coordinates":[[139.770377,35.668011],[139.769703,35.668537]]}},{"type":"Feature","id":1070,"properties":{"識別id":1070,"利用時間":"09:00-19:00","制限時間":40,"手数料":200,"制限事項1":"日曜・休日を除く","制限事項2":"１月１日〜３日を除く","種別":"パーキング・メーター","普通車":1,"貨物用有り":1,"二輪車":0,"標章車専用有り":0,"都道府県":"東京都","区市町村":"台東区","町名":"東上野","町丁目":"東上野一丁目"},"geometry":{"type":"LineString","coordinates":[[139.781281,35.70707],[139.780944,35.707093]]}},{"type":"Feature","id":1071,"properties":{"識別id":1071,"利用時間":"09:00-19:00","制限時間":40,"手数料":200,"制限事項1":"日曜・休日を除く","制限事項2":"１月１日〜３日を除く","種別":"パーキング・メーター","普通車":1,"貨物用有り":1,"二輪車":0,"標章車専用有り":0,"都道府県":"東京都","区市町村":"台東区","町名":"東上野","町丁目":"東上野一丁目"},"geometry":{"type":"LineString","coordinates":[[139.780877,35.707101],[139.780458,35.707143]]}},{"type":"Feature","id":1073,"properties":{"識別id":1073,"利用時間":"08:00-20:00","制限時間":40,"手数料":200,"制限事項2":"１月１日〜３日を除く","種別":"パーキング・メーター","普通車":1,"貨物用有り":1,"二輪車":0,"標章車専用有り":0,"制限事項1":"","都道府県":"東京都","区市町村":"千代田区","町名":"神田須田町","町丁目":"神田須田町二丁目"},"geometry":{"type":"LineString","coordinates":[[139.773317,35.695557],[139.773003,35.69557]]}},{"type":"Feature","id":1074,"properties":{"識別id":1074,"利用時間":"08:00-20:00","制限時間":40,"手数料":200,"制限事項2":"１月１日〜３日を除く","種別":"パーキング・メーター","普通車":1,"貨物用有り":1,"二輪車":0,"標章車専用有り":0,"制限事項1":"","都道府県":"東京都","区市町村":"千代田区","町名":"岩本町","町丁目":"岩本町三丁目"},"geometry":{"type":"LineString","coordinates":[[139.777241,35.695398],[139.77675,35.695412]]}},{"type":"Feature","id":1075,"properties":{"識別id":1075,"利用時間":"08:00-20:00","制限時間":40,"手数料":200,"制限事項2":"１月１日〜３日を除く","種別":"パーキング・メーター","普通車":1,"貨物用有り":1,"二輪車":0,"標章車専用有り":0,"制限事項1":"","都道府県":"東京都","区市町村":"千代田区","町名":"岩本町","町丁目":"岩本町三丁目"},"geometry":{"type":"LineString","coordinates":[[139.776653,35.695609],[139.777195,35.69559]]}},{"type":"Feature","id":1076,"properties":{"識別id":1076,"利用時間":"08:00-20:00","制限時間":40,"手数料":200,"制限事項2":"１月１日〜３日を除く","種別":"パーキング・メーター","普通車":1,"貨物用有り":1,"二輪車":0,"標章車専用有り":0,"制限事項1":"","都道府県":"東京都","区市町村":"千代田区","町名":"岩本町","町丁目":"岩本町三丁目"},"geometry":{"type":"LineString","coordinates":[[139.777732,35.695565],[139.778084,35.695556]]}},{"type":"Feature","id":1077,"properties":{"識別id":1077,"利用時間":"08:00-20:00","制限時間":40,"手数料":200,"制限事項2":"１月１日〜３日を除く","種別":"パーキング・メーター","普通車":1,"貨物用有り":1,"二輪車":0,"標章車専用有り":0,"制限事項1":"","都道府県":"東京都","区市町村":"千代田区","町名":"神田神保町","町丁目":"神田神保町二丁目"},"geometry":{"type":"LineString","coordinates":[[139.757427,35.696044],[139.757723,35.696056]]}},{"type":"Feature","id":1078,"properties":{"識別id":1078,"利用時間":"08:00-20:00","制限時間":40,"手数料":200,"制限事項2":"１月１日〜３日を除く","種別":"パーキング・メーター","普通車":1,"貨物用有り":1,"二輪車":0,"標章車専用有り":0,"制限事項1":"","都道府県":"東京都","区市町村":"千代田区","町名":"神田神保町","町丁目":"神田神保町二丁目"},"geometry":{"type":"LineString","coordinates":[[139.757848,35.695853],[139.757321,35.695845]]}},{"type":"Feature","id":1079,"properties":{"識別id":1079,"利用時間":"08:00-20:00","制限時間":40,"手数料":200,"制限事項2":"１月１日〜３日を除く","種別":"パーキング・メーター","普通車":1,"貨物用有り":1,"二輪車":0,"標章車専用有り":0,"制限事項1":"","都道府県":"東京都","区市町村":"千代田区","町名":"神田小川町","町丁目":"神田小川町三丁目"},"geometry":{"type":"LineString","coordinates":[[139.762042,35.694844],[139.761724,35.695086]]}},{"type":"Feature","id":1080,"properties":{"識別id":1080,"利用時間":"08:00-20:00","制限時間":40,"手数料":200,"制限事項2":"１月１日〜３日を除く","種別":"パーキング・メーター","普通車":1,"貨物用有り":1,"二輪車":0,"標章車専用有り":0,"制限事項1":"","都道府県":"東京都","区市町村":"千代田区","町名":"神田小川町","町丁目":"神田小川町二丁目"},"geometry":{"type":"LineString","coordinates":[[139.764426,35.69431],[139.764345,35.694284],[139.764242,35.694263],[139.764114,35.694261]]}},{"type":"Feature","id":1081,"properties":{"識別id":1081,"利用時間":"08:00-20:00","制限時間":60,"手数料":300,"制限事項2":"１月１日〜３日を除く","種別":"パーキング・メーター","普通車":1,"貨物用有り":1,"二輪車":0,"標章車専用有り":0,"制限事項1":"","都道府県":"東京都","区市町村":"千代田区","町名":"神田多町","町丁目":"神田多町二丁目"},"geometry":{"type":"LineString","coordinates":[[139.769642,35.692995],[139.769408,35.693573]]}},{"type":"Feature","id":1082,"properties":{"識別id":1082,"利用時間":"09:00-19:00","制限時間":60,"手数料":300,"制限事項2":"１月１日〜３日を除く","種別":"パーキング・チケット","普通車":1,"貨物用有り":1,"二輪車":0,"標章車専用有り":0,"制限事項1":"","都道府県":"東京都","区市町村":"台東区","町名":"浅草","町丁目":"浅草六丁目"},"geometry":{"type":"LineString","coordinates":[[139.798792,35.715839],[139.80161,35.715206]]}},{"type":"Feature","id":1083,"properties":{"識別id":1083,"利用時間":"09:00-19:00","制限時間":60,"手数料":300,"制限事項2":"１月１日〜３日を除く","種別":"パーキング・チケット","普通車":1,"貨物用有り":1,"二輪車":0,"標章車専用有り":0,"制限事項1":"","都道府県":"東京都","区市町村":"台東区","町名":"浅草","町丁目":"浅草六丁目"},"geometry":{"type":"LineString","coordinates":[[139.801583,35.715084],[139.799661,35.715518],[139.799416,35.715575]]}},{"type":"Feature","id":1084,"properties":{"識別id":1084,"利用時間":"09:00-19:00","制限時間":60,"手数料":300,"制限事項1":"日曜・休日を除く","制限事項2":"１月１日〜３日を除く","種別":"パーキング・メーター","普通車":1,"貨物用有り":0,"二輪車":0,"標章車専用有り":0,"都道府県":"東京都","区市町村":"北区","町名":"赤羽西","町丁目":"赤羽西一丁目"},"geometry":{"type":"LineString","coordinates":[[139.719329,35.778334],[139.719101,35.778164],[139.718657,35.777725]]}},{"type":"Feature","id":1085,"properties":{"識別id":1085,"利用時間":"09:00-19:00","制限時間":60,"手数料":300,"制限事項1":"日曜・休日を除く","制限事項2":"１月１日〜３日を除く","種別":"パーキング・チケット","普通車":1,"貨物用有り":1,"二輪車":0,"標章車専用有り":0,"都道府県":"東京都","区市町村":"板橋区","町名":"徳丸","町丁目":"徳丸八丁目"},"geometry":{"type":"MultiLineString","coordinates":[[[139.657796,35.783028],[139.654335,35.783956]],[[139.654427,35.784192],[139.657954,35.783258]]]}},{"type":"Feature","id":1087,"properties":{"識別id":1087,"利用時間":"09:00-20:00","制限時間":60,"手数料":100,"制限事項2":"１月１日〜３日を除く","種別":"パーキング・チケット","普通車":0,"貨物用有り":0,"二輪車":1,"標章車専用有り":0,"制限事項1":"","都道府県":"東京都","区市町村":"港区","町名":"北青山","町丁目":"北青山三丁目"},"geometry":{"type":"MultiLineString","coordinates":[[[139.710685,35.666129],[139.712462,35.665304]],[[139.712329,35.66518],[139.711447,35.665603],[139.710558,35.666021]]]}},{"type":"Feature","id":1090,"properties":{"識別id":1090,"利用時間":"09:00-20:00","制限時間":60,"手数料":300,"制限事項2":"１月１日〜３日を除く","種別":"パーキング・チケット","普通車":1,"貨物用有り":0,"二輪車":0,"標章車専用有り":0,"制限事項1":"","都道府県":"東京都","区市町村":"渋谷区","町名":"神宮前","町丁目":"神宮前一丁目"},"geometry":{"type":"LineString","coordinates":[[139.702794,35.669992],[139.702827,35.670154],[139.702844,35.670299],[139.702852,35.670426],[139.702835,35.670649],[139.702808,35.670715],[139.702812,35.670903],[139.702849,35.67108],[139.702963,35.671446],[139.703005,35.671607],[139.703064,35.671872],[139.703159,35.672103],[139.703334,35.672452],[139.703434,35.672716]]}},{"type":"Feature","id":1091,"properties":{"識別id":1091,"利用時間":"07:00-20:00","制限時間":20,"手数料":100,"制限事項2":"１月１日〜３日を除く","種別":"パーキング・メーター","普通車":1,"貨物用有り":0,"二輪車":0,"標章車専用有り":0,"制限事項1":"","都道府県":"東京都","区市町村":"渋谷区","町名":"渋谷","町丁目":"渋谷三丁目"},"geometry":{"type":"LineString","coordinates":[[139.70596,35.655723],[139.705462,35.656104]]}},{"type":"Feature","id":1092,"properties":{"識別id":1092,"利用時間":"09:00-19:00","制限時間":20,"手数料":100,"制限事項2":"１月１日〜３日を除く","種別":"パーキング・メーター","普通車":1,"貨物用有り":0,"二輪車":0,"標章車専用有り":0,"制限事項1":"","都道府県":"東京都","区市町村":"新宿区","町名":"西新宿","町丁目":"西新宿一丁目"},"geometry":{"type":"LineString","coordinates":[[139.696434,35.690004],[139.696482,35.689381]]}},{"type":"Feature","id":1094,"properties":{"識別id":1094,"利用時間":"09:00-19:00","制限時間":20,"手数料":100,"制限事項2":"１月１日〜３日を除く","種別":"パーキング・メーター","普通車":1,"貨物用有り":0,"二輪車":0,"標章車専用有り":0,"制限事項1":"","都道府県":"東京都","区市町村":"千代田区","町名":"有楽町","町丁目":"有楽町一丁目"},"geometry":{"type":"LineString","coordinates":[[139.761174,35.67529],[139.76046,35.675448]]}},{"type":"Feature","id":1095,"properties":{"識別id":1095,"利用時間":"08:00-20:00","制限時間":20,"手数料":100,"制限事項2":"１月１日〜３日を除く","種別":"パーキング・メーター","普通車":1,"貨物用有り":0,"二輪車":0,"標章車専用有り":0,"制限事項1":"","都道府県":"東京都","区市町村":"千代田区","町名":"神田神保町","町丁目":"神田神保町二丁目"},"geometry":{"type":"LineString","coordinates":[[139.757153,35.69604],[139.757426,35.696044]]}},{"type":"Feature","id":1096,"properties":{"識別id":1096,"利用時間":"08:00-20:00","制限時間":20,"手数料":100,"制限事項2":"１月１日〜３日を除く","種別":"パーキング・メーター","普通車":1,"貨物用有り":1,"二輪車":0,"標章車専用有り":0,"制限事項1":"","都道府県":"東京都","区市町村":"千代田区","町名":"神田三崎町","町丁目":"神田三崎町二丁目"},"geometry":{"type":"LineString","coordinates":[[139.752274,35.701707],[139.752459,35.70137]]}},{"type":"Feature","id":1100,"properties":{"識別id":1100,"利用時間":"09:00-19:00","制限時間":20,"手数料":100,"制限事項1":"日曜・休日を除く","制限事項2":"１月１日〜３日を除く","種別":"パーキング・メーター","普通車":1,"貨物用有り":0,"二輪車":0,"標章車専用有り":0,"都道府県":"東京都","区市町村":"港区","町名":"新橋","町丁目":"新橋二丁目"},"geometry":{"type":"LineString","coordinates":[[139.757561,35.6676],[139.757422,35.667337]]}},{"type":"Feature","id":1101,"properties":{"識別id":1101,"利用時間":"09:00-21:00","制限時間":20,"手数料":100,"制限事項2":"１月１日〜３日を除く","種別":"パーキング・メーター","普通車":1,"貨物用有り":0,"二輪車":0,"標章車専用有り":0,"制限事項1":"","都道府県":"東京都","区市町村":"中央区","町名":"銀座","町丁目":"銀座一丁目"},"geometry":{"type":"LineString","coordinates":[[139.766756,35.675349],[139.766145,35.675543]]}},{"type":"Feature","id":1103,"properties":{"識別id":1103,"利用時間":"09:00-21:00","制限時間":20,"手数料":100,"制限事項2":"１月１日〜３日を除く","種別":"パーキング・メーター","普通車":1,"貨物用有り":0,"二輪車":0,"標章車専用有り":0,"制限事項1":"","都道府県":"東京都","区市町村":"港区","町名":"南青山","町丁目":"南青山五丁目"},"geometry":{"type":"LineString","coordinates":[[139.710859,35.663103],[139.711793,35.662583]]}},{"type":"Feature","id":1104,"properties":{"識別id":1104,"利用時間":"07:00-20:00","制限時間":20,"手数料":100,"制限事項1":"日曜・休日を除く","制限事項2":"１月１日〜３日を除く","種別":"パーキング・メーター","普通車":1,"貨物用有り":0,"二輪車":0,"標章車専用有り":0,"都道府県":"東京都","区市町村":"新宿区","町名":"新宿","町丁目":"新宿三丁目"},"geometry":{"type":"LineString","coordinates":[[139.702106,35.692158],[139.702496,35.691973]]}},{"type":"Feature","id":1105,"properties":{"識別id":1105,"利用時間":"09:00-19:00","制限時間":20,"手数料":100,"制限事項2":"１月１日〜３日を除く","種別":"パーキング・メーター","普通車":1,"貨物用有り":0,"二輪車":0,"標章車専用有り":0,"制限事項1":"","都道府県":"東京都","区市町村":"中野区","町名":"新井","町丁目":"新井二丁目"},"geometry":{"type":"LineString","coordinates":[[139.665355,35.711181],[139.665547,35.711891]]}},{"type":"Feature","id":1106,"properties":{"識別id":1106,"利用時間":"09:00-19:00","制限時間":20,"手数料":100,"制限事項1":"日曜・休日を除く","制限事項2":"１月１日〜３日を除く","種別":"パーキング・メーター","普通車":1,"貨物用有り":0,"二輪車":0,"標章車専用有り":0,"都道府県":"東京都","区市町村":"文京区","町名":"白山","町丁目":"白山二丁目"},"geometry":{"type":"LineString","coordinates":[[139.745727,35.716776],[139.745554,35.716858],[139.74537,35.716946],[139.745277,35.71699],[139.744826,35.717179],[139.744716,35.717212]]}},{"type":"Feature","id":1107,"properties":{"識別id":1107,"利用時間":"09:00-19:00","制限時間":20,"手数料":100,"制限事項2":"１月１日〜３日を除く","種別":"パーキング・メーター","普通車":1,"貨物用有り":0,"二輪車":0,"標章車専用有り":0,"制限事項1":"","都道府県":"東京都","区市町村":"豊島区","町名":"西池袋","町丁目":"西池袋五丁目"},"geometry":{"type":"LineString","coordinates":[[139.706123,35.731929],[139.705816,35.73201],[139.705616,35.732093]]}},{"type":"Feature","id":1109,"properties":{"識別id":1109,"利用時間":"09:00-19:00","制限時間":20,"手数料":100,"制限事項1":"日曜・休日を除く","制限事項2":"１月１日〜３日を除く","種別":"パーキング・メーター","普通車":1,"貨物用有り":0,"二輪車":0,"標章車専用有り":0,"都道府県":"東京都","区市町村":"豊島区","町名":"南大塚","町丁目":"南大塚二丁目"},"geometry":{"type":"LineString","coordinates":[[139.730619,35.729811],[139.730389,35.730014],[139.73023,35.730149],[139.730058,35.730339]]}},{"type":"Feature","id":1110,"properties":{"識別id":1110,"利用時間":"09:00-19:00","制限時間":20,"手数料":100,"制限事項1":"日曜・休日を除く","制限事項2":"１月１日〜３日を除く","種別":"パーキング・メーター","普通車":1,"貨物用有り":0,"二輪車":0,"標章車専用有り":0,"都道府県":"東京都","区市町村":"文京区","町名":"本郷","町丁目":"本郷三丁目"},"geometry":{"type":"LineString","coordinates":[[139.762518,35.705794],[139.762385,35.705434]]}},{"type":"Feature","id":1111,"properties":{"識別id":1111,"利用時間":"09:00-19:00","制限時間":20,"手数料":100,"制限事項1":"日曜・休日を除く","制限事項2":"１月１日〜３日を除く","種別":"パーキング・メーター","普通車":1,"貨物用有り":0,"二輪車":0,"標章車専用有り":0,"都道府県":"東京都","区市町村":"文京区","町名":"大塚","町丁目":"大塚三丁目"},"geometry":{"type":"LineString","coordinates":[[139.734576,35.720205],[139.73471,35.719799],[139.734802,35.719585],[139.734926,35.719396],[139.734995,35.719259]]}},{"type":"Feature","id":1112,"properties":{"識別id":1112,"利用時間":"10:00-20:00","制限時間":60,"手数料":300,"制限事項1":"日曜・休日を除く","制限事項2":"１月１日〜３日を除く","種別":"パーキング・チケット","普通車":1,"貨物用有り":1,"二輪車":0,"標章車専用有り":0,"都道府県":"東京都","区市町村":"江東区","町名":"東陽","町丁目":"東陽三丁目"},"geometry":{"type":"MultiLineString","coordinates":[[[139.809236,35.669394],[139.81198,35.669455]],[[139.811971,35.669296],[139.810861,35.669254],[139.808997,35.669229]]]}},{"type":"Feature","id":1114,"properties":{"識別id":1114,"利用時間":"09:00-19:00","制限時間":60,"手数料":300,"制限事項1":"日曜・休日を除く","制限事項2":"１月１日〜３日を除く","種別":"パーキング・チケット","普通車":1,"貨物用有り":1,"二輪車":0,"標章車専用有り":0,"都道府県":"東京都","区市町村":"荒川区","町名":"東日暮里","町丁目":"東日暮里五丁目"},"geometry":{"type":"LineString","coordinates":[[139.773351,35.728401],[139.775268,35.726378],[139.775624,35.72604],[139.77853,35.724173]]}},{"type":"Feature","id":1115,"properties":{"識別id":1115,"利用時間":"09:00-19:00","制限時間":60,"手数料":300,"制限事項1":"日曜・休日を除く","制限事項2":"１月１日〜３日を除く","種別":"パーキング・チケット","普通車":1,"貨物用有り":0,"二輪車":0,"標章車専用有り":0,"都道府県":"東京都","区市町村":"荒川区","町名":"東日暮里","町丁目":"東日暮里五丁目"},"geometry":{"type":"LineString","coordinates":[[139.778458,35.724009],[139.776324,35.72542],[139.775357,35.726058],[139.774712,35.726765],[139.774246,35.727256]]}},{"type":"Feature","id":1118,"properties":{"識別id":1118,"利用時間":"09:00-19:00","制限時間":60,"手数料":300,"制限事項1":"日曜・休日を除く","制限事項2":"１月１日〜３日を除く","種別":"パーキング・メーター","普通車":1,"貨物用有り":0,"二輪車":0,"標章車専用有り":0,"都道府県":"東京都","区市町村":"港区","町名":"新橋","町丁目":"新橋六丁目"},"geometry":{"type":"LineString","coordinates":[[139.75378,35.664342],[139.752709,35.662117],[139.752107,35.660871]]}},{"type":"Feature","id":1119,"properties":{"識別id":1119,"利用時間":"09:00-19:00","制限時間":60,"手数料":300,"制限事項1":"日曜・休日を除く","制限事項2":"１月１日〜３日を除く","種別":"パーキング・メーター","普通車":1,"貨物用有り":1,"二輪車":0,"標章車専用有り":0,"都道府県":"東京都","区市町村":"港区","町名":"新橋","町丁目":"新橋二丁目"},"geometry":{"type":"MultiLineString","coordinates":[[[139.75499,35.665221],[139.755291,35.6658],[139.755643,35.666482],[139.756368,35.667959]],[[139.75644,35.667912],[139.755717,35.666444],[139.755366,35.665781],[139.755069,35.665206]]]}},{"type":"Feature","id":1122,"properties":{"識別id":1122,"利用時間":"09:00-19:00","制限時間":60,"手数料":300,"制限事項1":"日曜・休日を除く","制限事項2":"１月１日〜３日を除く","種別":"パーキング・チケット","普通車":1,"貨物用有り":1,"二輪車":0,"標章車専用有り":0,"都道府県":"東京都","区市町村":"千代田区","町名":"丸の内","町丁目":"丸の内一丁目"},"geometry":{"type":"LineString","coordinates":[[139.7655,35.678629],[139.76551,35.67863],[139.76537,35.67823],[139.76528,35.6779]]}},{"type":"Feature","id":1123,"properties":{"識別id":1123,"利用時間":"09:00-19:00","制限時間":60,"手数料":300,"制限事項1":"日曜・休日を除く","制限事項2":"１月１日〜３日を除く","種別":"パーキング・メーター","普通車":1,"貨物用有り":0,"二輪車":0,"標章車専用有り":0,"都道府県":"東京都","区市町村":"中央区","町名":"日本橋人形町","町丁目":"日本橋人形町一丁目"},"geometry":{"type":"LineString","coordinates":[[139.783625,35.684119],[139.783988,35.68432]]}},{"type":"Feature","id":1124,"properties":{"識別id":1124,"利用時間":"09:00-19:00","制限時間":20,"手数料":100,"制限事項1":"日曜・休日を除く","制限事項2":"１月１日〜３日を除く","種別":"パーキング・メーター","普通車":1,"貨物用有り":0,"二輪車":0,"標章車専用有り":0,"都道府県":"東京都","区市町村":"中央区","町名":"日本橋人形町","町丁目":"日本橋人形町二丁目"},"geometry":{"type":"MultiLineString","coordinates":[[[139.7841,35.684369],[139.784497,35.683924]],[[139.783972,35.684322],[139.784368,35.683861]]]}},{"type":"Feature","id":1127,"properties":{"識別id":1127,"利用時間":"09:30-19:00","制限時間":60,"手数料":300,"制限事項1":"日曜・休日を除く","制限事項2":"１月１日〜３日を除く","種別":"パーキング・メーター","普通車":1,"貨物用有り":1,"二輪車":0,"標章車専用有り":0,"都道府県":"東京都","区市町村":"新宿区","町名":"富久町","町丁目":"富久町"},"geometry":{"type":"MultiLineString","coordinates":[[[139.716751,35.69129],[139.716772,35.691287],[139.716932,35.691275],[139.717325,35.69134],[139.717619,35.691399],[139.721187,35.692306],[139.72123,35.692316]],[[139.721266,35.692197],[139.721204,35.692182],[139.717991,35.691358],[139.717614,35.691276],[139.717361,35.691219],[139.716958,35.691158],[139.716767,35.691175]]]}},{"type":"Feature","id":1129,"properties":{"識別id":1129,"利用時間":"09:00-19:00","制限時間":60,"手数料":300,"制限事項1":"土・日曜、休日を除く","制限事項2":"１月１日〜３日を除く","種別":"パーキング・チケット","普通車":1,"貨物用有り":0,"二輪車":0,"標章車専用有り":0,"都道府県":"東京都","区市町村":"文京区","町名":"千駄木","町丁目":"千駄木四丁目"},"geometry":{"type":"MultiLineString","coordinates":[[[139.759834,35.731387],[139.759474,35.731603],[139.759108,35.73181]],[[139.7592,35.731894],[139.759934,35.73146]]]}},{"type":"Feature","id":1131,"properties":{"識別id":1131,"利用時間":"08:00-20:00","制限時間":60,"手数料":300,"制限事項1":"日曜・休日を除く","制限事項2":"１月１日〜３日を除く","種別":"パーキング・メーター","普通車":1,"貨物用有り":0,"二輪車":0,"標章車専用有り":0,"都道府県":"東京都","区市町村":"千代田区","町名":"神田神保町","町丁目":"神田神保町一丁目"},"geometry":{"type":"LineString","coordinates":[[139.758468,35.694844],[139.759026,35.694859],[139.759094,35.694861],[139.759623,35.694887]]}},{"type":"Feature","id":1132,"properties":{"識別id":1132,"利用時間":"09:00-19:00","制限時間":60,"手数料":300,"制限事項1":"日曜・休日を除く","制限事項2":"１月１日〜３日を除く","種別":"パーキング・メーター","普通車":1,"貨物用有り":0,"二輪車":0,"標章車専用有り":0,"都道府県":"東京都","区市町村":"豊島区","町名":"北大塚","町丁目":"北大塚二丁目"},"geometry":{"type":"MultiLineString","coordinates":[[[139.729122,35.732703],[139.728723,35.73311],[139.728472,35.733371],[139.727952,35.733952],[139.727869,35.73407],[139.727603,35.734427],[139.727321,35.734741],[139.727107,35.734969]],[[139.727189,35.735005],[139.727358,35.734822],[139.727537,35.734639],[139.727744,35.734401],[139.727824,35.734301],[139.728007,35.73403],[139.72852,35.733456],[139.728648,35.733328],[139.729176,35.732782]]]}},{"type":"Feature","id":1134,"properties":{"識別id":1134,"利用時間":"09:00-19:00","制限時間":60,"手数料":300,"制限事項1":"日曜・休日を除く","制限事項2":"１月１日〜３日を除く","種別":"パーキング・チケット","普通車":1,"貨物用有り":1,"二輪車":0,"標章車専用有り":0,"都道府県":"東京都","区市町村":"中央区","町名":"築地","町丁目":"築地一丁目"},"geometry":{"type":"LineString","coordinates":[[139.769966,35.669183],[139.77092,35.668505],[139.772019,35.667746]]}},{"type":"Feature","id":1135,"properties":{"識別id":1135,"利用時間":"09:00-19:00","制限時間":60,"手数料":300,"制限事項1":"日曜・休日を除く","制限事項2":"１月１日〜３日を除く","種別":"パーキング・チケット","普通車":1,"貨物用有り":1,"二輪車":0,"標章車専用有り":0,"都道府県":"東京都","区市町村":"中央区","町名":"築地","町丁目":"築地三丁目"},"geometry":{"type":"LineString","coordinates":[[139.77472,35.66741],[139.77436,35.66765],[139.77406,35.66785],[139.774,35.66789],[139.773671,35.668117],[139.773688,35.668113],[139.773683,35.668113]]}},{"type":"Feature","id":1136,"properties":{"識別id":1136,"利用時間":"09:00-19:00","制限時間":60,"手数料":300,"制限事項1":"日曜・休日を除く","制限事項2":"１月１日〜３日を除く","種別":"パーキング・メーター","普通車":1,"貨物用有り":0,"二輪車":0,"標章車専用有り":0,"都道府県":"東京都","区市町村":"中央区","町名":"日本橋堀留町","町丁目":"日本橋堀留町二丁目"},"geometry":{"type":"LineString","coordinates":[[139.781102,35.688583],[139.781454,35.688179],[139.781813,35.687787],[139.781935,35.687645]]}},{"type":"Feature","id":1137,"properties":{"識別id":1137,"利用時間":"09:00-19:00","制限時間":60,"手数料":300,"制限事項1":"日曜・休日を除く","制限事項2":"１月１日〜３日を除く","種別":"パーキング・チケット","普通車":1,"貨物用有り":1,"二輪車":0,"標章車専用有り":0,"都道府県":"東京都","区市町村":"港区","町名":"南麻布","町丁目":"南麻布四丁目"},"geometry":{"type":"MultiLineString","coordinates":[[[139.725634,35.646786],[139.726835,35.646855],[139.727829,35.646879]],[[139.72788,35.646707],[139.727771,35.646676],[139.727437,35.646638],[139.72626,35.646615],[139.72576,35.646582]]]}},{"type":"Feature","id":1139,"properties":{"識別id":1139,"利用時間":"07:00-20:00","制限時間":60,"手数料":300,"制限事項1":"日曜・休日を除く","制限事項2":"１月１日〜３日を除く","種別":"パーキング・メーター","普通車":1,"貨物用有り":1,"二輪車":0,"標章車専用有り":0,"都道府県":"東京都","区市町村":"千代田区","町名":"神田須田町","町丁目":"神田須田町二丁目"},"geometry":{"type":"MultiLineString","coordinates":[[[139.775268,35.696494],[139.774818,35.696514],[139.774257,35.696531],[139.773745,35.696546],[139.773217,35.696565],[139.772729,35.6966],[139.772101,35.696652],[139.771401,35.696711],[139.77119,35.696731],[139.770987,35.69677]],[[139.775257,35.696572],[139.774809,35.696583],[139.773732,35.69662],[139.773204,35.696637],[139.772652,35.696681],[139.772064,35.69673],[139.771512,35.696775],[139.771185,35.696812],[139.771008,35.696846]]]}},{"type":"Feature","id":1141,"properties":{"識別id":1141,"利用時間":"07:00-20:00","制限時間":60,"手数料":300,"制限事項2":"１月１日〜３日を除く","種別":"パーキング・チケット","普通車":1,"貨物用有り":0,"二輪車":0,"標章車専用有り":0,"制限事項1":"","都道府県":"東京都","区市町村":"千代田区","町名":"神田須田町","町丁目":"神田須田町一丁目"},"geometry":{"type":"LineString","coordinates":[[139.769861,35.696494],[139.770529,35.696726]]}},{"type":"Feature","id":1144,"properties":{"識別id":1144,"利用時間":"09:00-21:00","制限時間":60,"手数料":100,"制限事項2":"１月１日〜３日を除く","種別":"パーキング・チケット","普通車":0,"貨物用有り":0,"二輪車":1,"標章車専用有り":0,"制限事項1":"","都道府県":"東京都","区市町村":"中央区","町名":"銀座","町丁目":"銀座八丁目"},"geometry":{"type":"LineString","coordinates":[[139.760642,35.667768],[139.760251,35.6679]]}},{"type":"Feature","id":2006,"properties":{"識別id":2006,"利用時間":"09:00-19:00","制限時間":60,"手数料":300,"制限事項1":"日曜・休日を除く","制限事項2":"１月１日〜３日を除く","種別":"パーキング・メーター","普通車":1,"貨物用有り":1,"二輪車":0,"標章車専用有り":0,"都道府県":"東京都","区市町村":"港区","町名":"浜松町","町丁目":"浜松町二丁目"},"geometry":{"type":"LineString","coordinates":[[139.755304,35.656658],[139.755122,35.655521]]}},{"type":"Feature","id":2007,"properties":{"識別id":2007,"利用時間":"09:00-19:00","制限時間":60,"手数料":100,"制限事項2":"１月１日〜３日を除く","種別":"パーキング・チケット","普通車":0,"貨物用有り":0,"二輪車":1,"標章車専用有り":0,"制限事項1":"","都道府県":"東京都","区市町村":"立川市","町名":"曙町","町丁目":"曙町二丁目"},"geometry":{"type":"LineString","coordinates":[[139.412288,35.699385],[139.412422,35.699108]]}},{"type":"Feature","id":2064,"properties":{"識別id":2064,"利用時間":"07:00-20:00","制限時間":60,"手数料":300,"制限事項2":"１月１日〜３日を除く","種別":"パーキング・メーター","普通車":1,"貨物用有り":0,"二輪車":0,"標章車専用有り":0,"制限事項1":"","都道府県":"東京都","区市町村":"千代田区","町名":"東神田","町丁目":"東神田二丁目"},"geometry":{"type":"LineString","coordinates":[[139.780157,35.696391],[139.781241,35.696316]]}},{"type":"Feature","id":2099,"properties":{"識別id":2099,"利用時間":"07:00-20:00","制限時間":60,"手数料":300,"制限事項2":"１月１日〜３日を除く","種別":"パーキング・メーター","普通車":1,"貨物用有り":0,"二輪車":0,"標章車専用有り":0,"制限事項1":"","都道府県":"東京都","区市町村":"中央区","町名":"日本橋馬喰町","町丁目":"日本橋馬喰町二丁目"},"geometry":{"type":"LineString","coordinates":[[139.782113,35.696226],[139.782559,35.696161]]}},{"type":"Feature","id":2100,"properties":{"識別id":2100,"利用時間":"09:00-19:00","制限時間":60,"手数料":300,"制限事項1":"日曜・休日を除く","制限事項2":"１月１日〜３日を除く","種別":"パーキング・チケット","普通車":1,"貨物用有り":0,"二輪車":0,"標章車専用有り":0,"都道府県":"東京都","区市町村":"千代田区","町名":"大手町","町丁目":"大手町一丁目"},"geometry":{"type":"LineString","coordinates":[[139.75907,35.690972],[139.760108,35.690992],[139.760266,35.690987],[139.760689,35.690983]]}},{"type":"Feature","id":2101,"properties":{"識別id":2101,"利用時間":"09:00-19:00","制限時間":60,"手数料":300,"制限事項1":"日曜・休日を除く","制限事項2":"１月１日〜３日を除く","種別":"パーキング・チケット","普通車":1,"貨物用有り":1,"二輪車":0,"標章車専用有り":0,"都道府県":"東京都","区市町村":"板橋区","町名":"高島平","町丁目":"高島平七丁目"},"geometry":{"type":"LineString","coordinates":[[139.655736,35.791497],[139.657809,35.791082],[139.660226,35.790622],[139.660228,35.790622]]}},{"type":"Feature","id":2102,"properties":{"識別id":2102,"利用時間":"09:00-19:00","制限時間":60,"手数料":300,"制限事項1":"日曜・休日を除く","制限事項2":"１月１日〜３日を除く","種別":"パーキング・チケット","普通車":1,"貨物用有り":1,"二輪車":0,"標章車専用有り":0,"都道府県":"東京都","区市町村":"板橋区","町名":"高島平","町丁目":"高島平七丁目"},"geometry":{"type":"LineString","coordinates":[[139.660193,35.790551],[139.655684,35.791437]]}},{"type":"Feature","id":2103,"properties":{"識別id":2103,"利用時間":"09:00-19:00","制限時間":60,"手数料":300,"制限事項1":"日曜・休日を除く","制限事項2":"１月１日〜３日を除く","種別":"パーキング・チケット","普通車":1,"貨物用有り":0,"二輪車":0,"標章車専用有り":0,"都道府県":"東京都","区市町村":"文京区","町名":"春日","町丁目":"春日一丁目"},"geometry":{"type":"LineString","coordinates":[[139.748102,35.706931],[139.749609,35.707044],[139.751074,35.706983]]}},{"type":"Feature","id":2104,"properties":{"識別id":2104,"利用時間":"09:00-19:00","制限時間":60,"手数料":300,"制限事項1":"日曜・休日を除く","制限事項2":"１月１日〜３日を除く","種別":"パーキング・チケット","普通車":1,"貨物用有り":0,"二輪車":0,"標章車専用有り":0,"都道府県":"東京都","区市町村":"文京区","町名":"春日","町丁目":"春日一丁目"},"geometry":{"type":"LineString","coordinates":[[139.748311,35.706853],[139.749759,35.706949],[139.750934,35.706888]]}},{"type":"Feature","id":2105,"properties":{"識別id":2105,"利用時間":"09:00-19:00","制限時間":60,"手数料":300,"制限事項1":"日曜・休日を除く","制限事項2":"１月１日〜３日を除く","種別":"パーキング・メーター","普通車":1,"貨物用有り":0,"二輪車":0,"標章車専用有り":0,"都道府県":"東京都","区市町村":"北区","町名":"中十条","町丁目":"中十条一丁目"},"geometry":{"type":"LineString","coordinates":[[139.72261,35.75936],[139.72328,35.75925],[139.72362,35.7592],[139.72394,35.75912],[139.72512,35.75875],[139.72561,35.75861],[139.72629,35.75841],[139.7278,35.75845],[139.7286,35.75848],[139.72901,35.75849],[139.72921,35.75849],[139.72941,35.75848],[139.72956,35.75843],[139.72969,35.75836],[139.72979,35.75827],[139.72987,35.75816],[139.73047,35.7571],[139.73086,35.75653],[139.73127,35.75599],[139.73219,35.75493],[139.73252,35.75455],[139.73257,35.7545],[139.732584,35.754485],[139.732594,35.75447],[139.73261,35.75445],[139.732637,35.754426],[139.73266,35.7544],[139.73276,35.7543],[139.7328,35.75427],[139.73287,35.75421],[139.732885,35.754201],[139.732899,35.75419]]}},{"type":"Feature","id":2106,"properties":{"識別id":2106,"利用時間":"09:00-19:00","制限時間":60,"手数料":300,"制限事項1":"日曜・休日を除く","制限事項2":"１月１日〜３日を除く","種別":"パーキング・メーター","普通車":1,"貨物用有り":0,"二輪車":0,"標章車専用有り":0,"都道府県":"東京都","区市町村":"北区","町名":"中十条","町丁目":"中十条一丁目"},"geometry":{"type":"LineString","coordinates":[[139.724009,35.759025],[139.725135,35.758676],[139.726142,35.758367],[139.726196,35.758356],[139.726265,35.758344],[139.726339,35.758342],[139.729258,35.758426],[139.729346,35.758416],[139.729429,35.758393],[139.729578,35.758334],[139.729684,35.758261],[139.729749,35.758195],[139.7298,35.75813],[139.729927,35.757918],[139.730222,35.757372],[139.730369,35.75711],[139.730455,35.756977],[139.730543,35.756847],[139.731049,35.756149],[139.731341,35.755769],[139.731599,35.755466],[139.731991,35.755042],[139.732166,35.754821],[139.732307,35.754668],[139.732429,35.754527]]}},{"type":"Feature","id":2108,"properties":{"識別id":2108,"利用時間":"09:00-19:00","制限時間":60,"手数料":300,"制限事項1":"日曜・休日を除く","制限事項2":"１月１日〜３日を除く","種別":"パーキング・メーター","普通車":1,"貨物用有り":0,"二輪車":0,"標章車専用有り":0,"都道府県":"東京都","区市町村":"北区","町名":"上十条","町丁目":"上十条二丁目"},"geometry":{"type":"LineString","coordinates":[[139.719312,35.760658],[139.719784,35.760445]]}},{"type":"Feature","id":2109,"properties":{"識別id":2109,"利用時間":"09:00-19:00","制限時間":60,"手数料":300,"制限事項1":"日曜・休日を除く","制限事項2":"１月１日〜３日を除く","種別":"パーキング・メーター","普通車":1,"貨物用有り":0,"二輪車":0,"標章車専用有り":0,"都道府県":"東京都","区市町村":"北区","町名":"上十条","町丁目":"上十条二丁目"},"geometry":{"type":"LineString","coordinates":[[139.719344,35.760711],[139.719896,35.760458]]}},{"type":"Feature","id":2111,"properties":{"識別id":2111,"利用時間":"09:00-19:00","制限時間":60,"手数料":300,"制限事項1":"日曜・休日を除く","制限事項2":"１月１日〜３日を除く","種別":"パーキング・メーター","普通車":1,"貨物用有り":0,"二輪車":0,"標章車専用有り":0,"都道府県":"東京都","区市町村":"中央区","町名":"京橋","町丁目":"京橋一丁目"},"geometry":{"type":"LineString","coordinates":[[139.773123,35.678087],[139.772905,35.678179]]}},{"type":"Feature","id":2113,"properties":{"識別id":2113,"利用時間":"09:30-19:00","制限時間":60,"手数料":300,"制限事項1":"日曜・休日を除く","制限事項2":"１月１日〜３日を除く","種別":"パーキング・メーター","普通車":1,"貨物用有り":0,"二輪車":0,"標章車専用有り":0,"都道府県":"東京都","区市町村":"江東区","町名":"常盤","町丁目":"常盤二丁目"},"geometry":{"type":"LineString","coordinates":[[139.798438,35.684916],[139.798492,35.684171]]}},{"type":"Feature","id":2114,"properties":{"識別id":2114,"利用時間":"09:30-19:00","制限時間":60,"手数料":300,"制限事項1":"日曜・休日を除く","制限事項2":"１月１日〜３日を除く","種別":"パーキング・メーター","普通車":1,"貨物用有り":0,"二輪車":0,"標章車専用有り":0,"都道府県":"東京都","区市町村":"江東区","町名":"高橋","町丁目":"高橋"},"geometry":{"type":"LineString","coordinates":[[139.798547,35.685021],[139.7986,35.684158]]}},{"type":"Feature","id":2115,"properties":{"識別id":2115,"利用時間":"09:00-19:00","制限時間":60,"手数料":300,"制限事項1":"日曜・休日を除く","制限事項2":"１月１日〜３日を除く","種別":"パーキング・チケット","普通車":1,"貨物用有り":1,"二輪車":0,"標章車専用有り":0,"都道府県":"東京都","区市町村":"港区","町名":"芝","町丁目":"芝五丁目"},"geometry":{"type":"LineString","coordinates":[[139.747597,35.64881],[139.748831,35.648681]]}},{"type":"Feature","id":2116,"properties":{"識別id":2116,"利用時間":"09:00-19:00","制限時間":60,"手数料":300,"制限事項1":"日曜・休日を除く","制限事項2":"１月１日〜３日を除く","種別":"パーキング・メーター","普通車":1,"貨物用有り":0,"二輪車":0,"標章車専用有り":0,"都道府県":"東京都","区市町村":"中央区","町名":"日本橋本石町","町丁目":"日本橋本石町二丁目"},"geometry":{"type":"LineString","coordinates":[[139.770337,35.686923],[139.771109,35.685476]]}},{"type":"Feature","id":2117,"properties":{"識別id":2117,"利用時間":"09:00-19:00","制限時間":60,"手数料":300,"制限事項1":"日曜・休日を除く","制限事項2":"１月１日〜３日を除く","種別":"パーキング・メーター","普通車":1,"貨物用有り":1,"二輪車":0,"標章車専用有り":0,"都道府県":"東京都","区市町村":"江東区","町名":"毛利","町丁目":"毛利二丁目"},"geometry":{"type":"LineString","coordinates":[[139.816196,35.68909],[139.819463,35.689186]]}},{"type":"Feature","id":2118,"properties":{"識別id":2118,"利用時間":"09:00-19:00","制限時間":60,"手数料":300,"制限事項1":"日曜・休日を除く","制限事項2":"１月１日〜３日を除く","種別":"パーキング・メーター","普通車":1,"貨物用有り":1,"二輪車":0,"標章車専用有り":0,"都道府県":"東京都","区市町村":"江東区","町名":"住吉","町丁目":"住吉二丁目"},"geometry":{"type":"LineString","coordinates":[[139.81905,35.689068],[139.816443,35.68899]]}},{"type":"Feature","id":2119,"properties":{"識別id":2119,"利用時間":"09:00-21:00","制限時間":60,"手数料":300,"制限事項2":"１月１日〜３日を除く","種別":"パーキング・メーター","普通車":1,"貨物用有り":1,"二輪車":0,"標章車専用有り":0,"制限事項1":"","都道府県":"東京都","区市町村":"中央区","町名":"銀座","町丁目":"銀座一丁目"},"geometry":{"type":"LineString","coordinates":[[139.76675,35.675353],[139.767123,35.675239]]}},{"type":"Feature","id":2120,"properties":{"識別id":2120,"利用時間":"09:00-19:00","制限時間":60,"手数料":300,"制限事項1":"日曜・休日を除く","制限事項2":"１月１日〜３日を除く","種別":"パーキング・チケット","普通車":1,"貨物用有り":0,"二輪車":0,"標章車専用有り":0,"都道府県":"東京都","区市町村":"港区","町名":"芝公園","町丁目":"芝公園四丁目"},"geometry":{"type":"LineString","coordinates":[[139.74578,35.654931],[139.745984,35.654874],[139.746129,35.654835],[139.746257,35.654783],[139.746536,35.654639],[139.746762,35.65453],[139.746949,35.654451],[139.747073,35.654412],[139.747384,35.654334],[139.747684,35.65429],[139.747963,35.654268],[139.748516,35.654207],[139.749009,35.654155]]}},{"type":"Feature","id":2121,"properties":{"識別id":2121,"利用時間":"09:00-19:00","制限時間":60,"手数料":300,"制限事項1":"日曜・休日を除く","制限事項2":"１月１日〜３日を除く","種別":"パーキング・チケット","普通車":1,"貨物用有り":0,"二輪車":0,"標章車専用有り":0,"都道府県":"東京都","区市町村":"港区","町名":"芝公園","町丁目":"芝公園四丁目"},"geometry":{"type":"LineString","coordinates":[[139.749615,35.653863],[139.748779,35.653954],[139.748478,35.653989],[139.747947,35.654046],[139.747507,35.654094],[139.747346,35.654129],[139.747073,35.654203]]}},{"type":"Feature","id":2122,"properties":{"識別id":2122,"利用時間":"09:00-19:00","制限時間":60,"手数料":300,"制限事項1":"日曜・休日を除く","制限事項2":"１月１日〜３日を除く","種別":"パーキング・チケット","普通車":1,"貨物用有り":0,"二輪車":0,"標章車専用有り":0,"都道府県":"東京都","区市町村":"港区","町名":"芝公園","町丁目":"芝公園四丁目"},"geometry":{"type":"LineString","coordinates":[[139.746857,35.658164],[139.746648,35.657811],[139.746423,35.657488],[139.746192,35.657157],[139.746004,35.656843],[139.745924,35.656708],[139.74586,35.656503],[139.745817,35.656355],[139.745806,35.656181],[139.74579,35.655985]]}},{"type":"Feature","id":2123,"properties":{"識別id":2123,"利用時間":"09:00-19:00","制限時間":60,"手数料":300,"制限事項1":"日曜・休日を除く","制限事項2":"１月１日〜３日を除く","種別":"パーキング・チケット","普通車":1,"貨物用有り":1,"二輪車":0,"標章車専用有り":0,"都道府県":"東京都","区市町村":"港区","町名":"芝公園","町丁目":"芝公園四丁目"},"geometry":{"type":"LineString","coordinates":[[139.747024,35.658029],[139.746498,35.657245],[139.746375,35.657071],[139.746198,35.656792],[139.746117,35.656609],[139.746031,35.656321],[139.74601,35.656103],[139.746015,35.655885],[139.745999,35.65579],[139.745986,35.655739]]}},{"type":"Feature","id":2126,"properties":{"識別id":2126,"利用時間":"07:00-20:00","制限時間":60,"手数料":300,"制限事項2":"１月１日〜３日を除く","種別":"パーキング・チケット","普通車":1,"貨物用有り":1,"二輪車":0,"標章車専用有り":0,"制限事項1":"","都道府県":"東京都","区市町村":"渋谷区","町名":"神宮前","町丁目":"神宮前一丁目"},"geometry":{"type":"LineString","coordinates":[[139.706355,35.676492],[139.706806,35.674862],[139.707342,35.674113],[139.708029,35.672649],[139.708059,35.672328]]}},{"type":"Feature","id":2127,"properties":{"識別id":2127,"利用時間":"07:00-20:00","制限時間":60,"手数料":300,"制限事項2":"１月１日〜３日を除く","種別":"パーキング・チケット","普通車":1,"貨物用有り":0,"二輪車":0,"標章車専用有り":0,"制限事項1":"","都道府県":"東京都","区市町村":"渋谷区","町名":"神宮前","町丁目":"神宮前三丁目"},"geometry":{"type":"LineString","coordinates":[[139.70801,35.671761],[139.707388,35.671039]]}},{"type":"Feature","id":2128,"properties":{"識別id":2128,"利用時間":"07:00-20:00","制限時間":60,"手数料":300,"制限事項2":"１月１日〜３日を除く","種別":"パーキング・チケット","普通車":1,"貨物用有り":1,"二輪車":0,"標章車専用有り":0,"制限事項1":"","都道府県":"東京都","区市町村":"渋谷区","町名":"神宮前","町丁目":"神宮前一丁目"},"geometry":{"type":"LineString","coordinates":[[139.707025,35.67077],[139.706711,35.670284]]}},{"type":"Feature","id":2130,"properties":{"識別id":2130,"利用時間":"09:00-19:00","制限時間":60,"手数料":100,"制限事項2":"１月１日〜３日を除く","種別":"パーキング・チケット","普通車":0,"貨物用有り":0,"二輪車":1,"標章車専用有り":0,"制限事項1":"","都道府県":"東京都","区市町村":"台東区","町名":"上野","町丁目":"上野七丁目"},"geometry":{"type":"LineString","coordinates":[[139.778963,35.715142],[139.77921,35.715477]]}},{"type":"Feature","id":2132,"properties":{"識別id":2132,"利用時間":"08:00-20:00","制限時間":60,"手数料":300,"制限事項2":"１月１日〜３日を除く","種別":"パーキング・メーター","普通車":1,"貨物用有り":1,"二輪車":0,"標章車専用有り":0,"制限事項1":"","都道府県":"東京都","区市町村":"千代田区","町名":"神田錦町","町丁目":"神田錦町三丁目"},"geometry":{"type":"MultiLineString","coordinates":[[[139.759832,35.691698],[139.760765,35.691744]],[[139.75981,35.69156],[139.76081,35.6916]]]}},{"type":"Feature","id":2133,"properties":{"識別id":2133,"利用時間":"07:00-20:00","制限時間":40,"手数料":200,"制限事項1":"日曜・休日を除く","制限事項2":"１月１日〜３日を除く","種別":"パーキング・メーター","普通車":1,"貨物用有り":1,"二輪車":0,"標章車専用有り":0,"都道府県":"東京都","区市町村":"新宿区","町名":"新宿","町丁目":"新宿三丁目"},"geometry":{"type":"LineString","coordinates":[[139.700453,35.693169],[139.700498,35.69298],[139.700552,35.692827],[139.700623,35.692663],[139.700674,35.692607],[139.700737,35.692563]]}},{"type":"Feature","id":2134,"properties":{"識別id":2134,"利用時間":"09:00-19:00","制限時間":60,"手数料":300,"制限事項1":"日曜・休日を除く","制限事項2":"１月１日〜３日を除く","種別":"パーキング・チケット","普通車":1,"貨物用有り":1,"二輪車":0,"標章車専用有り":0,"都道府県":"東京都","区市町村":"練馬区","町名":"光が丘","町丁目":"光が丘三丁目"},"geometry":{"type":"LineString","coordinates":[[139.625517,35.758592],[139.628886,35.758618],[139.628875,35.758618]]}},{"type":"Feature","id":2136,"properties":{"識別id":2136,"利用時間":"09:00-19:00","制限時間":60,"手数料":300,"制限事項1":"日曜・休日を除く","制限事項2":"１月１日〜３日を除く","種別":"パーキング・チケット","普通車":1,"貨物用有り":1,"二輪車":0,"標章車専用有り":0,"都道府県":"東京都","区市町村":"練馬区","町名":"光が丘","町丁目":"光が丘三丁目"},"geometry":{"type":"LineString","coordinates":[[139.628914,35.758431],[139.625534,35.758405]]}},{"type":"Feature","id":2142,"properties":{"識別id":2142,"利用時間":"07:00-20:00","制限時間":40,"手数料":200,"制限事項2":"１月１日〜３日を除く","種別":"パーキング・メーター","普通車":1,"貨物用有り":1,"二輪車":0,"標章車専用有り":0,"制限事項1":"","都道府県":"東京都","区市町村":"新宿区","町名":"新宿","町丁目":"新宿二丁目"},"geometry":{"type":"LineString","coordinates":[[139.707177,35.691699],[139.707193,35.691632],[139.707198,35.69159],[139.707198,35.69151],[139.707203,35.691407],[139.707209,35.691263],[139.707161,35.691006]]}},{"type":"Feature","id":2144,"properties":{"識別id":2144,"利用時間":"09:00-19:00","制限時間":60,"手数料":300,"制限事項2":"１月１日〜３日を除く","種別":"パーキング・メーター","普通車":1,"貨物用有り":1,"二輪車":0,"標章車専用有り":0,"制限事項1":"","都道府県":"東京都","区市町村":"台東区","町名":"上野","町丁目":"上野一丁目"},"geometry":{"type":"LineString","coordinates":[[139.772065,35.707192],[139.771974,35.706434]]}},{"type":"Feature","id":2146,"properties":{"識別id":2146,"利用時間":"09:00-19:00","制限時間":60,"手数料":300,"制限事項1":"日曜・休日を除く","制限事項2":"１月１日〜３日を除く","種別":"パーキング・チケット","普通車":1,"貨物用有り":0,"二輪車":0,"標章車専用有り":0,"都道府県":"東京都","区市町村":"千代田区","町名":"神田佐久間町","町丁目":"神田佐久間町二丁目"},"geometry":{"type":"LineString","coordinates":[[139.775719,35.698772],[139.777157,35.698737]]}},{"type":"Feature","id":"osaka-6012-1","properties":{"識別id":"osaka-6012-1","都道府県":"大阪府","利用時間":"10:00-19:00","制限時間":60,"手数料":300,"制限事項1":"","制限事項2":"","種別":"パーキング・チケット","普通車":1,"貨物用有り":0,"二輪車":0,"標章車専用有り":0,"路線名":"市道南27号線","設置区間":"布施駅前交差点から足代1丁目12番1号先まで","駐車枠数":20,"貨物車枠数":0,"出典":"大阪府警察 布施警察署（令和8年3月27日現在）","区市町村":"東大阪市","町名":"長堂","町丁目":"長堂一丁目"},"geometry":{"type":"LineString","coordinates":[[135.563103,34.664414],[135.562976,34.664372],[135.561915,34.66425],[135.561923,34.664287],[135.561976,34.664539],[135.561996,34.664633]]}},{"type":"Feature","id":"osaka-6012-2","properties":{"識別id":"osaka-6012-2","都道府県":"大阪府","利用時間":"10:00-19:00","制限時間":60,"手数料":300,"制限事項1":"","制限事項2":"","種別":"パーキング・チケット","普通車":1,"貨物用有り":0,"二輪車":0,"標章車専用有り":0,"路線名":"渋川放出線","設置区間":"三ノ瀬1丁目交差点から布施駅前交差点まで","駐車枠数":44,"貨物車枠数":0,"出典":"大阪府警察 布施警察署（令和8年3月27日現在）","区市町村":"東大阪市","町名":"足代","町丁目":"足代二丁目"},"geometry":{"type":"LineString","coordinates":[[135.56314,34.661125],[135.563132,34.661346],[135.563121,34.662062],[135.563144,34.662545],[135.563178,34.663097],[135.563186,34.663223],[135.563197,34.66333],[135.563218,34.663732],[135.563217,34.663798],[135.563212,34.663959],[135.563189,34.664281],[135.563103,34.664414]]}},{"type":"Feature","id":"osaka-6014-1","properties":{"識別id":"osaka-6014-1","都道府県":"大阪府","利用時間":"09:00-20:00","制限時間":60,"手数料":300,"制限事項1":"","制限事項2":"","種別":"パーキング・チケット","普通車":1,"貨物用有り":0,"二輪車":0,"標章車専用有り":0,"路線名":"吹田駅前通り","設置区間":"高浜神社前西交差点から元町7番地先まで","駐車枠数":32,"貨物車枠数":0,"出典":"大阪府警察 吹田警察署（令和7年3月5日現在）","区市町村":"吹田市","町名":"内本町","町丁目":"内本町二丁目"},"geometry":{"type":"LineString","coordinates":[[135.526116,34.758291],[135.526009,34.758395],[135.525889,34.758554],[135.52585,34.758683],[135.52577,34.759153],[135.525722,34.759399],[135.525709,34.759509],[135.525634,34.759658],[135.525561,34.75981],[135.525484,34.759973],[135.525373,34.760209],[135.525253,34.760454],[135.524964,34.761047]]}},{"type":"Feature","id":"osaka-6014-2","properties":{"識別id":"osaka-6014-2","都道府県":"大阪府","利用時間":"09:00-20:00","制限時間":60,"手数料":300,"制限事項1":"","制限事項2":"","種別":"パーキング・チケット","普通車":1,"貨物用有り":0,"二輪車":0,"標章車専用有り":0,"路線名":"吹田駅前通り","設置区間":"吹田錦通り交差点から吹田駅南交差点まで","駐車枠数":2,"貨物車枠数":0,"出典":"大阪府警察 吹田警察署（令和7年3月5日現在）","区市町村":"吹田市","町名":"元町","町丁目":"元町"},"geometry":{"type":"LineString","coordinates":[[135.524657,34.761537],[135.524606,34.761625],[135.52454,34.761713],[135.524208,34.762141],[135.524158,34.762206],[135.524133,34.762237],[135.524101,34.762263],[135.524065,34.762286],[135.524025,34.762303],[135.523982,34.762315],[135.523937,34.762322],[135.523895,34.762325],[135.523655,34.762329],[135.523454,34.762336]]}},{"type":"Feature","id":"osaka-6016-1","properties":{"識別id":"osaka-6016-1","都道府県":"大阪府","利用時間":"08:00-20:00","制限時間":60,"手数料":300,"制限事項1":"日曜・休日を除く","制限事項2":"","種別":"パーキング・チケット","普通車":1,"貨物用有り":0,"二輪車":0,"標章車専用有り":0,"路線名":"新御堂筋（国道423号）","設置区間":"西中島4丁目1番街区南東角から西中島3丁目交差点まで","駐車枠数":13,"貨物車枠数":0,"出典":"大阪府警察 淀川警察署（令和7年3月5日現在）","区市町村":"大阪市淀川区","町名":"西中島","町丁目":"西中島一丁目"},"geometry":{"type":"LineString","coordinates":[[135.498761,34.726576],[135.498764,34.725311],[135.498776,34.72497]]}},{"type":"Feature","id":"osaka-6018-1","properties":{"識別id":"osaka-6018-1","都道府県":"大阪府","利用時間":"08:00-20:00","制限時間":60,"手数料":300,"制限事項1":"","制限事項2":"","種別":"パーキング・チケット","普通車":1,"貨物用有り":0,"二輪車":0,"標章車専用有り":0,"路線名":"南港通り","設置区間":"粉浜西1丁目4番41号先から新回生橋東交差点まで","駐車枠数":13,"貨物車枠数":0,"出典":"大阪府警察 住之江警察署（令和7年3月5日現在）","区市町村":"大阪市西成区","町名":"玉出西","町丁目":"玉出西二丁目"},"geometry":{"type":"LineString","coordinates":[[135.489254,34.623097],[135.488144,34.622881],[135.488042,34.622862]]}},{"type":"Feature","id":"osaka-6019-1","properties":{"識別id":"osaka-6019-1","都道府県":"大阪府","利用時間":"08:00-20:00","制限時間":60,"手数料":300,"制限事項1":"","制限事項2":"","種別":"パーキング・チケット","普通車":1,"貨物用有り":0,"二輪車":0,"標章車専用有り":0,"路線名":"大阪高石線","設置区間":"昭和町2丁目交差点から昭和町1丁目交差点まで","駐車枠数":16,"貨物車枠数":0,"出典":"大阪府警察 阿倍野警察署（令和7年3月5日現在）","区市町村":"大阪市阿倍野区","町名":"昭和町","町丁目":"昭和町二丁目"},"geometry":{"type":"LineString","coordinates":[[135.516572,34.631255],[135.516611,34.631528],[135.516626,34.631606],[135.51664,34.631673],[135.516698,34.631958],[135.516723,34.632042],[135.51677,34.632282],[135.51677,34.632315],[135.516813,34.632556],[135.51683,34.632674],[135.516732,34.63269],[135.516744,34.632779],[135.516762,34.63291],[135.516809,34.633156],[135.516874,34.633499],[135.516937,34.633802],[135.516956,34.63386]]}},{"type":"Feature","id":"osaka-6020-1","properties":{"識別id":"osaka-6020-1","都道府県":"大阪府","利用時間":"08:00-20:00","制限時間":60,"手数料":300,"制限事項1":"","制限事項2":"","種別":"パーキング・チケット","普通車":1,"貨物用有り":0,"二輪車":0,"標章車専用有り":0,"路線名":"生玉片江線","設置区間":"清風高校前交差点から上本町7丁目交差点まで","駐車枠数":24,"貨物車枠数":0,"出典":"大阪府警察 天王寺警察署（令和7年9月26日現在）","区市町村":"大阪市天王寺区","町名":"上之宮町","町丁目":"上之宮町"},"geometry":{"type":"LineString","coordinates":[[135.521683,34.662947],[135.521614,34.662956],[135.521083,34.663032],[135.520604,34.663101],[135.520225,34.663162],[135.520124,34.663178],[135.520019,34.663195],[135.519633,34.663252],[135.519068,34.663336],[135.518838,34.663383]]}},{"type":"Feature","id":"osaka-6020-2","properties":{"識別id":"osaka-6020-2","都道府県":"大阪府","利用時間":"08:00-20:00","制限時間":60,"手数料":300,"制限事項1":"","制限事項2":"","種別":"パーキング・チケット","普通車":1,"貨物用有り":0,"二輪車":0,"標章車専用有り":0,"路線名":"千日前通り","設置区間":"上本町6丁目交差点から下寺町交差点まで","駐車枠数":52,"貨物車枠数":0,"出典":"大阪府警察 天王寺警察署（令和7年9月26日現在）","区市町村":"大阪市中央区","町名":"谷町","町丁目":"谷町九丁目"},"geometry":{"type":"LineString","coordinates":[[135.518685,34.666176],[135.518089,34.666244],[135.517555,34.666312],[135.517097,34.66637],[135.516988,34.666384],[135.516518,34.666449],[135.516026,34.666513],[135.515854,34.666544],[135.515599,34.66659],[135.515638,34.666757],[135.515433,34.666788],[135.514529,34.666821],[135.513176,34.666883],[135.512317,34.666913],[135.511743,34.666933],[135.511358,34.666936]]}},{"type":"Feature","id":"osaka-6021-1","properties":{"識別id":"osaka-6021-1","都道府県":"大阪府","利用時間":"08:00-20:00","制限時間":60,"手数料":300,"制限事項1":"","制限事項2":"","種別":"パーキング・チケット","普通車":1,"貨物用有り":1,"二輪車":0,"標章車専用有り":0,"路線名":"難波今宮19号線","設置区間":"日本橋西1丁目交差点から難波中2丁目7番19号先まで","駐車枠数":22,"貨物車枠数":1,"出典":"大阪府警察 浪速警察署（令和8年3月27日現在）","区市町村":"大阪市浪速区","町名":"日本橋西","町丁目":"日本橋西一丁目"},"geometry":{"type":"LineString","coordinates":[[135.502817,34.65936],[135.502926,34.659778],[135.503074,34.660327],[135.503123,34.660506],[135.503251,34.661072],[135.503271,34.661158],[135.503215,34.661195],[135.50317,34.661229],[135.50317,34.661261]]}},{"type":"Feature","id":"osaka-6021-2","properties":{"識別id":"osaka-6021-2","都道府県":"大阪府","利用時間":"08:00-20:00","制限時間":60,"手数料":300,"制限事項1":"","制限事項2":"","種別":"パーキング・チケット","普通車":1,"貨物用有り":1,"二輪車":0,"標章車専用有り":0,"路線名":"堺筋","設置区間":"恵美須入路交差点から日本橋3丁目交差点まで","駐車枠数":105,"貨物車枠数":14,"出典":"大阪府警察 浪速警察署（令和8年3月27日現在）","区市町村":"大阪市浪速区","町名":"日本橋","町丁目":"日本橋四丁目"},"geometry":{"type":"LineString","coordinates":[[135.505619,34.655193],[135.505625,34.655291],[135.505629,34.655354],[135.505635,34.655483],[135.505639,34.655554],[135.505675,34.656246],[135.505682,34.656338],[135.505684,34.656446],[135.505723,34.657117],[135.505727,34.657196],[135.505732,34.657288],[135.505767,34.65813],[135.505771,34.65821],[135.505776,34.6583],[135.505801,34.658764],[135.505807,34.658846],[135.505814,34.65898],[135.505845,34.65956],[135.505852,34.659641],[135.505856,34.659736],[135.505879,34.660212],[135.505884,34.660323],[135.505888,34.660407],[135.505892,34.660509],[135.50593,34.660994],[135.505934,34.661086],[135.50594,34.661193],[135.505947,34.661367],[135.505966,34.661822],[135.505975,34.662013],[135.505984,34.66221],[135.505994,34.662865],[135.505997,34.663031]]}},{"type":"Feature","id":"osaka-6022-1","properties":{"識別id":"osaka-6022-1","都道府県":"大阪府","利用時間":"08:00-22:00","制限時間":60,"手数料":300,"制限事項1":"","制限事項2":"","種別":"パーキング・チケット","普通車":1,"貨物用有り":0,"二輪車":0,"標章車専用有り":0,"路線名":"高島屋西筋","設置区間":"難波5丁目1番60号先から難波西口交差点まで","駐車枠数":15,"貨物車枠数":0,"出典":"大阪府警察 南警察署（令和7年10月24日現在）","区市町村":"大阪市中央区","町名":"難波","町丁目":"難波五丁目"},"geometry":{"type":"LineString","coordinates":[[135.500904,34.663287],[135.500889,34.663312],[135.500612,34.663708],[135.500063,34.664516],[135.500013,34.664611],[135.499987,34.664794]]}},{"type":"Feature","id":"osaka-6022-2","properties":{"識別id":"osaka-6022-2","都道府県":"大阪府","利用時間":"08:00-20:00","制限時間":60,"手数料":300,"制限事項1":"","制限事項2":"","種別":"パーキング・チケット","普通車":1,"貨物用有り":0,"二輪車":0,"標章車専用有り":0,"路線名":"三休橋筋","設置区間":"三休橋交差点から南船場2丁目9番15号先まで","駐車枠数":14,"貨物車枠数":0,"出典":"大阪府警察 南警察署（令和7年10月24日現在）","区市町村":"大阪市中央区","町名":"南船場","町丁目":"南船場二丁目"},"geometry":{"type":"LineString","coordinates":[[135.503379,34.675013],[135.503387,34.675222],[135.503391,34.675329],[135.503391,34.675357],[135.503385,34.675906],[135.503387,34.675964],[135.503388,34.676014],[135.5034,34.676699],[135.503401,34.676755],[135.503402,34.67682],[135.503418,34.677524],[135.503418,34.677579],[135.503418,34.677626]]}},{"type":"Feature","id":"osaka-6022-3","properties":{"識別id":"osaka-6022-3","都道府県":"大阪府","利用時間":"08:00-20:00","制限時間":60,"手数料":300,"制限事項1":"","制限事項2":"","種別":"パーキング・チケット","普通車":1,"貨物用有り":1,"二輪車":0,"標章車専用有り":0,"路線名":"堺筋","設置区間":"日本橋3丁目交差点から日本橋1丁目交差点まで","駐車枠数":20,"貨物車枠数":5,"出典":"大阪府警察 南警察署（令和7年10月24日現在）","区市町村":"大阪市中央区","町名":"日本橋","町丁目":"日本橋二丁目"},"geometry":{"type":"LineString","coordinates":[[135.505997,34.663031],[135.506004,34.663261],[135.506024,34.663808],[135.506026,34.663888],[135.506028,34.663945],[135.506031,34.664001],[135.506033,34.664058],[135.506033,34.664478],[135.506032,34.664564],[135.506034,34.664638],[135.506039,34.664715],[135.506058,34.665293],[135.50606,34.665366],[135.506061,34.665441],[135.506087,34.666133],[135.50609,34.666243],[135.506091,34.666318],[135.506093,34.666385],[135.506109,34.666792],[135.506115,34.666917]]}},{"type":"Feature","id":"osaka-6022-4","properties":{"識別id":"osaka-6022-4","都道府県":"大阪府","利用時間":"08:00-19:00","制限時間":60,"手数料":300,"制限事項1":"","制限事項2":"","種別":"パーキング・チケット","普通車":1,"貨物用有り":1,"二輪車":0,"標章車専用有り":0,"路線名":"堺筋","設置区間":"日本橋1丁目交差点から堺筋鰻谷交差点まで","駐車枠数":59,"貨物車枠数":8,"出典":"大阪府警察 南警察署（令和7年10月24日現在）","区市町村":"大阪市中央区","町名":"島之内","町丁目":"島之内二丁目"},"geometry":{"type":"LineString","coordinates":[[135.506115,34.666917],[135.506119,34.66713],[135.506122,34.667267],[135.506133,34.667621],[135.506134,34.667682],[135.506136,34.667981],[135.506139,34.668228],[135.506147,34.668418],[135.506159,34.668705],[135.506161,34.668756],[135.506164,34.668867],[135.506168,34.668921],[135.506172,34.669163],[135.506172,34.669276],[135.506172,34.669345],[135.506173,34.669414],[135.50618,34.669686],[135.506194,34.670214],[135.506196,34.670264],[135.506197,34.670313],[135.506221,34.671015],[135.506223,34.671086],[135.506225,34.671147],[135.506227,34.671196],[135.506246,34.671825],[135.506249,34.671921],[135.506252,34.672018],[135.506276,34.672672],[135.506278,34.672734],[135.506279,34.672811],[135.506289,34.673481],[135.50629,34.673544],[135.506292,34.67362],[135.506304,34.674284],[135.506305,34.674345],[135.506306,34.674395],[135.506318,34.674753],[135.506321,34.674826],[135.506323,34.674879],[135.506327,34.675013],[135.506328,34.675106],[135.506332,34.675241]]}},{"type":"Feature","id":"osaka-6022-5","properties":{"識別id":"osaka-6022-5","都道府県":"大阪府","利用時間":"08:00-22:00","制限時間":60,"手数料":300,"制限事項1":"","制限事項2":"","種別":"パーキング・チケット","普通車":1,"貨物用有り":1,"二輪車":0,"標章車専用有り":0,"路線名":"千日前通り","設置区間":"下寺町交差点から難波4丁目北交差点まで","駐車枠数":90,"貨物車枠数":3,"出典":"大阪府警察 南警察署（令和7年10月24日現在）","区市町村":"大阪市中央区","町名":"日本橋","町丁目":"日本橋一丁目"},"geometry":{"type":"LineString","coordinates":[[135.511358,34.666936],[135.51064,34.666951],[135.510134,34.66697],[135.510063,34.666972],[135.510049,34.666775],[135.509164,34.666793],[135.509068,34.666795],[135.50895,34.666797],[135.508303,34.666809],[135.508055,34.666819],[135.507967,34.666821],[135.507853,34.666828],[135.507143,34.666871],[135.50706,34.666876],[135.506302,34.66691],[135.506115,34.666917],[135.505932,34.666921],[135.505605,34.666929],[135.505198,34.666942],[135.504571,34.666962],[135.504263,34.666967],[135.504194,34.666968],[135.503313,34.666991],[135.503216,34.666994],[135.502084,34.667011],[135.501415,34.667016],[135.501375,34.667017],[135.501313,34.667018],[135.500587,34.667027],[135.50053,34.667029],[135.500365,34.667037],[135.500142,34.66704],[135.499472,34.667057],[135.499414,34.667059]]}},{"type":"Feature","id":"osaka-6023-1","properties":{"識別id":"osaka-6023-1","都道府県":"大阪府","利用時間":"08:00-20:00","制限時間":60,"手数料":300,"制限事項1":"日曜・休日を除く","制限事項2":"","種別":"パーキング・チケット","普通車":1,"貨物用有り":0,"二輪車":0,"標章車専用有り":0,"路線名":"南堀江通り","設置区間":"南堀江1丁目中交差点から西道頓堀橋北交差点まで","駐車枠数":12,"貨物車枠数":0,"出典":"大阪府警察 西警察署（令和7年3月5日現在）","区市町村":"大阪市西区","町名":"南堀江","町丁目":"南堀江一丁目"},"geometry":{"type":"LineString","coordinates":[[135.495998,34.670996],[135.495584,34.671018],[135.494723,34.671058],[135.494202,34.671083],[135.493535,34.671119],[135.492751,34.671161],[135.492669,34.671166],[135.492559,34.671173],[135.49254,34.671098],[135.492469,34.670803],[135.492438,34.670678]]}},{"type":"Feature","id":"osaka-6023-2","properties":{"識別id":"osaka-6023-2","都道府県":"大阪府","利用時間":"08:00-20:00","制限時間":60,"手数料":300,"制限事項1":"日曜・休日を除く","制限事項2":"","種別":"パーキング・チケット","普通車":1,"貨物用有り":0,"二輪車":0,"標章車専用有り":0,"路線名":"西横堀西岸線","設置区間":"南堀江1丁目4番9号先から同1丁目3番2号先まで","駐車枠数":11,"貨物車枠数":0,"出典":"大阪府警察 西警察署（令和7年3月5日現在）","区市町村":"大阪市中央区","町名":"西心斎橋","町丁目":"西心斎橋二丁目"},"geometry":{"type":"LineString","coordinates":[[135.497172,34.670757],[135.49705,34.669436]]}},{"type":"Feature","id":"osaka-6023-3","properties":{"識別id":"osaka-6023-3","都道府県":"大阪府","利用時間":"08:00-20:00","制限時間":60,"手数料":300,"制限事項1":"","制限事項2":"","種別":"パーキング・チケット","普通車":1,"貨物用有り":0,"二輪車":0,"標章車専用有り":0,"路線名":"大阪伊丹線1","設置区間":"西道頓堀橋北交差点から新町南公園前交差点まで","駐車枠数":34,"貨物車枠数":0,"出典":"大阪府警察 西警察署（令和7年3月5日現在）","区市町村":"大阪市西区","町名":"北堀江","町丁目":"北堀江一丁目"},"geometry":{"type":"LineString","coordinates":[[135.492438,34.670678],[135.492469,34.670803],[135.49254,34.671098],[135.492559,34.671173],[135.492577,34.67125],[135.492722,34.671851],[135.492747,34.671957],[135.492765,34.672034],[135.492883,34.672553],[135.49291,34.672674],[135.492944,34.672813],[135.493073,34.673356],[135.493095,34.673448],[135.493123,34.673567],[135.493274,34.674204],[135.493438,34.674904],[135.493451,34.674993],[135.493445,34.67518],[135.493439,34.675305],[135.49342,34.675591],[135.493413,34.675731],[135.493397,34.676045],[135.493361,34.676574],[135.493353,34.67669]]}},{"type":"Feature","id":"osaka-6023-4","properties":{"識別id":"osaka-6023-4","都道府県":"大阪府","利用時間":"08:00-20:00","制限時間":60,"手数料":300,"制限事項1":"","制限事項2":"","種別":"パーキング・チケット","普通車":1,"貨物用有り":1,"二輪車":0,"標章車専用有り":0,"路線名":"大阪伊丹線2","設置区間":"阿波座1丁目交差点から靱交番前交差点まで","駐車枠数":15,"貨物車枠数":4,"出典":"大阪府警察 西警察署（令和7年3月5日現在）","区市町村":"大阪市西区","町名":"靱本町","町丁目":"靱本町一丁目"},"geometry":{"type":"LineString","coordinates":[[135.493029,34.681778],[135.493021,34.681906],[135.49301,34.682069],[135.492963,34.682775],[135.492925,34.683288],[135.492918,34.683411],[135.492908,34.683567],[135.492872,34.684168],[135.492865,34.684261],[135.492858,34.684345]]}},{"type":"Feature","id":"osaka-6023-5","properties":{"識別id":"osaka-6023-5","都道府県":"大阪府","利用時間":"08:00-20:00","制限時間":60,"手数料":300,"制限事項1":"日曜・休日を除く","制限事項2":"","種別":"パーキング・チケット","普通車":1,"貨物用有り":1,"二輪車":0,"標章車専用有り":0,"路線名":"中央大通り","設置区間":"西本町交差点から阿波座駅前交差点まで","駐車枠数":104,"貨物車枠数":8,"出典":"大阪府警察 西警察署（令和7年3月5日現在）","区市町村":"大阪市西区","町名":"西本町","町丁目":"西本町一丁目"},"geometry":{"type":"LineString","coordinates":[[135.496922,34.68182],[135.496941,34.682006],[135.496774,34.681999],[135.496283,34.68198],[135.495879,34.681961],[135.495149,34.681916],[135.494167,34.681849],[135.49325,34.681792],[135.493135,34.681785],[135.493029,34.681778],[135.492917,34.681765],[135.491673,34.681681],[135.490468,34.681591],[135.489173,34.681512],[135.489008,34.681502],[135.488808,34.681492],[135.486707,34.681394],[135.48649,34.681375]]}},{"type":"Feature","id":"osaka-6023-6","properties":{"識別id":"osaka-6023-6","都道府県":"大阪府","利用時間":"08:00-20:00","制限時間":60,"手数料":300,"制限事項1":"日曜・休日を除く","制限事項2":"","種別":"パーキング・チケット","普通車":1,"貨物用有り":0,"二輪車":0,"標章車専用有り":0,"路線名":"京町堀通り","設置区間":"京町堀1丁目4番7号先から同1丁目12番16号先まで","駐車枠数":18,"貨物車枠数":0,"出典":"大阪府警察 西警察署（令和7年3月5日現在）","区市町村":"大阪市西区","町名":"京町堀","町丁目":"京町堀一丁目"},"geometry":{"type":"LineString","coordinates":[[135.497604,34.687684],[135.496986,34.687565],[135.496851,34.687528],[135.496741,34.687492],[135.496,34.687274],[135.495409,34.687095],[135.495356,34.687076],[135.494304,34.686696]]}},{"type":"Feature","id":"osaka-6023-7","properties":{"識別id":"osaka-6023-7","都道府県":"大阪府","利用時間":"08:00-20:00","制限時間":60,"手数料":300,"制限事項1":"","制限事項2":"","種別":"パーキング・チケット","普通車":1,"貨物用有り":1,"二輪車":0,"標章車専用有り":0,"路線名":"四つ橋筋","設置区間":"深里橋交差点から京町堀1丁目交差点まで","駐車枠数":173,"貨物車枠数":26,"出典":"大阪府警察 西警察署（令和7年3月5日現在）","区市町村":"大阪市西区","町名":"新町","町丁目":"新町一丁目"},"geometry":{"type":"LineString","coordinates":[[135.496442,34.669338],[135.49644,34.669355],[135.496429,34.669436],[135.496416,34.669539],[135.496386,34.669842],[135.496394,34.670282],[135.496398,34.670352],[135.496406,34.670468],[135.496429,34.670918],[135.496432,34.670983],[135.496444,34.671099],[135.496456,34.671215],[135.496468,34.671336],[135.49651,34.671694],[135.496519,34.671767],[135.496529,34.671856],[135.496591,34.672388],[135.496603,34.672497],[135.49662,34.672609],[135.4967,34.673259],[135.496722,34.673445],[135.496735,34.673536],[135.496747,34.673629],[135.496796,34.674047],[135.496878,34.674818],[135.496902,34.674982],[135.49692,34.675103],[135.496963,34.675362],[135.496985,34.675482],[135.497017,34.675894],[135.497033,34.676375],[135.497048,34.676777],[135.497072,34.677183],[135.497081,34.677542],[135.497083,34.67762],[135.497084,34.6777],[135.497093,34.67805],[135.497088,34.67832],[135.497079,34.678401],[135.497028,34.678794],[135.496968,34.679203],[135.496898,34.679757],[135.496857,34.68015],[135.496839,34.680507],[135.496874,34.680991],[135.496896,34.681346],[135.496906,34.681553],[135.496913,34.681674],[135.496922,34.68182],[135.496941,34.682006],[135.496949,34.682188],[135.496951,34.682294],[135.496967,34.682729],[135.496987,34.683127],[135.497005,34.683566],[135.497002,34.683746],[135.496997,34.683917],[135.496986,34.684316],[135.496982,34.684504],[135.49698,34.684589],[135.496967,34.685231],[135.496962,34.685302],[135.49696,34.685369],[135.496942,34.686051],[135.496927,34.686454],[135.496914,34.686855],[135.496861,34.687426],[135.496851,34.687528]]}},{"type":"Feature","id":"osaka-6023-8","properties":{"識別id":"osaka-6023-8","都道府県":"大阪府","利用時間":"08:00-20:00","制限時間":60,"手数料":300,"制限事項1":"日曜・休日を除く","制限事項2":"","種別":"パーキング・チケット","普通車":1,"貨物用有り":0,"二輪車":0,"標章車専用有り":0,"路線名":"北堀江通り","設置区間":"四ツ橋ランプ西交差点から堀江交差点まで","駐車枠数":14,"貨物車枠数":0,"出典":"大阪府警察 西警察署（令和7年3月5日現在）","区市町村":"大阪市西区","町名":"北堀江","町丁目":"北堀江一丁目"},"geometry":{"type":"LineString","coordinates":[[135.496603,34.672497],[135.496446,34.672501],[135.495763,34.672534],[135.495235,34.672555],[135.494299,34.6726],[135.49387,34.672616],[135.493105,34.67266],[135.493019,34.672666],[135.49291,34.672674],[135.492798,34.672678]]}},{"type":"Feature","id":"osaka-6024-1","properties":{"識別id":"osaka-6024-1","都道府県":"大阪府","利用時間":"08:00-20:00","制限時間":60,"手数料":300,"制限事項1":"日曜・休日を除く","制限事項2":"","種別":"パーキング・チケット","普通車":1,"貨物用有り":0,"二輪車":0,"標章車専用有り":0,"路線名":"中大江公園南通り","設置区間":"南新町1丁目交差点から南新町2丁目交差点まで","駐車枠数":22,"貨物車枠数":0,"出典":"大阪府警察 東警察署（令和7年10月24日現在）","区市町村":"大阪市中央区","町名":"南新町","町丁目":"南新町二丁目"},"geometry":{"type":"LineString","coordinates":[[135.5156,34.684579],[135.514632,34.684626],[135.514537,34.684631],[135.514453,34.684635],[135.513207,34.684693],[135.513186,34.684694],[135.513164,34.684695]]}},{"type":"Feature","id":"osaka-6024-2","properties":{"識別id":"osaka-6024-2","都道府県":"大阪府","利用時間":"08:00-20:00","制限時間":60,"手数料":300,"制限事項1":"日曜・休日を除く","制限事項2":"","種別":"パーキング・チケット","普通車":1,"貨物用有り":1,"二輪車":0,"標章車専用有り":0,"路線名":"三休橋筋1","設置区間":"瓦町2丁目交差点から北浜2丁目交差点まで","駐車枠数":31,"貨物車枠数":5,"出典":"大阪府警察 東警察署（令和7年10月24日現在）","区市町村":"大阪市中央区","町名":"今橋","町丁目":"今橋二丁目"},"geometry":{"type":"LineString","coordinates":[[135.503619,34.686057],[135.503608,34.686867],[135.503636,34.687699],[135.503636,34.688505],[135.503652,34.689161],[135.503647,34.689828],[135.503664,34.690231],[135.503668,34.690553],[135.503671,34.690614],[135.503672,34.690677],[135.503694,34.691408],[135.503712,34.691938],[135.503724,34.692027],[135.503714,34.692124]]}},{"type":"Feature","id":"osaka-6024-3","properties":{"識別id":"osaka-6024-3","都道府県":"大阪府","利用時間":"08:00-20:00","制限時間":60,"手数料":300,"制限事項1":"","制限事項2":"","種別":"パーキング・チケット","普通車":1,"貨物用有り":0,"二輪車":0,"標章車専用有り":0,"路線名":"三休橋筋2","設置区間":"博労町2丁目交差点から南久宝寺町2丁目交差点まで","駐車枠数":6,"貨物車枠数":0,"出典":"大阪府警察 東警察署（令和7年10月24日現在）","区市町村":"大阪市中央区","町名":"南久宝寺町","町丁目":"南久宝寺町二丁目"},"geometry":{"type":"LineString","coordinates":[[135.503436,34.678399],[135.503437,34.678451],[135.50345,34.679057],[135.503451,34.679083],[135.503451,34.679099],[135.503454,34.679186]]}},{"type":"Feature","id":"osaka-6024-4","properties":{"識別id":"osaka-6024-4","都道府県":"大阪府","利用時間":"08:00-20:00","制限時間":60,"手数料":300,"制限事項1":"日曜・休日を除く","制限事項2":"","種別":"パーキング・チケット","普通車":1,"貨物用有り":0,"二輪車":0,"標章車専用有り":0,"路線名":"平野町通り","設置区間":"平野橋西詰交差点から平野町4丁目交差点まで","駐車枠数":60,"貨物車枠数":0,"出典":"大阪府警察 東警察署（令和7年10月24日現在）","区市町村":"大阪市中央区","町名":"平野町","町丁目":"平野町二丁目"},"geometry":{"type":"LineString","coordinates":[[135.509409,34.687559],[135.509364,34.687563],[135.509291,34.687569],[135.508912,34.687605],[135.508517,34.687617],[135.507528,34.687644],[135.506691,34.687657],[135.506559,34.687659],[135.506395,34.68766],[135.505795,34.687665],[135.505589,34.687666],[135.504612,34.687681],[135.503636,34.687699],[135.503616,34.687697],[135.502663,34.687713],[135.501704,34.687728],[135.501103,34.687727],[135.500982,34.687726],[135.500822,34.687729],[135.500687,34.687734],[135.500564,34.687742],[135.499754,34.68775],[135.499697,34.687752],[135.499416,34.687751]]}},{"type":"Feature","id":"osaka-6024-5","properties":{"識別id":"osaka-6024-5","都道府県":"大阪府","利用時間":"08:00-20:00","制限時間":60,"手数料":300,"制限事項1":"日曜・休日を除く","制限事項2":"","種別":"パーキング・チケット","普通車":1,"貨物用有り":0,"二輪車":0,"標章車専用有り":0,"路線名":"島町通り","設置区間":"谷町1丁目交差点から島町2丁目交差点まで","駐車枠数":31,"貨物車枠数":0,"出典":"大阪府警察 東警察署（令和7年10月24日現在）","区市町村":"大阪市中央区","町名":"島町","町丁目":"島町一丁目"},"geometry":{"type":"LineString","coordinates":[[135.5172,34.688586],[135.51711,34.688594],[135.515884,34.688698],[135.515282,34.68874],[135.514713,34.688791],[135.514624,34.6888],[135.514533,34.688806],[135.513223,34.688907],[135.513145,34.688918]]}},{"type":"Feature","id":"osaka-6024-6","properties":{"識別id":"osaka-6024-6","都道府県":"大阪府","利用時間":"08:00-20:00","制限時間":60,"手数料":300,"制限事項1":"日曜・休日を除く","制限事項2":"","種別":"パーキング・チケット","普通車":1,"貨物用有り":0,"二輪車":0,"標章車専用有り":0,"路線名":"内平野町通り","設置区間":"内平野町1丁目3番12号先から内平野町3丁目交差点まで","駐車枠数":18,"貨物車枠数":0,"出典":"大阪府警察 東警察署（令和7年10月24日現在）","区市町村":"大阪市中央区","町名":"内平野町","町丁目":"内平野町二丁目"},"geometry":{"type":"LineString","coordinates":[[135.515731,34.686999],[135.51511,34.687035],[135.514544,34.687068],[135.514448,34.687075],[135.513229,34.687168],[135.513137,34.687175],[135.51177,34.687315],[135.511634,34.687329],[135.51152,34.687343],[135.510274,34.687472]]}},{"type":"Feature","id":"osaka-6024-7","properties":{"識別id":"osaka-6024-7","都道府県":"大阪府","利用時間":"08:00-20:00","制限時間":60,"手数料":300,"制限事項1":"","制限事項2":"","種別":"パーキング・チケット","普通車":1,"貨物用有り":1,"二輪車":0,"標章車専用有り":0,"路線名":"中央大通り","設置区間":"常盤町1丁目交差点から船場中央4丁目交差点まで（北側）","駐車枠数":100,"貨物車枠数":7,"出典":"大阪府警察 東警察署（令和7年10月24日現在）","区市町村":"大阪市中央区","町名":"農人橋","町丁目":"農人橋二丁目"},"geometry":{"type":"LineString","coordinates":[[135.515547,34.681725],[135.51459,34.681766],[135.514567,34.681767],[135.514456,34.681773],[135.514365,34.681777],[135.51434,34.681778],[135.514311,34.681779],[135.512976,34.681839],[135.512417,34.68186],[135.512035,34.681875],[135.511812,34.681911],[135.511817,34.681767],[135.511833,34.681632],[135.511602,34.681638],[135.511371,34.68164],[135.510965,34.681666],[135.510004,34.681677],[135.507566,34.681708],[135.506254,34.681701],[135.503646,34.681729],[135.500752,34.681761],[135.50003,34.68184],[135.498852,34.681854]]}},{"type":"Feature","id":"osaka-6024-8","properties":{"識別id":"osaka-6024-8","都道府県":"大阪府","利用時間":"08:00-20:00","制限時間":60,"手数料":300,"制限事項1":"","制限事項2":"","種別":"パーキング・チケット","普通車":1,"貨物用有り":1,"二輪車":0,"標章車専用有り":0,"路線名":"中央大通り","設置区間":"農人橋1丁目交差点から久太郎町4丁目交差点まで（南側）","駐車枠数":85,"貨物車枠数":10,"出典":"大阪府警察 東警察署（令和7年10月24日現在）","区市町村":"大阪市中央区","町名":"船場中央","町丁目":"船場中央一丁目"},"geometry":{"type":"LineString","coordinates":[[135.515626,34.681313],[135.515518,34.68132],[135.514575,34.681366],[135.514555,34.681367],[135.514533,34.681368],[135.514433,34.681371],[135.514339,34.681376],[135.514312,34.681377],[135.512959,34.681435],[135.512557,34.681459],[135.51206,34.681489],[135.511852,34.681486],[135.511637,34.681483],[135.51116,34.6815],[135.510881,34.681512],[135.510568,34.681525],[135.510325,34.681533],[135.50954,34.681562],[135.509491,34.681564],[135.509404,34.681567],[135.509326,34.681569],[135.509301,34.681569],[135.508511,34.681576],[135.50843,34.681577],[135.508356,34.681578],[135.507532,34.68159],[135.507453,34.681592],[135.507385,34.681592],[135.506617,34.681596],[135.506469,34.681597],[135.506324,34.681598],[135.505482,34.681605],[135.504495,34.681615],[135.503536,34.681624],[135.50252,34.681634],[135.501526,34.681652],[135.500815,34.681656],[135.500793,34.681657],[135.500766,34.681658],[135.500706,34.68166],[135.500562,34.681674],[135.500415,34.681688],[135.500344,34.681688],[135.500322,34.681688],[135.49925,34.681684]]}},{"type":"Feature","id":"osaka-6024-9","properties":{"識別id":"osaka-6024-9","都道府県":"大阪府","利用時間":"08:00-19:00","制限時間":60,"手数料":300,"制限事項1":"","制限事項2":"","種別":"パーキング・チケット","普通車":1,"貨物用有り":1,"二輪車":0,"標章車専用有り":0,"路線名":"南久宝寺町通り","設置区間":"久宝寺橋西詰交差点から南久宝寺町4丁目交差点まで","駐車枠数":115,"貨物車枠数":25,"出典":"大阪府警察 東警察署（令和7年10月24日現在）","区市町村":"大阪市中央区","町名":"南久宝寺町","町丁目":"南久宝寺町二丁目"},"geometry":{"type":"LineString","coordinates":[[135.51064,34.679142],[135.510591,34.679142],[135.510568,34.679142],[135.510489,34.679141],[135.510411,34.67914],[135.510396,34.67914],[135.510369,34.67914],[135.509385,34.679135],[135.508389,34.679143],[135.507397,34.679154],[135.506553,34.679165],[135.506418,34.679167],[135.506252,34.679168],[135.505421,34.679175],[135.504436,34.679178],[135.5036,34.679185],[135.503573,34.679185],[135.503454,34.679186],[135.50334,34.679187],[135.503319,34.679187],[135.503285,34.679187],[135.502444,34.679193],[135.501471,34.679197],[135.500723,34.679203],[135.500688,34.679203],[135.50062,34.679203],[135.50047,34.679204],[135.500325,34.679206],[135.500263,34.679206],[135.500231,34.679206],[135.500176,34.679207],[135.49971,34.679211],[135.499069,34.679215]]}},{"type":"Feature","id":"osaka-6024-10","properties":{"識別id":"osaka-6024-10","都道府県":"大阪府","利用時間":"08:00-18:00","制限時間":60,"手数料":300,"制限事項1":"日曜・休日を除く","制限事項2":"","種別":"パーキング・チケット","普通車":1,"貨物用有り":0,"二輪車":0,"標章車専用有り":0,"路線名":"石切大阪線","設置区間":"葭屋橋交差点から北浜1丁目交差点まで","駐車枠数":15,"貨物車枠数":0,"出典":"大阪府警察 東警察署（令和7年10月24日現在）","区市町村":"大阪市中央区","町名":"北浜","町丁目":"北浜一丁目"},"geometry":{"type":"LineString","coordinates":[[135.50972,34.690507],[135.509614,34.690572],[135.509157,34.690871],[135.50886,34.691042],[135.508806,34.691068],[135.508736,34.691093],[135.5083,34.691245]]}},{"type":"Feature","id":"osaka-6024-11","properties":{"識別id":"osaka-6024-11","都道府県":"大阪府","利用時間":"08:00-18:00","制限時間":60,"手数料":300,"制限事項1":"日曜・休日を除く","制限事項2":"","種別":"パーキング・チケット","普通車":1,"貨物用有り":0,"二輪車":0,"標章車専用有り":0,"路線名":"石切大阪線","設置区間":"北浜2丁目5番28号先から淀屋橋交差点まで","駐車枠数":26,"貨物車枠数":0,"出典":"大阪府警察 東警察署（令和7年10月24日現在）","区市町村":"大阪市中央区","町名":"北浜","町丁目":"北浜二丁目"},"geometry":{"type":"LineString","coordinates":[[135.505685,34.691968],[135.505422,34.69201],[135.505136,34.692038],[135.504776,34.692053],[135.504692,34.692058],[135.504582,34.692064],[135.50413,34.692091],[135.50386,34.69211],[135.503714,34.692124],[135.503593,34.692137],[135.50273,34.692249],[135.502221,34.692332],[135.50174,34.69241],[135.501475,34.692461],[135.501209,34.692511],[135.500961,34.692528]]}},{"type":"Feature","id":"osaka-6025-1","properties":{"識別id":"osaka-6025-1","都道府県":"大阪府","利用時間":"08:00-20:00","制限時間":60,"手数料":300,"制限事項1":"","制限事項2":"","種別":"パーキング・チケット","普通車":1,"貨物用有り":0,"二輪車":0,"標章車専用有り":0,"路線名":"本庄西天満線","設置区間":"西天満北交差点から西天満5丁目交差点まで","駐車枠数":4,"貨物車枠数":0,"出典":"大阪府警察 天満警察署（令和7年10月24日現在）","区市町村":"大阪市北区","町名":"西天満","町丁目":"西天満五丁目"},"geometry":{"type":"LineString","coordinates":[[135.506114,34.699407],[135.50613,34.69898],[135.506133,34.698901],[135.506136,34.698817],[135.506149,34.698444],[135.506169,34.698067]]}},{"type":"Feature","id":"osaka-6025-2","properties":{"識別id":"osaka-6025-2","都道府県":"大阪府","利用時間":"08:00-20:00","制限時間":60,"手数料":300,"制限事項1":"日曜・休日を除く","制限事項2":"","種別":"パーキング・チケット","普通車":1,"貨物用有り":1,"二輪車":0,"標章車専用有り":0,"路線名":"西天満公園南通り","設置区間":"西天満5丁目8番15号先西天満公園南東角から同公園南西角まで","駐車枠数":6,"貨物車枠数":2,"出典":"大阪府警察 天満警察署（令和7年10月24日現在）","区市町村":"大阪市北区","町名":"西天満","町丁目":"西天満五丁目"},"geometry":{"type":"LineString","coordinates":[[135.508417,34.698334],[135.507662,34.698364]]}},{"type":"Feature","id":"osaka-6026-1","properties":{"識別id":"osaka-6026-1","都道府県":"大阪府","利用時間":"08:00-20:00","制限時間":60,"手数料":300,"制限事項1":"","制限事項2":"","種別":"パーキング・チケット","普通車":1,"貨物用有り":0,"二輪車":0,"標章車専用有り":0,"路線名":"大阪環状線（都島通り）","設置区間":"中崎町西1丁目2番2号先から万歳町3番25号先まで","駐車枠数":20,"貨物車枠数":0,"出典":"大阪府警察 曽根崎警察署（令和7年3月5日現在）","区市町村":"大阪市北区","町名":"中崎西","町丁目":"中崎西一丁目"},"geometry":{"type":"LineString","coordinates":[[135.505927,34.707334],[135.505498,34.706992],[135.504867,34.7065],[135.504446,34.706179],[135.504351,34.706105],[135.504279,34.706045],[135.504259,34.706028],[135.503998,34.705822],[135.503791,34.70566]]}},{"type":"Feature","id":"osaka-6026-2","properties":{"識別id":"osaka-6026-2","都道府県":"大阪府","利用時間":"08:00-22:00","制限時間":60,"手数料":300,"制限事項1":"","制限事項2":"","種別":"パーキング・チケット","普通車":1,"貨物用有り":1,"二輪車":0,"標章車専用有り":0,"路線名":"新御堂筋（国道423号）","設置区間":"曽根崎東交差点から鶴野町交差点まで","駐車枠数":53,"貨物車枠数":6,"出典":"大阪府警察 曽根崎警察署（令和7年3月5日現在）","区市町村":"大阪市北区","町名":"堂山町","町丁目":"堂山町"},"geometry":{"type":"LineString","coordinates":[[135.502026,34.702106],[135.502035,34.701825],[135.502068,34.701161],[135.50207,34.701116],[135.502072,34.70105],[135.502073,34.700998],[135.502101,34.700474],[135.502104,34.699711],[135.502105,34.699608],[135.502083,34.699703],[135.502043,34.699875],[135.501975,34.701407],[135.501935,34.702184],[135.501885,34.702594],[135.501872,34.702788],[135.501834,34.70308],[135.501646,34.704787],[135.501587,34.70498],[135.501506,34.705161],[135.50145,34.705257],[135.501292,34.705476],[135.500931,34.705884],[135.500807,34.706088],[135.500673,34.7064],[135.500616,34.706735],[135.500604,34.707035],[135.500607,34.707777]]}},{"type":"Feature","id":"osaka-6026-3","properties":{"識別id":"osaka-6026-3","都道府県":"大阪府","利用時間":"08:00-18:00","制限時間":60,"手数料":300,"制限事項1":"","制限事項2":"","種別":"パーキング・チケット","普通車":1,"貨物用有り":1,"二輪車":0,"標章車専用有り":0,"路線名":"天神橋筋","設置区間":"天神橋4丁目交差点から天神橋6丁目交差点まで","駐車枠数":45,"貨物車枠数":13,"出典":"大阪府警察 曽根崎警察署（令和7年3月5日現在）","区市町村":"大阪市北区","町名":"天神橋","町丁目":"天神橋五丁目"},"geometry":{"type":"LineString","coordinates":[[135.51089,34.704362],[135.510894,34.704856],[135.510895,34.704921],[135.510897,34.705182],[135.510896,34.705341],[135.510895,34.705397],[135.510895,34.705453],[135.510898,34.705888],[135.510898,34.705923],[135.510899,34.706449],[135.510899,34.706478],[135.5109,34.706545],[135.5109,34.707538],[135.510899,34.70762],[135.510897,34.707676],[135.510896,34.707727],[135.510846,34.708735],[135.510843,34.708818],[135.510838,34.708926],[135.510837,34.708976],[135.510814,34.709613],[135.510811,34.709684],[135.510807,34.709781],[135.510807,34.709828],[135.510802,34.709962],[135.510803,34.70998],[135.510805,34.7102],[135.510801,34.710528],[135.510793,34.710714]]}},{"type":"Feature","id":"osaka-6026-4","properties":{"識別id":"osaka-6026-4","都道府県":"大阪府","利用時間":"07:00-19:00","制限時間":60,"手数料":300,"制限事項1":"","制限事項2":"","種別":"パーキング・チケット","普通車":1,"貨物用有り":1,"二輪車":0,"標章車専用有り":0,"路線名":"北消防署横通線（ダイヤモンド地区）","設置区間":"梅田1丁目東交差点から梅田1丁目交差点まで","駐車枠数":4,"貨物車枠数":4,"出典":"大阪府警察 曽根崎警察署（令和7年3月5日現在）","区市町村":"大阪市北区","町名":"梅田","町丁目":"梅田一丁目"},"geometry":{"type":"LineString","coordinates":[[135.498372,34.699458],[135.498279,34.69946],[135.497666,34.699458],[135.497366,34.699457],[135.497273,34.699456]]}},{"type":"Feature","id":"sapporo-1","properties":{"識別id":"sapporo-1","都道府県":"北海道","種別":"パーキング・チケット","制限時間":60,"手数料":300,"利用時間":"08:30-19:00","制限事項1":"","制限事項2":"12月1日〜3月31日は休止","普通車":1,"貨物用有り":0,"二輪車":0,"標章車専用有り":0,"出典":"北海道警察 パーキング・チケット（令和7年12月）","設置区間":"南1条西13丁目（札幌南一条病院の西側）","駐車枠数":5,"区市町村":"札幌市中央区","町名":"南1条西","町丁目":"南1条西13丁目","運用月":"4-11"},"geometry":{"type":"LineString","coordinates":[[141.33699,43.056453],[141.336956,43.056587],[141.336922,43.05672]]}},{"type":"Feature","id":"sapporo-2","properties":{"識別id":"sapporo-2","都道府県":"北海道","種別":"パーキング・チケット","制限時間":60,"手数料":300,"利用時間":"08:30-19:00","制限事項1":"","制限事項2":"12月1日〜3月31日は休止","普通車":1,"貨物用有り":0,"二輪車":0,"標章車専用有り":0,"出典":"北海道警察 パーキング・チケット（令和7年12月）","設置区間":"北2条西2丁目（STV北2条ビルの東側）","駐車枠数":6,"区市町村":"札幌市中央区","町名":"北2条西","町丁目":"北2条西2丁目","運用月":"4-11"},"geometry":{"type":"LineString","coordinates":[[141.354549,43.063688],[141.354543,43.063713],[141.354509,43.063848],[141.354468,43.064008]]}},{"type":"Feature","id":"sapporo-3","properties":{"識別id":"sapporo-3","都道府県":"北海道","種別":"パーキング・チケット","制限時間":60,"手数料":300,"利用時間":"08:30-19:00","制限事項1":"","制限事項2":"12月1日〜3月31日は休止","普通車":1,"貨物用有り":0,"二輪車":0,"標章車専用有り":0,"出典":"北海道警察 パーキング・チケット（令和7年12月）","設置区間":"北1条西2丁目（オーク札幌ビルの東側）","駐車枠数":4,"区市町村":"札幌市中央区","町名":"北1条西","町丁目":"北1条西2丁目","運用月":"4-11"},"geometry":{"type":"LineString","coordinates":[[141.354682,43.06318],[141.354709,43.063073],[141.354737,43.062966]]}},{"type":"Feature","id":"sapporo-4","properties":{"識別id":"sapporo-4","都道府県":"北海道","種別":"パーキング・チケット","制限時間":60,"手数料":300,"利用時間":"08:30-19:00","制限事項1":"","制限事項2":"12月1日〜3月31日は休止","普通車":1,"貨物用有り":0,"二輪車":0,"標章車専用有り":0,"出典":"北海道警察 パーキング・チケット（令和7年12月）","設置区間":"北3条西7丁目（北海道庁別館の北側）","駐車枠数":7,"区市町村":"札幌市中央区","町名":"北3条西","町丁目":"北3条西7丁目","運用月":"4-11"},"geometry":{"type":"LineString","coordinates":[[141.346022,43.064922],[141.345998,43.064918],[141.345768,43.064888],[141.345514,43.064854]]}},{"type":"Feature","id":"sapporo-5","properties":{"識別id":"sapporo-5","都道府県":"北海道","種別":"パーキング・チケット","制限時間":60,"手数料":300,"利用時間":"08:30-19:00","制限事項1":"","制限事項2":"12月1日〜3月31日は休止","普通車":1,"貨物用有り":0,"二輪車":0,"標章車専用有り":0,"出典":"北海道警察 パーキング・チケット（令和7年12月）","設置区間":"北3条西7丁目（北海道水産ビルの南側）","駐車枠数":6,"区市町村":"札幌市中央区","町名":"北3条西","町丁目":"北3条西7丁目","運用月":"4-11"},"geometry":{"type":"LineString","coordinates":[[141.346318,43.063716],[141.346307,43.063715],[141.346101,43.063685],[141.345884,43.063654]]}},{"type":"Feature","id":"sapporo-6","properties":{"識別id":"sapporo-6","都道府県":"北海道","種別":"パーキング・チケット","制限時間":60,"手数料":300,"利用時間":"08:30-19:00","制限事項1":"","制限事項2":"12月1日〜3月31日は休止","普通車":1,"貨物用有り":0,"二輪車":0,"標章車専用有り":0,"出典":"北海道警察 パーキング・チケット（令和7年12月）","設置区間":"南1条西9丁目（三田商店の西側）","駐車枠数":8,"区市町村":"札幌市中央区","町名":"南1条西","町丁目":"南1条西9丁目","運用月":"4-11"},"geometry":{"type":"LineString","coordinates":[[141.343056,43.057938],[141.343086,43.057819],[141.343101,43.057758],[141.343109,43.057727],[141.34311,43.057724],[141.343117,43.057697],[141.343125,43.057664],[141.343137,43.057618],[141.343164,43.057511]]}},{"type":"Feature","id":"sapporo-7","properties":{"識別id":"sapporo-7","都道府県":"北海道","種別":"パーキング・チケット","制限時間":60,"手数料":300,"利用時間":"08:30-19:00","制限事項1":"","制限事項2":"12月1日〜3月31日は休止","普通車":1,"貨物用有り":0,"二輪車":0,"標章車専用有り":0,"出典":"北海道警察 パーキング・チケット（令和7年12月）","設置区間":"南2条西14丁目（中村記念病院の東側）","駐車枠数":5,"区市町村":"札幌市中央区","町名":"南2条西","町丁目":"南2条西14丁目","運用月":"4-11"},"geometry":{"type":"LineString","coordinates":[[141.337004,43.056398],[141.33697,43.056532],[141.336936,43.056665]]}},{"type":"Feature","id":"sapporo-8","properties":{"識別id":"sapporo-8","都道府県":"北海道","種別":"パーキング・チケット","制限時間":60,"手数料":300,"利用時間":"08:30-19:00","制限事項1":"","制限事項2":"12月1日〜3月31日は休止","普通車":1,"貨物用有り":0,"二輪車":0,"標章車専用有り":0,"出典":"北海道警察 パーキング・チケット（令和7年12月）","設置区間":"北1条西2丁目（札幌市時計台の東側）","駐車枠数":8,"区市町村":"札幌市中央区","町名":"北1条西","町丁目":"北1条西2丁目","運用月":"4-11"},"geometry":{"type":"LineString","coordinates":[[141.354055,43.062382],[141.354038,43.062448],[141.354005,43.062575],[141.353955,43.062768]]}},{"type":"Feature","id":"sapporo-9","properties":{"識別id":"sapporo-9","都道府県":"北海道","種別":"パーキング・チケット","制限時間":60,"手数料":300,"利用時間":"08:30-19:00","制限事項1":"","制限事項2":"","普通車":0,"貨物用有り":1,"二輪車":0,"標章車専用有り":0,"出典":"北海道警察 パーキング・チケット（令和7年12月）","設置区間":"南1条西2丁目（丸井今井の北側）","駐車枠数":6,"区市町村":"札幌市中央区","町名":"南1条西","町丁目":"南1条西2丁目","貨物車専用":1},"geometry":{"type":"LineString","coordinates":[[141.355464,43.06061],[141.355333,43.060601],[141.355244,43.060593],[141.355139,43.060584],[141.355025,43.060568]]}},{"type":"Feature","id":"sapporo-10","properties":{"識別id":"sapporo-10","都道府県":"北海道","種別":"パーキング・チケット","制限時間":60,"手数料":300,"利用時間":"08:30-19:00","制限事項1":"","制限事項2":"","普通車":0,"貨物用有り":1,"二輪車":0,"標章車専用有り":0,"出典":"北海道警察 パーキング・チケット（令和7年12月）","設置区間":"南1条西3丁目（札幌三越の北側）","駐車枠数":8,"区市町村":"札幌市中央区","町名":"南1条西","町丁目":"南1条西3丁目","貨物車専用":1},"geometry":{"type":"LineString","coordinates":[[141.353052,43.059669],[141.352763,43.059628],[141.352523,43.059595],[141.352473,43.059587]]}},{"type":"Feature","id":"kyoto-1","properties":{"識別id":"kyoto-1","都道府県":"京都府","制限時間":60,"手数料":300,"制限事項1":"","制限事項2":"","普通車":1,"貨物用有り":0,"二輪車":0,"標章車専用有り":0,"出典":"京都府警察 パーキング・メーター、パーキング・チケット（2022年1月24日更新）","種別":"パーキング・メーター","利用時間":"08:00-20:00","設置区間":"紫明通（烏丸通西入る南側）","駐車枠数":7,"区市町村":"京都市北区","町名":"小山下総町","町丁目":"小山下総町"},"geometry":{"type":"LineString","coordinates":[[135.759349,35.040161],[135.759264,35.040151],[135.759032,35.040124],[135.758892,35.040109]]}},{"type":"Feature","id":"kyoto-2","properties":{"識別id":"kyoto-2","都道府県":"京都府","制限時間":60,"手数料":300,"制限事項1":"","制限事項2":"","普通車":1,"貨物用有り":0,"二輪車":0,"標章車専用有り":0,"出典":"京都府警察 パーキング・メーター、パーキング・チケット（2022年1月24日更新）","種別":"パーキング・チケット","利用時間":"08:00-20:00","設置区間":"踏水会前（熊野道西入一筋目）","駐車枠数":13,"区市町村":"京都市左京区","町名":"東竹屋町","町丁目":"東竹屋町"},"geometry":{"type":"LineString","coordinates":[[135.775606,35.016458],[135.775627,35.016724],[135.775654,35.017076]]}},{"type":"Feature","id":"kyoto-3","properties":{"識別id":"kyoto-3","都道府県":"京都府","制限時間":60,"手数料":300,"制限事項1":"","制限事項2":"","普通車":1,"貨物用有り":0,"二輪車":0,"標章車専用有り":0,"出典":"京都府警察 パーキング・メーター、パーキング・チケット（2022年1月24日更新）","種別":"パーキング・チケット","利用時間":"08:00-22:00","設置区間":"釜座通（京都第二赤十字病院前）","駐車枠数":80,"区市町村":"京都市上京区","町名":"東裏辻町","町丁目":"東裏辻町"},"geometry":{"type":"LineString","coordinates":[[135.755723,35.01942],[135.755734,35.01864],[135.755735,35.018604],[135.755736,35.018402],[135.75574,35.017856],[135.755742,35.017502],[135.755769,35.017385]]}},{"type":"Feature","id":"kyoto-4","properties":{"識別id":"kyoto-4","都道府県":"京都府","制限時間":60,"手数料":300,"制限事項1":"","制限事項2":"","普通車":1,"貨物用有り":0,"二輪車":0,"標章車専用有り":0,"出典":"京都府警察 パーキング・メーター、パーキング・チケット（2022年1月24日更新）","種別":"パーキング・チケット","利用時間":"08:00-20:00","設置区間":"薬大前","駐車枠数":6,"区市町村":"京都市山科区","町名":"御陵中内町","町丁目":"御陵中内町"},"geometry":{"type":"LineString","coordinates":[[135.810208,34.991424],[135.810279,34.991376],[135.81037,34.991332],[135.81037,34.991332],[135.810477,34.9913],[135.810559,34.991288]]}},{"type":"Feature","id":"kyoto-5","properties":{"識別id":"kyoto-5","都道府県":"京都府","制限時間":60,"手数料":300,"制限事項1":"","制限事項2":"","普通車":1,"貨物用有り":0,"二輪車":0,"標章車専用有り":0,"出典":"京都府警察 パーキング・メーター、パーキング・チケット（2022年1月24日更新）","種別":"パーキング・チケット","利用時間":"08:00-20:00","設置区間":"大手筋通（竹田街道東入る）","駐車枠数":11,"区市町村":"京都市伏見区","町名":"納屋町","町丁目":"納屋町"},"geometry":{"type":"LineString","coordinates":[[135.758366,34.93295],[135.758904,34.932954],[135.75909,34.932956]]}},{"type":"Feature","id":"kanagawa-tsurumi-1","properties":{"識別id":"kanagawa-tsurumi-1","都道府県":"神奈川県","利用時間":"","制限時間":60,"手数料":300,"制限事項1":"","制限事項2":"","曜日不明":1,"種別":"パーキング・チケット","普通車":1,"貨物用有り":0,"二輪車":0,"標章車専用有り":0,"設置区間":"JR鶴見駅西口周辺・鶴見銀座：JR鶴見駅北側、線路の西の道","出典":"神奈川県警察 鶴見警察署（パーキング・メーター等の設置場所）","区市町村":"横浜市鶴見区","町名":"豊岡町","町丁目":"豊岡町"},"geometry":{"type":"LineString","coordinates":[[139.676027,35.509461],[139.676028,35.509463],[139.676195,35.509873],[139.676252,35.510026],[139.676267,35.510066],[139.676448,35.510693],[139.676457,35.510759],[139.676463,35.51083],[139.676554,35.511313],[139.676588,35.511568],[139.676598,35.511623],[139.676622,35.511668],[139.67666,35.511697],[139.676709,35.511713]]}},{"type":"Feature","id":"kanagawa-tsurumi-2","properties":{"識別id":"kanagawa-tsurumi-2","都道府県":"神奈川県","利用時間":"","制限時間":60,"手数料":300,"制限事項1":"","制限事項2":"","曜日不明":1,"種別":"パーキング・メーター","普通車":1,"貨物用有り":1,"二輪車":0,"標章車専用有り":0,"設置区間":"JR鶴見駅西口周辺・鶴見銀座：鶴見銀座（貨）","出典":"神奈川県警察 鶴見警察署（パーキング・メーター等の設置場所）","区市町村":"横浜市鶴見区","町名":"鶴見中央","町丁目":"鶴見中央四丁目"},"geometry":{"type":"LineString","coordinates":[[139.678262,35.507088],[139.678254,35.507062],[139.678164,35.506781],[139.678136,35.506698],[139.677961,35.506348],[139.67773,35.505893],[139.677687,35.505809],[139.677566,35.5056],[139.677549,35.505555],[139.677521,35.505494],[139.67731,35.50504],[139.677268,35.504937],[139.677192,35.504749]]}},{"type":"Feature","id":"kanagawa-yokohama-1","properties":{"識別id":"kanagawa-yokohama-1","都道府県":"神奈川県","利用時間":"","制限時間":60,"手数料":300,"制限事項1":"","制限事項2":"","曜日不明":1,"種別":"パーキング・チケット","普通車":1,"貨物用有り":0,"二輪車":0,"標章車専用有り":0,"設置区間":"横浜駅周辺：鶴屋町2丁目、県民センターの東の道","出典":"神奈川県警察 神奈川警察署・戸部警察署（パーキング・メーター等の設置場所）","区市町村":"横浜市神奈川区","町名":"鶴屋町","町丁目":"鶴屋町二丁目"},"geometry":{"type":"LineString","coordinates":[[139.621995,35.4685],[139.621957,35.468986]]}},{"type":"Feature","id":"kanagawa-yokohama-2","properties":{"識別id":"kanagawa-yokohama-2","都道府県":"神奈川県","利用時間":"","制限時間":60,"手数料":300,"制限事項1":"","制限事項2":"","曜日不明":1,"種別":"パーキング・メーター","普通車":1,"貨物用有り":0,"二輪車":0,"標章車専用有り":0,"設置区間":"横浜駅周辺：線路の南、ヨドバシカメラの北東の道","出典":"神奈川県警察 神奈川警察署・戸部警察署（パーキング・メーター等の設置場所）","区市町村":"横浜市西区","町名":"南幸","町丁目":"南幸一丁目"},"geometry":{"type":"LineString","coordinates":[[139.622518,35.467679],[139.622511,35.467653],[139.622501,35.467614],[139.622453,35.4676],[139.621657,35.467356],[139.621623,35.467337],[139.621588,35.467301]]}},{"type":"Feature","id":"kanagawa-yokohama-3","properties":{"識別id":"kanagawa-yokohama-3","都道府県":"神奈川県","利用時間":"","制限時間":60,"手数料":300,"制限事項1":"","制限事項2":"","曜日不明":1,"種別":"パーキング・メーター","普通車":1,"貨物用有り":0,"二輪車":0,"標章車専用有り":0,"設置区間":"横浜駅周辺：南幸1丁目、帷子川の南から高島屋の西","出典":"神奈川県警察 神奈川警察署・戸部警察署（パーキング・メーター等の設置場所）","区市町村":"横浜市西区","町名":"南幸","町丁目":"南幸一丁目"},"geometry":{"type":"LineString","coordinates":[[139.61987,35.46576],[139.619961,35.465589],[139.620192,35.465152],[139.620198,35.465134],[139.620194,35.465109],[139.62018,35.465073],[139.620171,35.465056]]}},{"type":"Feature","id":"kanagawa-yokohama-4","properties":{"識別id":"kanagawa-yokohama-4","都道府県":"神奈川県","利用時間":"","制限時間":60,"手数料":300,"制限事項1":"","制限事項2":"","曜日不明":1,"種別":"パーキング・チケット","普通車":1,"貨物用有り":0,"二輪車":0,"標章車専用有り":0,"設置区間":"横浜駅周辺：高島2丁目、中央郵便局の東","出典":"神奈川県警察 神奈川警察署・戸部警察署（パーキング・メーター等の設置場所）","区市町村":"横浜市西区","町名":"高島","町丁目":"高島二丁目"},"geometry":{"type":"LineString","coordinates":[[139.623346,35.464501],[139.62335,35.464191],[139.623283,35.464182],[139.623238,35.46416],[139.623073,35.463974],[139.622774,35.463614]]}},{"type":"Feature","id":"kanagawa-yokohama-5","properties":{"識別id":"kanagawa-yokohama-5","都道府県":"神奈川県","利用時間":"","制限時間":60,"手数料":300,"制限事項1":"","制限事項2":"","曜日不明":1,"種別":"パーキング・チケット","普通車":1,"貨物用有り":0,"二輪車":0,"標章車専用有り":0,"設置区間":"横浜駅周辺：高島2丁目、中央郵便局の東（短い区間）","出典":"神奈川県警察 神奈川警察署・戸部警察署（パーキング・メーター等の設置場所）","区市町村":"横浜市西区","町名":"高島","町丁目":"高島二丁目"},"geometry":{"type":"LineString","coordinates":[[139.623245,35.464835],[139.623319,35.464794],[139.623344,35.464767],[139.623345,35.464598],[139.623346,35.464507],[139.623346,35.4645]]}},{"type":"Feature","id":"kanagawa-konandai-1","properties":{"識別id":"kanagawa-konandai-1","都道府県":"神奈川県","利用時間":"","制限時間":60,"手数料":300,"制限事項1":"","制限事項2":"","曜日不明":1,"種別":"パーキング・チケット","普通車":1,"貨物用有り":0,"二輪車":0,"標章車専用有り":0,"設置区間":"港南台ひばり団地周辺：港南台駅前交番の東（北側）","出典":"神奈川県警察 港南警察署（パーキング・メーター等の設置場所）","区市町村":"横浜市港南区","町名":"港南台","町丁目":"港南台三丁目"},"geometry":{"type":"LineString","coordinates":[[139.577151,35.373829],[139.577803,35.374011],[139.578003,35.374051],[139.578024,35.374056],[139.578269,35.374086],[139.578393,35.374098]]}},{"type":"Feature","id":"kanagawa-konandai-2","properties":{"識別id":"kanagawa-konandai-2","都道府県":"神奈川県","利用時間":"","制限時間":60,"手数料":300,"制限事項1":"","制限事項2":"","曜日不明":1,"種別":"パーキング・チケット","普通車":1,"貨物用有り":0,"二輪車":0,"標章車専用有り":0,"設置区間":"港南台ひばり団地周辺：（北側）","出典":"神奈川県警察 港南警察署（パーキング・メーター等の設置場所）","区市町村":"横浜市港南区","町名":"港南台","町丁目":"港南台三丁目"},"geometry":{"type":"LineString","coordinates":[[139.578598,35.37412],[139.578665,35.374128],[139.578988,35.374133],[139.57931,35.374119],[139.579625,35.374096],[139.579912,35.374055]]}},{"type":"Feature","id":"kanagawa-konandai-3","properties":{"識別id":"kanagawa-konandai-3","都道府県":"神奈川県","利用時間":"","制限時間":60,"手数料":300,"制限事項1":"","制限事項2":"","曜日不明":1,"種別":"パーキング・チケット","普通車":1,"貨物用有り":0,"二輪車":0,"標章車専用有り":0,"設置区間":"港南台ひばり団地周辺：（北側、短い区間）","出典":"神奈川県警察 港南警察署（パーキング・メーター等の設置場所）","区市町村":"横浜市港南区","町名":"港南台","町丁目":"港南台三丁目"},"geometry":{"type":"LineString","coordinates":[[139.580201,35.374017],[139.5805,35.373982]]}},{"type":"Feature","id":"kanagawa-konandai-4","properties":{"識別id":"kanagawa-konandai-4","都道府県":"神奈川県","利用時間":"","制限時間":60,"手数料":300,"制限事項1":"","制限事項2":"","曜日不明":1,"種別":"パーキング・メーター","普通車":1,"貨物用有り":0,"二輪車":0,"標章車専用有り":0,"設置区間":"港南台ひばり団地周辺：（北側）","出典":"神奈川県警察 港南警察署（パーキング・メーター等の設置場所）","区市町村":"横浜市港南区","町名":"港南台","町丁目":"港南台三丁目"},"geometry":{"type":"LineString","coordinates":[[139.580701,35.373958],[139.5811,35.373911]]}},{"type":"Feature","id":"kanagawa-konandai-5","properties":{"識別id":"kanagawa-konandai-5","都道府県":"神奈川県","利用時間":"","制限時間":60,"手数料":300,"制限事項1":"","制限事項2":"","曜日不明":1,"種別":"パーキング・メーター","普通車":1,"貨物用有り":0,"二輪車":0,"標章車専用有り":0,"設置区間":"港南台ひばり団地周辺：大通りの手前（北側）","出典":"神奈川県警察 港南警察署（パーキング・メーター等の設置場所）","区市町村":"横浜市港南区","町名":"港南台","町丁目":"港南台三丁目"},"geometry":{"type":"LineString","coordinates":[[139.581301,35.373887],[139.581673,35.373843],[139.581801,35.373828]]}},{"type":"Feature","id":"kanagawa-konandai-6","properties":{"識別id":"kanagawa-konandai-6","都道府県":"神奈川県","利用時間":"","制限時間":60,"手数料":300,"制限事項1":"","制限事項2":"","曜日不明":1,"種別":"パーキング・メーター","普通車":1,"貨物用有り":0,"二輪車":0,"標章車専用有り":0,"設置区間":"港南台ひばり団地周辺：（南側）","出典":"神奈川県警察 港南警察署（パーキング・メーター等の設置場所）","区市町村":"横浜市港南区","町名":"港南台","町丁目":"港南台三丁目"},"geometry":{"type":"LineString","coordinates":[[139.5805,35.373982],[139.581673,35.373843],[139.581801,35.373828]]}},{"type":"Feature","id":"kanagawa-tennocho-1","properties":{"識別id":"kanagawa-tennocho-1","都道府県":"神奈川県","利用時間":"","制限時間":60,"手数料":300,"制限事項1":"","制限事項2":"","曜日不明":1,"種別":"パーキング・メーター","普通車":1,"貨物用有り":0,"二輪車":0,"標章車専用有り":0,"設置区間":"天王町商店街通り：天王町1丁目","出典":"神奈川県警察 保土ケ谷警察署（パーキング・メーター等の設置場所）","区市町村":"横浜市保土ケ谷区","町名":"天王町","町丁目":"天王町一丁目"},"geometry":{"type":"LineString","coordinates":[[139.602093,35.456851],[139.602883,35.456433],[139.603504,35.456112],[139.604295,35.455702],[139.604722,35.45558],[139.605127,35.455462],[139.605197,35.455442]]}},{"type":"Feature","id":"kanagawa-hongodai-1","properties":{"識別id":"kanagawa-hongodai-1","都道府県":"神奈川県","利用時間":"","制限時間":60,"手数料":300,"制限事項1":"","制限事項2":"","曜日不明":1,"種別":"パーキング・メーター","普通車":1,"貨物用有り":0,"二輪車":0,"標章車専用有り":0,"設置区間":"本郷台駅周辺：小菅ヶ谷1丁目、北の通り","出典":"神奈川県警察 栄警察署（パーキング・メーター等の設置場所）","区市町村":"横浜市栄区","町名":"小菅ケ谷","町丁目":"小菅ケ谷一丁目"},"geometry":{"type":"LineString","coordinates":[[139.548668,35.36646],[139.548812,35.366475],[139.548861,35.366483],[139.550131,35.366736],[139.550522,35.366814],[139.550613,35.366832],[139.551245,35.366956],[139.55134,35.366976],[139.551749,35.367065],[139.551839,35.367085]]}},{"type":"Feature","id":"kanagawa-hongodai-2","properties":{"識別id":"kanagawa-hongodai-2","都道府県":"神奈川県","利用時間":"","制限時間":60,"手数料":300,"制限事項1":"","制限事項2":"","曜日不明":1,"種別":"パーキング・メーター","普通車":1,"貨物用有り":0,"二輪車":0,"標章車専用有り":0,"設置区間":"本郷台駅周辺：小菅ヶ谷1丁目、南の通り","出典":"神奈川県警察 栄警察署（パーキング・メーター等の設置場所）","区市町村":"横浜市栄区","町名":"小菅ケ谷","町丁目":"小菅ケ谷一丁目"},"geometry":{"type":"LineString","coordinates":[[139.5489,35.365749],[139.550679,35.36602],[139.551026,35.366075],[139.552077,35.36624],[139.552188,35.366255]]}},{"type":"Feature","id":"kanagawa-saginuma-1","properties":{"識別id":"kanagawa-saginuma-1","都道府県":"神奈川県","利用時間":"","制限時間":60,"手数料":300,"制限事項1":"","制限事項2":"","曜日不明":1,"種別":"パーキング・チケット","普通車":1,"貨物用有り":0,"二輪車":0,"標章車専用有り":0,"設置区間":"鷺沼駅周辺：鷺沼1丁目・3丁目（道の両側）","出典":"神奈川県警察 宮前警察署（パーキング・メーター等の設置場所）","区市町村":"川崎市宮前区","町名":"鷺沼","町丁目":"鷺沼三丁目"},"geometry":{"type":"LineString","coordinates":[[139.571304,35.578058],[139.571453,35.578075],[139.571942,35.578133],[139.572766,35.57823],[139.572896,35.578245]]}},{"type":"Feature","id":"kanagawa-saginuma-2","properties":{"識別id":"kanagawa-saginuma-2","都道府県":"神奈川県","利用時間":"","制限時間":60,"手数料":300,"制限事項1":"","制限事項2":"","曜日不明":1,"種別":"パーキング・メーター","普通車":1,"貨物用有り":0,"二輪車":0,"標章車専用有り":0,"設置区間":"鷺沼駅周辺：鷺沼1丁目","出典":"神奈川県警察 宮前警察署（パーキング・メーター等の設置場所）","区市町村":"川崎市宮前区","町名":"鷺沼","町丁目":"鷺沼一丁目"},"geometry":{"type":"LineString","coordinates":[[139.573494,35.578315],[139.573772,35.578348],[139.573838,35.578356],[139.573908,35.578364],[139.574401,35.578422],[139.574485,35.578436]]}},{"type":"Feature","id":"kanagawa-hiratsuka-1","properties":{"識別id":"kanagawa-hiratsuka-1","都道府県":"神奈川県","利用時間":"","制限時間":60,"手数料":300,"制限事項1":"","制限事項2":"","曜日不明":1,"種別":"パーキング・メーター","普通車":1,"貨物用有り":0,"二輪車":0,"標章車専用有り":0,"設置区間":"平塚駅周辺：浜大門通り（八幡大門通りの南北、道の両側）","出典":"神奈川県警察 平塚警察署（パーキング・メーター等の設置場所）","区市町村":"平塚市","町名":"宮の前","町丁目":"宮の前"},"geometry":{"type":"LineString","coordinates":[[139.350159,35.332048],[139.350188,35.331673],[139.350192,35.331624],[139.3502,35.331529],[139.350085,35.331522],[139.350093,35.331435],[139.350098,35.331383],[139.350187,35.330156],[139.350205,35.330011],[139.350226,35.329897],[139.350227,35.329894]]}},{"type":"Feature","id":"kanagawa-hiratsuka-2","properties":{"識別id":"kanagawa-hiratsuka-2","都道府県":"神奈川県","利用時間":"","制限時間":60,"手数料":300,"制限事項1":"","制限事項2":"","曜日不明":1,"種別":"パーキング・メーター","普通車":1,"貨物用有り":0,"二輪車":0,"標章車専用有り":0,"設置区間":"平塚駅周辺：明石町・見附町、西の南北の道","出典":"神奈川県警察 平塚警察署（パーキング・メーター等の設置場所）","区市町村":"平塚市","町名":"紅谷町","町丁目":"紅谷町"},"geometry":{"type":"LineString","coordinates":[[139.347332,35.330475],[139.347345,35.330412],[139.347411,35.330087],[139.347422,35.330034],[139.347481,35.329772],[139.347496,35.329715],[139.347518,35.329621],[139.347534,35.329539],[139.347544,35.329481],[139.347583,35.329245],[139.347591,35.329196],[139.347601,35.329139],[139.347631,35.328976]]}},{"type":"Feature","id":"kanagawa-hiratsuka-3","properties":{"識別id":"kanagawa-hiratsuka-3","都道府県":"神奈川県","利用時間":"","制限時間":60,"手数料":300,"制限事項1":"","制限事項2":"","曜日不明":1,"種別":"パーキング・メーター","普通車":1,"貨物用有り":0,"二輪車":0,"標章車専用有り":0,"設置区間":"平塚駅周辺：見附町・宮の前、駅北の東西の道（西）","出典":"神奈川県警察 平塚警察署（パーキング・メーター等の設置場所）","区市町村":"平塚市","町名":"紅谷町","町丁目":"紅谷町"},"geometry":{"type":"LineString","coordinates":[[139.346019,35.328811],[139.347127,35.329108]]}},{"type":"Feature","id":"kanagawa-hiratsuka-4","properties":{"識別id":"kanagawa-hiratsuka-4","都道府県":"神奈川県","利用時間":"","制限時間":60,"手数料":300,"制限事項1":"","制限事項2":"","曜日不明":1,"種別":"パーキング・メーター","普通車":1,"貨物用有り":0,"二輪車":0,"標章車専用有り":0,"設置区間":"平塚駅周辺：宮の前・明石町、駅北の東西の道","出典":"神奈川県警察 平塚警察署（パーキング・メーター等の設置場所）","区市町村":"平塚市","町名":"紅谷町","町丁目":"紅谷町"},"geometry":{"type":"LineString","coordinates":[[139.347286,35.329151],[139.347331,35.329163],[139.347527,35.329189],[139.347591,35.329196],[139.347655,35.329203],[139.348549,35.329279],[139.349584,35.329392]]}},{"type":"Feature","id":"kanagawa-hiratsuka-5","properties":{"識別id":"kanagawa-hiratsuka-5","都道府県":"神奈川県","利用時間":"","制限時間":60,"手数料":300,"制限事項1":"","制限事項2":"","曜日不明":1,"種別":"パーキング・メーター","普通車":1,"貨物用有り":0,"二輪車":0,"標章車専用有り":0,"設置区間":"平塚駅周辺：老松町、浜大門通りの東（道の両側）","出典":"神奈川県警察 平塚警察署（パーキング・メーター等の設置場所）","区市町村":"平塚市","町名":"宝町","町丁目":"宝町"},"geometry":{"type":"LineString","coordinates":[[139.351338,35.329681],[139.352324,35.329796],[139.35394,35.330031],[139.353983,35.330037],[139.354003,35.33004],[139.353994,35.330085],[139.353938,35.330368]]}},{"type":"Feature","id":"kanagawa-hiratsuka-6","properties":{"識別id":"kanagawa-hiratsuka-6","都道府県":"神奈川県","利用時間":"","制限時間":60,"手数料":300,"制限事項1":"","制限事項2":"","曜日不明":1,"種別":"パーキング・メーター","普通車":1,"貨物用有り":0,"二輪車":0,"標章車専用有り":0,"設置区間":"平塚駅周辺：宝町、南の東西の道","出典":"神奈川県警察 平塚警察署（パーキング・メーター等の設置場所）","区市町村":"平塚市","町名":"宝町","町丁目":"宝町"},"geometry":{"type":"LineString","coordinates":[[139.351256,35.329147],[139.351634,35.329225],[139.352068,35.329314]]}},{"type":"Feature","id":"kanagawa-hiratsuka-7","properties":{"識別id":"kanagawa-hiratsuka-7","都道府県":"神奈川県","利用時間":"","制限時間":60,"手数料":300,"制限事項1":"","制限事項2":"","曜日不明":1,"種別":"パーキング・メーター","普通車":1,"貨物用有り":0,"二輪車":0,"標章車専用有り":0,"設置区間":"平塚駅周辺：宝町、南の東西の道（東）","出典":"神奈川県警察 平塚警察署（パーキング・メーター等の設置場所）","区市町村":"平塚市","町名":"宝町","町丁目":"宝町"},"geometry":{"type":"LineString","coordinates":[[139.353372,35.329453],[139.353895,35.329421],[139.35404,35.329411],[139.354129,35.329405],[139.354218,35.329399],[139.354365,35.329389],[139.355405,35.329316],[139.355493,35.329312],[139.356147,35.329263]]}},{"type":"Feature","id":"kanagawa-fujisawa-1","properties":{"識別id":"kanagawa-fujisawa-1","都道府県":"神奈川県","利用時間":"","制限時間":60,"手数料":300,"制限事項1":"","制限事項2":"","曜日不明":1,"種別":"パーキング・チケット","普通車":1,"貨物用有り":0,"二輪車":0,"標章車専用有り":0,"設置区間":"藤沢駅南口周辺：南藤沢、駅前広場の南西から南へ（道の両側）","出典":"神奈川県警察 藤沢警察署（パーキング・メーター等の設置場所）","区市町村":"藤沢市","町名":"南藤沢","町丁目":"南藤沢"},"geometry":{"type":"LineString","coordinates":[[139.487161,35.337849],[139.487162,35.337833],[139.487158,35.33781],[139.487151,35.337766],[139.487138,35.337729],[139.48691,35.337223]]}}]}